2026-02-04 17:17:42,871 - tournament_runner - INFO - Starting poker tournament...
2026-02-04 17:17:42,874 - bot_manager - INFO - Successfully loaded bot: ayden_random_but_not_random
2026-02-04 17:17:42,875 - bot_manager - INFO - Successfully loaded bot: conservative_bot
2026-02-04 17:17:42,875 - bot_manager - INFO - Successfully loaded bot: random_bot
2026-02-04 17:17:42,875 - bot_manager - INFO - Successfully loaded bot: aydenbutbetter
2026-02-04 17:17:42,876 - bot_manager - INFO - Successfully loaded bot: aggressive_bot
2026-02-04 17:17:42,876 - bot_manager - INFO - Loaded 5 bots successfully
2026-02-04 17:17:42,876 - tournament_runner - INFO - Loaded 5 bots: ['ayden_random_but_not_random', 'conservative_bot', 'random_bot', 'aydenbutbetter', 'aggressive_bot']
2026-02-04 17:17:42,876 - tournament - INFO - Tournament setup with 1 tables
2026-02-04 17:17:42,876 - tournament - INFO - Table 1: ['aggressive_bot', 'conservative_bot', 'aydenbutbetter', 'ayden_random_but_not_random', 'random_bot']
2026-02-04 17:17:42,876 - tournament_runner - INFO - Starting hand #1 on table 1
2026-02-04 17:17:42,877 - engine.poker_game - INFO - conservative_bot posts small blind: 10
2026-02-04 17:17:42,877 - engine.poker_game - INFO - aydenbutbetter posts big blind: 20
2026-02-04 17:17:42,877 - engine.poker_game - INFO - 
==============================
--- NEW HAND ---
2026-02-04 17:17:42,877 - engine.poker_game - INFO - Dealer: aggressive_bot
2026-02-04 17:17:42,877 - engine.poker_game - INFO - aggressive_bot has PlayerHand(cards=[J♠, 7♦]) (chips: 1000)
2026-02-04 17:17:42,877 - engine.poker_game - INFO - conservative_bot has PlayerHand(cards=[3♠, A♦]) (chips: 990)
2026-02-04 17:17:42,877 - engine.poker_game - INFO - aydenbutbetter has PlayerHand(cards=[9♥, Q♦]) (chips: 980)
2026-02-04 17:17:42,877 - engine.poker_game - INFO - ayden_random_but_not_random has PlayerHand(cards=[Q♥, 8♣]) (chips: 1000)
2026-02-04 17:17:42,878 - engine.poker_game - INFO - random_bot has PlayerHand(cards=[K♠, Q♠]) (chips: 1000)
2026-02-04 17:17:42,878 - engine.poker_game - INFO - 
--- PRE-FLOP BETTING ---
2026-02-04 17:17:42,878 - engine.poker_game - INFO -   ayden_random_but_not_random raises to 43
2026-02-04 17:17:42,878 - engine.poker_game - INFO -   random_bot goes all-in for 1000
2026-02-04 17:17:42,878 - engine.poker_game - INFO -   aggressive_bot calls 1000
2026-02-04 17:17:42,878 - engine.poker_game - INFO -   conservative_bot folds
2026-02-04 17:17:42,879 - engine.poker_game - INFO -   aydenbutbetter folds
2026-02-04 17:17:42,879 - engine.poker_game - INFO -   ayden_random_but_not_random folds
2026-02-04 17:17:42,879 - engine.poker_game - INFO - Community Cards: []
2026-02-04 17:17:42,879 - engine.poker_game - INFO - Pot: 2073
2026-02-04 17:17:42,879 - engine.poker_game - INFO - --------------------
2026-02-04 17:17:42,879 - engine.poker_game - INFO - FLOP: [5♦, 6♥, 10♦]
2026-02-04 17:17:42,879 - engine.poker_game - INFO - 
--- FLOP BETTING ---
2026-02-04 17:17:42,879 - engine.poker_game - INFO - Community Cards: [5♦, 6♥, 10♦]
2026-02-04 17:17:42,879 - engine.poker_game - INFO - Pot: 2073
2026-02-04 17:17:42,879 - engine.poker_game - INFO - --------------------
2026-02-04 17:17:42,879 - engine.poker_game - INFO - TURN: K♦
2026-02-04 17:17:42,880 - engine.poker_game - INFO - 
--- TURN BETTING ---
2026-02-04 17:17:42,880 - engine.poker_game - INFO - Community Cards: [5♦, 6♥, 10♦, K♦]
2026-02-04 17:17:42,880 - engine.poker_game - INFO - Pot: 2073
2026-02-04 17:17:42,880 - engine.poker_game - INFO - --------------------
2026-02-04 17:17:42,880 - engine.poker_game - INFO - RIVER: J♥
2026-02-04 17:17:42,880 - engine.poker_game - INFO - 
--- RIVER BETTING ---
2026-02-04 17:17:42,880 - engine.poker_game - INFO - Community Cards: [5♦, 6♥, 10♦, K♦, J♥]
2026-02-04 17:17:42,880 - engine.poker_game - INFO - Pot: 2073
2026-02-04 17:17:42,880 - engine.poker_game - INFO - --------------------
2026-02-04 17:17:42,880 - engine.poker_game - INFO - 
--- SHOWDOWN ---
2026-02-04 17:17:42,881 - engine.poker_game - INFO -   aggressive_bot: Hand: [J♠, 7♦] -> pair [J♠, 7♦, 10♦, K♦, J♥]
2026-02-04 17:17:42,881 - engine.poker_game - INFO -   random_bot: Hand: [K♠, Q♠] -> pair [K♠, Q♠, 10♦, K♦, J♥]
2026-02-04 17:17:42,882 - engine.poker_game - INFO - WINNERS: random_bot
2026-02-04 17:17:42,883 - engine.poker_game - INFO - random_bot wins 129 from side/main pot
2026-02-04 17:17:42,883 - engine.poker_game - INFO - random_bot wins 1914 from side/main pot
2026-02-04 17:17:42,883 - engine.poker_game - WARNING - Pot logic residual: 30
2026-02-04 17:17:42,883 - tournament.table_1 - INFO - Player aggressive_bot eliminated from table 1 on hand 0
2026-02-04 17:17:42,884 - tournament - INFO - Player aggressive_bot eliminated in position 5
2026-02-04 17:17:42,884 - tournament_runner - INFO - Hand #1 complete on table 1
2026-02-04 17:17:42,884 - tournament_runner - INFO - Starting hand #2 on table 1
2026-02-04 17:17:42,884 - engine.poker_game - INFO - ayden_random_but_not_random posts small blind: 10
2026-02-04 17:17:42,884 - engine.poker_game - INFO - random_bot posts big blind: 20
2026-02-04 17:17:42,884 - engine.poker_game - INFO - 
==============================
--- NEW HAND ---
2026-02-04 17:17:42,884 - engine.poker_game - INFO - Dealer: aydenbutbetter
2026-02-04 17:17:42,884 - engine.poker_game - INFO - conservative_bot has PlayerHand(cards=[10♠, 5♣]) (chips: 990)
2026-02-04 17:17:42,884 - engine.poker_game - INFO - aydenbutbetter has PlayerHand(cards=[7♦, A♥]) (chips: 980)
2026-02-04 17:17:42,884 - engine.poker_game - INFO - ayden_random_but_not_random has PlayerHand(cards=[3♥, Q♠]) (chips: 947)
2026-02-04 17:17:42,885 - engine.poker_game - INFO - random_bot has PlayerHand(cards=[K♠, 9♠]) (chips: 2053)
2026-02-04 17:17:42,885 - engine.poker_game - INFO - 
--- PRE-FLOP BETTING ---
2026-02-04 17:17:42,885 - engine.poker_game - INFO -   conservative_bot folds
2026-02-04 17:17:42,885 - engine.poker_game - INFO -   aydenbutbetter folds
2026-02-04 17:17:42,885 - engine.poker_game - INFO -   ayden_random_but_not_random raises to 41
2026-02-04 17:17:42,885 - engine.poker_game - INFO -   random_bot raises to 64
2026-02-04 17:17:42,885 - engine.poker_game - INFO -   ayden_random_but_not_random goes all-in for 916
2026-02-04 17:17:42,885 - engine.poker_game - INFO -   random_bot raises to 1506
2026-02-04 17:17:42,885 - engine.poker_game - INFO - Community Cards: []
2026-02-04 17:17:42,885 - engine.poker_game - INFO - Pot: 2463
2026-02-04 17:17:42,886 - engine.poker_game - INFO - --------------------
2026-02-04 17:17:42,886 - engine.poker_game - INFO - FLOP: [6♠, 4♦, 8♦]
2026-02-04 17:17:42,886 - engine.poker_game - INFO - 
--- FLOP BETTING ---
2026-02-04 17:17:42,886 - engine.poker_game - INFO -   random_bot raises to 489
2026-02-04 17:17:42,886 - engine.poker_game - INFO - Community Cards: [6♠, 4♦, 8♦]
2026-02-04 17:17:42,886 - engine.poker_game - INFO - Pot: 2952
2026-02-04 17:17:42,886 - engine.poker_game - INFO - --------------------
2026-02-04 17:17:42,886 - engine.poker_game - INFO - TURN: K♥
2026-02-04 17:17:42,886 - engine.poker_game - INFO - 
--- TURN BETTING ---
2026-02-04 17:17:42,886 - engine.poker_game - INFO -   random_bot folds
2026-02-04 17:17:42,886 - engine.poker_game - INFO - Community Cards: [6♠, 4♦, 8♦, K♥]
2026-02-04 17:17:42,887 - engine.poker_game - INFO - Pot: 2952
2026-02-04 17:17:42,887 - engine.poker_game - INFO - --------------------
2026-02-04 17:17:42,887 - engine.poker_game - INFO - ayden_random_but_not_random wins 1894 from side/main pot
2026-02-04 17:17:42,887 - engine.poker_game - WARNING - Pot logic residual: 1058
2026-02-04 17:17:42,887 - tournament_runner - INFO - Hand #2 complete on table 1
2026-02-04 17:17:42,887 - tournament_runner - INFO - Starting hand #3 on table 1
2026-02-04 17:17:42,887 - engine.poker_game - INFO - conservative_bot posts small blind: 10
2026-02-04 17:17:42,887 - engine.poker_game - INFO - aydenbutbetter posts big blind: 20
2026-02-04 17:17:42,887 - engine.poker_game - INFO - 
==============================
--- NEW HAND ---
2026-02-04 17:17:42,887 - engine.poker_game - INFO - Dealer: random_bot
2026-02-04 17:17:42,888 - engine.poker_game - INFO - conservative_bot has PlayerHand(cards=[4♣, 3♣]) (chips: 980)
2026-02-04 17:17:42,888 - engine.poker_game - INFO - aydenbutbetter has PlayerHand(cards=[8♦, 10♣]) (chips: 960)
2026-02-04 17:17:42,888 - engine.poker_game - INFO - ayden_random_but_not_random has PlayerHand(cards=[7♦, 10♠]) (chips: 2952)
2026-02-04 17:17:42,888 - engine.poker_game - INFO - random_bot has PlayerHand(cards=[K♦, J♣]) (chips: 78)
2026-02-04 17:17:42,888 - engine.poker_game - INFO - 
--- PRE-FLOP BETTING ---
2026-02-04 17:17:42,888 - engine.poker_game - INFO -   ayden_random_but_not_random raises to 42
2026-02-04 17:17:42,888 - engine.poker_game - INFO -   random_bot raises to 66
2026-02-04 17:17:42,888 - engine.poker_game - INFO -   conservative_bot folds
2026-02-04 17:17:42,889 - engine.poker_game - INFO -   aydenbutbetter folds
2026-02-04 17:17:42,889 - engine.poker_game - INFO -   ayden_random_but_not_random raises to 194
2026-02-04 17:17:42,889 - engine.poker_game - INFO -   random_bot goes all-in for 12
2026-02-04 17:17:42,889 - engine.poker_game - INFO - Community Cards: []
2026-02-04 17:17:42,889 - engine.poker_game - INFO - Pot: 302
2026-02-04 17:17:42,889 - engine.poker_game - INFO - --------------------
2026-02-04 17:17:42,889 - engine.poker_game - INFO - FLOP: [2♣, 8♣, 3♥]
2026-02-04 17:17:42,889 - engine.poker_game - INFO - 
--- FLOP BETTING ---
2026-02-04 17:17:42,889 - engine.poker_game - INFO -   ayden_random_but_not_random goes all-in for 2758
2026-02-04 17:17:42,889 - engine.poker_game - INFO - Community Cards: [2♣, 8♣, 3♥]
2026-02-04 17:17:42,889 - engine.poker_game - INFO - Pot: 3060
2026-02-04 17:17:42,890 - engine.poker_game - INFO - --------------------
2026-02-04 17:17:42,890 - engine.poker_game - INFO - TURN: 6♦
2026-02-04 17:17:42,890 - engine.poker_game - INFO - 
--- TURN BETTING ---
2026-02-04 17:17:42,890 - engine.poker_game - INFO - Community Cards: [2♣, 8♣, 3♥, 6♦]
2026-02-04 17:17:42,890 - engine.poker_game - INFO - Pot: 3060
2026-02-04 17:17:42,890 - engine.poker_game - INFO - --------------------
2026-02-04 17:17:42,890 - engine.poker_game - INFO - RIVER: A♣
2026-02-04 17:17:42,890 - engine.poker_game - INFO - 
--- RIVER BETTING ---
2026-02-04 17:17:42,890 - engine.poker_game - INFO - Community Cards: [2♣, 8♣, 3♥, 6♦, A♣]
2026-02-04 17:17:42,890 - engine.poker_game - INFO - Pot: 3060
2026-02-04 17:17:42,890 - engine.poker_game - INFO - --------------------
2026-02-04 17:17:42,890 - engine.poker_game - INFO - 
--- SHOWDOWN ---
2026-02-04 17:17:42,891 - engine.poker_game - INFO -   ayden_random_but_not_random: Hand: [7♦, 10♠] -> high_card [7♦, 10♠, 8♣, 6♦, A♣]
2026-02-04 17:17:42,891 - engine.poker_game - INFO -   random_bot: Hand: [K♦, J♣] -> high_card [K♦, J♣, 8♣, 6♦, A♣]
2026-02-04 17:17:42,892 - engine.poker_game - INFO - WINNERS: random_bot
2026-02-04 17:17:42,893 - engine.poker_game - INFO - random_bot wins 156 from side/main pot
2026-02-04 17:17:42,893 - engine.poker_game - INFO - ayden_random_but_not_random wins 2874 from side/main pot
2026-02-04 17:17:42,893 - engine.poker_game - WARNING - Pot logic residual: 30
2026-02-04 17:17:42,893 - tournament_runner - INFO - Hand #3 complete on table 1
2026-02-04 17:17:42,893 - tournament_runner - INFO - Starting hand #4 on table 1
2026-02-04 17:17:42,893 - engine.poker_game - INFO - aydenbutbetter posts small blind: 10
2026-02-04 17:17:42,893 - engine.poker_game - INFO - ayden_random_but_not_random posts big blind: 20
2026-02-04 17:17:42,893 - engine.poker_game - INFO - 
==============================
--- NEW HAND ---
2026-02-04 17:17:42,893 - engine.poker_game - INFO - Dealer: conservative_bot
2026-02-04 17:17:42,893 - engine.poker_game - INFO - conservative_bot has PlayerHand(cards=[Q♣, 9♣]) (chips: 980)
2026-02-04 17:17:42,894 - engine.poker_game - INFO - aydenbutbetter has PlayerHand(cards=[3♠, A♠]) (chips: 950)
2026-02-04 17:17:42,894 - engine.poker_game - INFO - ayden_random_but_not_random has PlayerHand(cards=[6♦, 9♥]) (chips: 2854)
2026-02-04 17:17:42,894 - engine.poker_game - INFO - random_bot has PlayerHand(cards=[Q♠, Q♥]) (chips: 186)
2026-02-04 17:17:42,894 - engine.poker_game - INFO - 
--- PRE-FLOP BETTING ---
2026-02-04 17:17:42,894 - engine.poker_game - INFO -   random_bot calls 20
2026-02-04 17:17:42,894 - engine.poker_game - INFO -   conservative_bot folds
2026-02-04 17:17:42,894 - bot_manager.aydenbutbetter - WARNING - Bot aydenbutbetter attempted invalid raise amount 16, folding instead
2026-02-04 17:17:42,894 - engine.poker_game - INFO -   aydenbutbetter folds
2026-02-04 17:17:42,895 - engine.poker_game - INFO -   ayden_random_but_not_random goes all-in for 2854
2026-02-04 17:17:42,895 - engine.poker_game - INFO -   random_bot folds
2026-02-04 17:17:42,895 - engine.poker_game - INFO - Community Cards: []
2026-02-04 17:17:42,895 - engine.poker_game - INFO - Pot: 2904
2026-02-04 17:17:42,895 - engine.poker_game - INFO - --------------------
2026-02-04 17:17:42,895 - engine.poker_game - INFO - ayden_random_but_not_random wins 40 from side/main pot
2026-02-04 17:17:42,895 - engine.poker_game - INFO - ayden_random_but_not_random wins 2834 from side/main pot
2026-02-04 17:17:42,895 - engine.poker_game - WARNING - Pot logic residual: 30
2026-02-04 17:17:42,895 - tournament_runner - INFO - Hand #4 complete on table 1
2026-02-04 17:17:42,895 - tournament_runner - INFO - Starting hand #5 on table 1
2026-02-04 17:17:42,895 - engine.poker_game - INFO - ayden_random_but_not_random posts small blind: 10
2026-02-04 17:17:42,895 - engine.poker_game - INFO - random_bot posts big blind: 20
2026-02-04 17:17:42,895 - engine.poker_game - INFO - 
==============================
--- NEW HAND ---
2026-02-04 17:17:42,896 - engine.poker_game - INFO - Dealer: aydenbutbetter
2026-02-04 17:17:42,896 - engine.poker_game - INFO - conservative_bot has PlayerHand(cards=[A♥, 2♠]) (chips: 980)
2026-02-04 17:17:42,896 - engine.poker_game - INFO - aydenbutbetter has PlayerHand(cards=[3♦, 3♠]) (chips: 950)
2026-02-04 17:17:42,896 - engine.poker_game - INFO - ayden_random_but_not_random has PlayerHand(cards=[9♥, 8♣]) (chips: 2894)
2026-02-04 17:17:42,896 - engine.poker_game - INFO - random_bot has PlayerHand(cards=[9♠, 10♣]) (chips: 146)
2026-02-04 17:17:42,896 - engine.poker_game - INFO - 
--- PRE-FLOP BETTING ---
2026-02-04 17:17:42,896 - engine.poker_game - INFO -   conservative_bot folds
2026-02-04 17:17:42,896 - engine.poker_game - INFO -   aydenbutbetter folds
2026-02-04 17:17:42,896 - engine.poker_game - INFO -   ayden_random_but_not_random folds
2026-02-04 17:17:42,896 - engine.poker_game - INFO - Community Cards: []
2026-02-04 17:17:42,896 - engine.poker_game - INFO - Pot: 30
2026-02-04 17:17:42,897 - engine.poker_game - INFO - --------------------
2026-02-04 17:17:42,897 - tournament_runner - INFO - Hand #5 complete on table 1
2026-02-04 17:17:42,897 - tournament_runner - INFO - Starting hand #6 on table 1
2026-02-04 17:17:42,897 - engine.poker_game - INFO - random_bot posts small blind: 10
2026-02-04 17:17:42,897 - engine.poker_game - INFO - conservative_bot posts big blind: 20
2026-02-04 17:17:42,897 - engine.poker_game - INFO - 
==============================
--- NEW HAND ---
2026-02-04 17:17:42,897 - engine.poker_game - INFO - Dealer: ayden_random_but_not_random
2026-02-04 17:17:42,897 - engine.poker_game - INFO - conservative_bot has PlayerHand(cards=[J♠, 6♥]) (chips: 960)
2026-02-04 17:17:42,897 - engine.poker_game - INFO - aydenbutbetter has PlayerHand(cards=[5♥, J♦]) (chips: 950)
2026-02-04 17:17:42,897 - engine.poker_game - INFO - ayden_random_but_not_random has PlayerHand(cards=[7♠, 10♣]) (chips: 2894)
2026-02-04 17:17:42,898 - engine.poker_game - INFO - random_bot has PlayerHand(cards=[10♠, K♠]) (chips: 136)
2026-02-04 17:17:42,898 - engine.poker_game - INFO - 
--- PRE-FLOP BETTING ---
2026-02-04 17:17:42,898 - engine.poker_game - INFO -   aydenbutbetter folds
2026-02-04 17:17:42,898 - engine.poker_game - INFO -   ayden_random_but_not_random folds
2026-02-04 17:17:42,898 - engine.poker_game - INFO -   random_bot raises to 44
2026-02-04 17:17:42,898 - engine.poker_game - INFO -   conservative_bot folds
2026-02-04 17:17:42,898 - engine.poker_game - INFO - Community Cards: []
2026-02-04 17:17:42,898 - engine.poker_game - INFO - Pot: 64
2026-02-04 17:17:42,898 - engine.poker_game - INFO - --------------------
2026-02-04 17:17:42,898 - engine.poker_game - INFO - random_bot wins 34 from side/main pot
2026-02-04 17:17:42,899 - engine.poker_game - WARNING - Pot logic residual: 30
2026-02-04 17:17:42,899 - tournament_runner - INFO - Hand #6 complete on table 1
2026-02-04 17:17:42,899 - tournament_runner - INFO - Starting hand #7 on table 1
2026-02-04 17:17:42,899 - engine.poker_game - INFO - conservative_bot posts small blind: 10
2026-02-04 17:17:42,899 - engine.poker_game - INFO - aydenbutbetter posts big blind: 20
2026-02-04 17:17:42,899 - engine.poker_game - INFO - 
==============================
--- NEW HAND ---
2026-02-04 17:17:42,899 - engine.poker_game - INFO - Dealer: random_bot
2026-02-04 17:17:42,899 - engine.poker_game - INFO - conservative_bot has PlayerHand(cards=[Q♥, 7♦]) (chips: 950)
2026-02-04 17:17:42,899 - engine.poker_game - INFO - aydenbutbetter has PlayerHand(cards=[10♥, 7♠]) (chips: 930)
2026-02-04 17:17:42,899 - engine.poker_game - INFO - ayden_random_but_not_random has PlayerHand(cards=[4♣, J♠]) (chips: 2894)
2026-02-04 17:17:42,899 - engine.poker_game - INFO - random_bot has PlayerHand(cards=[3♠, 4♦]) (chips: 166)
2026-02-04 17:17:42,900 - engine.poker_game - INFO - 
--- PRE-FLOP BETTING ---
2026-02-04 17:17:42,900 - engine.poker_game - INFO -   ayden_random_but_not_random raises to 42
2026-02-04 17:17:42,900 - engine.poker_game - INFO -   random_bot folds
2026-02-04 17:17:42,900 - engine.poker_game - INFO -   conservative_bot folds
2026-02-04 17:17:42,900 - engine.poker_game - INFO -   aydenbutbetter folds
2026-02-04 17:17:42,900 - engine.poker_game - INFO - Community Cards: []
2026-02-04 17:17:42,900 - engine.poker_game - INFO - Pot: 72
2026-02-04 17:17:42,900 - engine.poker_game - INFO - --------------------
2026-02-04 17:17:42,900 - engine.poker_game - INFO - ayden_random_but_not_random wins 42 from side/main pot
2026-02-04 17:17:42,900 - engine.poker_game - WARNING - Pot logic residual: 30
2026-02-04 17:17:42,901 - tournament_runner - INFO - Hand #7 complete on table 1
2026-02-04 17:17:42,901 - tournament_runner - INFO - Starting hand #8 on table 1
2026-02-04 17:17:42,901 - engine.poker_game - INFO - aydenbutbetter posts small blind: 10
2026-02-04 17:17:42,901 - engine.poker_game - INFO - ayden_random_but_not_random posts big blind: 20
2026-02-04 17:17:42,901 - engine.poker_game - INFO - 
==============================
--- NEW HAND ---
2026-02-04 17:17:42,901 - engine.poker_game - INFO - Dealer: conservative_bot
2026-02-04 17:17:42,901 - engine.poker_game - INFO - conservative_bot has PlayerHand(cards=[K♠, J♦]) (chips: 950)
2026-02-04 17:17:42,901 - engine.poker_game - INFO - aydenbutbetter has PlayerHand(cards=[8♠, 6♥]) (chips: 920)
2026-02-04 17:17:42,901 - engine.poker_game - INFO - ayden_random_but_not_random has PlayerHand(cards=[3♥, Q♦]) (chips: 2904)
2026-02-04 17:17:42,901 - engine.poker_game - INFO - random_bot has PlayerHand(cards=[A♣, 2♣]) (chips: 166)
2026-02-04 17:17:42,901 - engine.poker_game - INFO - 
--- PRE-FLOP BETTING ---
2026-02-04 17:17:42,902 - engine.poker_game - INFO -   random_bot folds
2026-02-04 17:17:42,902 - engine.poker_game - INFO -   conservative_bot raises to 40
2026-02-04 17:17:42,902 - engine.poker_game - INFO -   aydenbutbetter folds
2026-02-04 17:17:42,902 - engine.poker_game - INFO -   ayden_random_but_not_random goes all-in for 2904
2026-02-04 17:17:42,902 - engine.poker_game - INFO -   conservative_bot folds
2026-02-04 17:17:42,902 - engine.poker_game - INFO - Community Cards: []
2026-02-04 17:17:42,902 - engine.poker_game - INFO - Pot: 2974
2026-02-04 17:17:42,902 - engine.poker_game - INFO - --------------------
2026-02-04 17:17:42,902 - engine.poker_game - INFO - ayden_random_but_not_random wins 80 from side/main pot
2026-02-04 17:17:42,903 - engine.poker_game - INFO - ayden_random_but_not_random wins 2864 from side/main pot
2026-02-04 17:17:42,903 - engine.poker_game - WARNING - Pot logic residual: 30
2026-02-04 17:17:42,903 - tournament_runner - INFO - Hand #8 complete on table 1
2026-02-04 17:17:42,903 - tournament_runner - INFO - Starting hand #9 on table 1
2026-02-04 17:17:42,903 - engine.poker_game - INFO - ayden_random_but_not_random posts small blind: 10
2026-02-04 17:17:42,903 - engine.poker_game - INFO - random_bot posts big blind: 20
2026-02-04 17:17:42,903 - engine.poker_game - INFO - 
==============================
--- NEW HAND ---
2026-02-04 17:17:42,903 - engine.poker_game - INFO - Dealer: aydenbutbetter
2026-02-04 17:17:42,903 - engine.poker_game - INFO - conservative_bot has PlayerHand(cards=[6♦, 9♥]) (chips: 910)
2026-02-04 17:17:42,903 - engine.poker_game - INFO - aydenbutbetter has PlayerHand(cards=[Q♥, 7♣]) (chips: 920)
2026-02-04 17:17:42,904 - engine.poker_game - INFO - ayden_random_but_not_random has PlayerHand(cards=[Q♦, 8♥]) (chips: 2964)
2026-02-04 17:17:42,904 - engine.poker_game - INFO - random_bot has PlayerHand(cards=[5♦, 4♠]) (chips: 146)
2026-02-04 17:17:42,904 - engine.poker_game - INFO - 
--- PRE-FLOP BETTING ---
2026-02-04 17:17:42,904 - engine.poker_game - INFO -   conservative_bot folds
2026-02-04 17:17:42,904 - engine.poker_game - INFO -   aydenbutbetter folds
2026-02-04 17:17:42,904 - engine.poker_game - INFO -   ayden_random_but_not_random calls 10
2026-02-04 17:17:42,904 - engine.poker_game - INFO -   random_bot goes all-in for 146
2026-02-04 17:17:42,904 - engine.poker_game - INFO -   ayden_random_but_not_random calls 146
2026-02-04 17:17:42,904 - engine.poker_game - INFO - Community Cards: []
2026-02-04 17:17:42,904 - engine.poker_game - INFO - Pot: 332
2026-02-04 17:17:42,905 - engine.poker_game - INFO - --------------------
2026-02-04 17:17:42,905 - engine.poker_game - INFO - FLOP: [3♠, J♠, 9♦]
2026-02-04 17:17:42,905 - engine.poker_game - INFO - 
--- FLOP BETTING ---
2026-02-04 17:17:42,905 - engine.poker_game - INFO -   ayden_random_but_not_random goes all-in for 2808
2026-02-04 17:17:42,905 - engine.poker_game - INFO - Community Cards: [3♠, J♠, 9♦]
2026-02-04 17:17:42,905 - engine.poker_game - INFO - Pot: 3140
2026-02-04 17:17:42,905 - engine.poker_game - INFO - --------------------
2026-02-04 17:17:42,906 - engine.poker_game - INFO - TURN: 4♥
2026-02-04 17:17:42,906 - engine.poker_game - INFO - 
--- TURN BETTING ---
2026-02-04 17:17:42,906 - engine.poker_game - INFO - Community Cards: [3♠, J♠, 9♦, 4♥]
2026-02-04 17:17:42,906 - engine.poker_game - INFO - Pot: 3140
2026-02-04 17:17:42,906 - engine.poker_game - INFO - --------------------
2026-02-04 17:17:42,906 - engine.poker_game - INFO - RIVER: Q♠
2026-02-04 17:17:42,906 - engine.poker_game - INFO - 
--- RIVER BETTING ---
2026-02-04 17:17:42,907 - engine.poker_game - INFO - Community Cards: [3♠, J♠, 9♦, 4♥, Q♠]
2026-02-04 17:17:42,907 - engine.poker_game - INFO - Pot: 3140
2026-02-04 17:17:42,907 - engine.poker_game - INFO - --------------------
2026-02-04 17:17:42,907 - engine.poker_game - INFO - 
--- SHOWDOWN ---
2026-02-04 17:17:42,907 - engine.poker_game - INFO -   ayden_random_but_not_random: Hand: [Q♦, 8♥] -> pair [Q♦, 8♥, J♠, 9♦, Q♠]
2026-02-04 17:17:42,908 - engine.poker_game - INFO -   random_bot: Hand: [5♦, 4♠] -> pair [4♠, J♠, 9♦, 4♥, Q♠]
2026-02-04 17:17:42,909 - engine.poker_game - INFO - WINNERS: ayden_random_but_not_random
2026-02-04 17:17:42,910 - engine.poker_game - INFO - ayden_random_but_not_random wins 292 from side/main pot
2026-02-04 17:17:42,910 - engine.poker_game - INFO - ayden_random_but_not_random wins 2818 from side/main pot
2026-02-04 17:17:42,910 - engine.poker_game - WARNING - Pot logic residual: 30
2026-02-04 17:17:42,910 - tournament.table_1 - INFO - Player random_bot eliminated from table 1 on hand 8
2026-02-04 17:17:42,910 - tournament - INFO - Player random_bot eliminated in position 4
2026-02-04 17:17:42,910 - tournament_runner - INFO - Hand #9 complete on table 1
2026-02-04 17:17:42,911 - tournament_runner - INFO - Starting hand #10 on table 1
2026-02-04 17:17:42,911 - engine.poker_game - INFO - aydenbutbetter posts small blind: 10
2026-02-04 17:17:42,911 - engine.poker_game - INFO - ayden_random_but_not_random posts big blind: 20
2026-02-04 17:17:42,911 - engine.poker_game - INFO - 
==============================
--- NEW HAND ---
2026-02-04 17:17:42,911 - engine.poker_game - INFO - Dealer: conservative_bot
2026-02-04 17:17:42,911 - engine.poker_game - INFO - conservative_bot has PlayerHand(cards=[7♦, 10♠]) (chips: 910)
2026-02-04 17:17:42,912 - engine.poker_game - INFO - aydenbutbetter has PlayerHand(cards=[A♠, 8♦]) (chips: 910)
2026-02-04 17:17:42,912 - engine.poker_game - INFO - ayden_random_but_not_random has PlayerHand(cards=[10♣, J♥]) (chips: 3120)
2026-02-04 17:17:42,912 - engine.poker_game - INFO - 
--- PRE-FLOP BETTING ---
2026-02-04 17:17:42,912 - engine.poker_game - INFO -   conservative_bot folds
2026-02-04 17:17:42,912 - engine.poker_game - INFO -   aydenbutbetter folds
2026-02-04 17:17:42,912 - engine.poker_game - INFO - Community Cards: []
2026-02-04 17:17:42,912 - engine.poker_game - INFO - Pot: 30
2026-02-04 17:17:42,913 - engine.poker_game - INFO - --------------------
2026-02-04 17:17:42,913 - tournament_runner - INFO - Hand #10 complete on table 1
2026-02-04 17:17:42,913 - tournament_runner - INFO - Starting hand #11 on table 1
2026-02-04 17:17:42,913 - engine.poker_game - INFO - ayden_random_but_not_random posts small blind: 10
2026-02-04 17:17:42,913 - engine.poker_game - INFO - conservative_bot posts big blind: 20
2026-02-04 17:17:42,914 - engine.poker_game - INFO - 
==============================
--- NEW HAND ---
2026-02-04 17:17:42,914 - engine.poker_game - INFO - Dealer: aydenbutbetter
2026-02-04 17:17:42,914 - engine.poker_game - INFO - conservative_bot has PlayerHand(cards=[A♠, 7♣]) (chips: 890)
2026-02-04 17:17:42,914 - engine.poker_game - INFO - aydenbutbetter has PlayerHand(cards=[3♦, 8♥]) (chips: 910)
2026-02-04 17:17:42,914 - engine.poker_game - INFO - ayden_random_but_not_random has PlayerHand(cards=[6♠, Q♥]) (chips: 3110)
2026-02-04 17:17:42,914 - engine.poker_game - INFO - 
--- PRE-FLOP BETTING ---
2026-02-04 17:17:42,914 - engine.poker_game - INFO -   aydenbutbetter folds
2026-02-04 17:17:42,915 - engine.poker_game - INFO -   ayden_random_but_not_random folds
2026-02-04 17:17:42,915 - engine.poker_game - INFO - Community Cards: []
2026-02-04 17:17:42,915 - engine.poker_game - INFO - Pot: 30
2026-02-04 17:17:42,915 - engine.poker_game - INFO - --------------------
2026-02-04 17:17:42,915 - tournament_runner - INFO - Hand #11 complete on table 1
2026-02-04 17:17:42,915 - tournament_runner - INFO - Starting hand #12 on table 1
2026-02-04 17:17:42,916 - engine.poker_game - INFO - conservative_bot posts small blind: 10
2026-02-04 17:17:42,916 - engine.poker_game - INFO - aydenbutbetter posts big blind: 20
2026-02-04 17:17:42,916 - engine.poker_game - INFO - 
==============================
--- NEW HAND ---
2026-02-04 17:17:42,916 - engine.poker_game - INFO - Dealer: ayden_random_but_not_random
2026-02-04 17:17:42,916 - engine.poker_game - INFO - conservative_bot has PlayerHand(cards=[4♥, J♥]) (chips: 880)
2026-02-04 17:17:42,916 - engine.poker_game - INFO - aydenbutbetter has PlayerHand(cards=[Q♣, 8♦]) (chips: 890)
2026-02-04 17:17:42,917 - engine.poker_game - INFO - ayden_random_but_not_random has PlayerHand(cards=[10♦, 3♥]) (chips: 3110)
2026-02-04 17:17:42,917 - engine.poker_game - INFO - 
--- PRE-FLOP BETTING ---
2026-02-04 17:17:42,917 - engine.poker_game - INFO -   ayden_random_but_not_random goes all-in for 3110
2026-02-04 17:17:42,917 - engine.poker_game - INFO -   conservative_bot folds
2026-02-04 17:17:42,917 - engine.poker_game - INFO -   aydenbutbetter folds
2026-02-04 17:17:42,918 - engine.poker_game - INFO - Community Cards: []
2026-02-04 17:17:42,918 - engine.poker_game - INFO - Pot: 3140
2026-02-04 17:17:42,918 - engine.poker_game - INFO - --------------------
2026-02-04 17:17:42,918 - engine.poker_game - INFO - ayden_random_but_not_random wins 3110 from side/main pot
2026-02-04 17:17:42,918 - engine.poker_game - WARNING - Pot logic residual: 30
2026-02-04 17:17:42,918 - tournament_runner - INFO - Hand #12 complete on table 1
2026-02-04 17:17:42,919 - tournament_runner - INFO - Starting hand #13 on table 1
2026-02-04 17:17:42,919 - engine.poker_game - INFO - aydenbutbetter posts small blind: 10
2026-02-04 17:17:42,919 - engine.poker_game - INFO - ayden_random_but_not_random posts big blind: 20
2026-02-04 17:17:42,919 - engine.poker_game - INFO - 
==============================
--- NEW HAND ---
2026-02-04 17:17:42,919 - engine.poker_game - INFO - Dealer: conservative_bot
2026-02-04 17:17:42,919 - engine.poker_game - INFO - conservative_bot has PlayerHand(cards=[6♦, 5♣]) (chips: 880)
2026-02-04 17:17:42,920 - engine.poker_game - INFO - aydenbutbetter has PlayerHand(cards=[9♥, 7♥]) (chips: 880)
2026-02-04 17:17:42,920 - engine.poker_game - INFO - ayden_random_but_not_random has PlayerHand(cards=[4♥, Q♣]) (chips: 3120)
2026-02-04 17:17:42,920 - engine.poker_game - INFO - 
--- PRE-FLOP BETTING ---
2026-02-04 17:17:42,920 - engine.poker_game - INFO -   conservative_bot folds
2026-02-04 17:17:42,920 - bot_manager.aydenbutbetter - WARNING - Bot aydenbutbetter attempted invalid raise amount 10, folding instead
2026-02-04 17:17:42,920 - engine.poker_game - INFO -   aydenbutbetter folds
2026-02-04 17:17:42,921 - engine.poker_game - INFO - Community Cards: []
2026-02-04 17:17:42,921 - engine.poker_game - INFO - Pot: 30
2026-02-04 17:17:42,921 - engine.poker_game - INFO - --------------------
2026-02-04 17:17:42,921 - tournament_runner - INFO - Hand #13 complete on table 1
2026-02-04 17:17:42,921 - tournament_runner - INFO - Starting hand #14 on table 1
2026-02-04 17:17:42,922 - engine.poker_game - INFO - ayden_random_but_not_random posts small blind: 10
2026-02-04 17:17:42,922 - engine.poker_game - INFO - conservative_bot posts big blind: 20
2026-02-04 17:17:42,922 - engine.poker_game - INFO - 
==============================
--- NEW HAND ---
2026-02-04 17:17:42,922 - engine.poker_game - INFO - Dealer: aydenbutbetter
2026-02-04 17:17:42,922 - engine.poker_game - INFO - conservative_bot has PlayerHand(cards=[10♣, K♥]) (chips: 860)
2026-02-04 17:17:42,922 - engine.poker_game - INFO - aydenbutbetter has PlayerHand(cards=[J♣, 5♣]) (chips: 880)
2026-02-04 17:17:42,923 - engine.poker_game - INFO - ayden_random_but_not_random has PlayerHand(cards=[3♠, 5♥]) (chips: 3110)
2026-02-04 17:17:42,923 - engine.poker_game - INFO - 
--- PRE-FLOP BETTING ---
2026-02-04 17:17:42,923 - bot_manager.aydenbutbetter - WARNING - Bot aydenbutbetter attempted invalid raise amount 10, folding instead
2026-02-04 17:17:42,923 - engine.poker_game - INFO -   aydenbutbetter folds
2026-02-04 17:17:42,923 - engine.poker_game - INFO -   ayden_random_but_not_random raises to 42
2026-02-04 17:17:42,923 - engine.poker_game - INFO -   conservative_bot folds
2026-02-04 17:17:42,923 - engine.poker_game - INFO - Community Cards: []
2026-02-04 17:17:42,924 - engine.poker_game - INFO - Pot: 62
2026-02-04 17:17:42,924 - engine.poker_game - INFO - --------------------
2026-02-04 17:17:42,924 - engine.poker_game - INFO - ayden_random_but_not_random wins 32 from side/main pot
2026-02-04 17:17:42,924 - engine.poker_game - WARNING - Pot logic residual: 30
2026-02-04 17:17:42,924 - tournament_runner - INFO - Hand #14 complete on table 1
2026-02-04 17:17:42,924 - tournament_runner - INFO - Starting hand #15 on table 1
2026-02-04 17:17:42,924 - engine.poker_game - INFO - conservative_bot posts small blind: 10
2026-02-04 17:17:42,924 - engine.poker_game - INFO - aydenbutbetter posts big blind: 20
2026-02-04 17:17:42,925 - engine.poker_game - INFO - 
==============================
--- NEW HAND ---
2026-02-04 17:17:42,925 - engine.poker_game - INFO - Dealer: ayden_random_but_not_random
2026-02-04 17:17:42,925 - engine.poker_game - INFO - conservative_bot has PlayerHand(cards=[K♠, 2♦]) (chips: 850)
2026-02-04 17:17:42,925 - engine.poker_game - INFO - aydenbutbetter has PlayerHand(cards=[7♥, Q♦]) (chips: 860)
2026-02-04 17:17:42,925 - engine.poker_game - INFO - ayden_random_but_not_random has PlayerHand(cards=[3♦, 4♣]) (chips: 3140)
2026-02-04 17:17:42,925 - engine.poker_game - INFO - 
--- PRE-FLOP BETTING ---
2026-02-04 17:17:42,925 - engine.poker_game - INFO -   ayden_random_but_not_random folds
2026-02-04 17:17:42,926 - engine.poker_game - INFO -   conservative_bot folds
2026-02-04 17:17:42,926 - engine.poker_game - INFO - Community Cards: []
2026-02-04 17:17:42,926 - engine.poker_game - INFO - Pot: 30
2026-02-04 17:17:42,926 - engine.poker_game - INFO - --------------------
2026-02-04 17:17:42,926 - tournament_runner - INFO - Hand #15 complete on table 1
2026-02-04 17:17:42,927 - tournament_runner - INFO - Starting hand #16 on table 1
2026-02-04 17:17:42,927 - engine.poker_game - INFO - aydenbutbetter posts small blind: 10
2026-02-04 17:17:42,927 - engine.poker_game - INFO - ayden_random_but_not_random posts big blind: 20
2026-02-04 17:17:42,927 - engine.poker_game - INFO - 
==============================
--- NEW HAND ---
2026-02-04 17:17:42,927 - engine.poker_game - INFO - Dealer: conservative_bot
2026-02-04 17:17:42,927 - engine.poker_game - INFO - conservative_bot has PlayerHand(cards=[J♥, 6♠]) (chips: 850)
2026-02-04 17:17:42,928 - engine.poker_game - INFO - aydenbutbetter has PlayerHand(cards=[Q♥, 7♠]) (chips: 850)
2026-02-04 17:17:42,928 - engine.poker_game - INFO - ayden_random_but_not_random has PlayerHand(cards=[5♣, 2♥]) (chips: 3120)
2026-02-04 17:17:42,928 - engine.poker_game - INFO - 
--- PRE-FLOP BETTING ---
2026-02-04 17:17:42,928 - engine.poker_game - INFO -   conservative_bot folds
2026-02-04 17:17:42,928 - engine.poker_game - INFO -   aydenbutbetter folds
2026-02-04 17:17:42,929 - engine.poker_game - INFO - Community Cards: []
2026-02-04 17:17:42,929 - engine.poker_game - INFO - Pot: 30
2026-02-04 17:17:42,929 - engine.poker_game - INFO - --------------------
2026-02-04 17:17:42,929 - tournament_runner - INFO - Hand #16 complete on table 1
2026-02-04 17:17:42,929 - tournament_runner - INFO - Starting hand #17 on table 1
2026-02-04 17:17:42,929 - engine.poker_game - INFO - ayden_random_but_not_random posts small blind: 10
2026-02-04 17:17:42,930 - engine.poker_game - INFO - conservative_bot posts big blind: 20
2026-02-04 17:17:42,930 - engine.poker_game - INFO - 
==============================
--- NEW HAND ---
2026-02-04 17:17:42,930 - engine.poker_game - INFO - Dealer: aydenbutbetter
2026-02-04 17:17:42,930 - engine.poker_game - INFO - conservative_bot has PlayerHand(cards=[9♣, 3♠]) (chips: 830)
2026-02-04 17:17:42,930 - engine.poker_game - INFO - aydenbutbetter has PlayerHand(cards=[8♦, A♣]) (chips: 850)
2026-02-04 17:17:42,930 - engine.poker_game - INFO - ayden_random_but_not_random has PlayerHand(cards=[K♥, 10♣]) (chips: 3110)
2026-02-04 17:17:42,930 - engine.poker_game - INFO - 
--- PRE-FLOP BETTING ---
2026-02-04 17:17:42,931 - engine.poker_game - INFO -   aydenbutbetter folds
2026-02-04 17:17:42,931 - engine.poker_game - INFO -   ayden_random_but_not_random folds
2026-02-04 17:17:42,931 - engine.poker_game - INFO - Community Cards: []
2026-02-04 17:17:42,931 - engine.poker_game - INFO - Pot: 30
2026-02-04 17:17:42,931 - engine.poker_game - INFO - --------------------
2026-02-04 17:17:42,931 - tournament_runner - INFO - Hand #17 complete on table 1
2026-02-04 17:17:42,932 - tournament_runner - INFO - Starting hand #18 on table 1
2026-02-04 17:17:42,932 - engine.poker_game - INFO - conservative_bot posts small blind: 10
2026-02-04 17:17:42,932 - engine.poker_game - INFO - aydenbutbetter posts big blind: 20
2026-02-04 17:17:42,932 - engine.poker_game - INFO - 
==============================
--- NEW HAND ---
2026-02-04 17:17:42,932 - engine.poker_game - INFO - Dealer: ayden_random_but_not_random
2026-02-04 17:17:42,933 - engine.poker_game - INFO - conservative_bot has PlayerHand(cards=[3♠, K♥]) (chips: 820)
2026-02-04 17:17:42,933 - engine.poker_game - INFO - aydenbutbetter has PlayerHand(cards=[K♦, Q♦]) (chips: 830)
2026-02-04 17:17:42,933 - engine.poker_game - INFO - ayden_random_but_not_random has PlayerHand(cards=[7♥, Q♣]) (chips: 3110)
2026-02-04 17:17:42,933 - engine.poker_game - INFO - 
--- PRE-FLOP BETTING ---
2026-02-04 17:17:42,933 - engine.poker_game - INFO -   ayden_random_but_not_random folds
2026-02-04 17:17:42,933 - engine.poker_game - INFO -   conservative_bot folds
2026-02-04 17:17:42,934 - engine.poker_game - INFO - Community Cards: []
2026-02-04 17:17:42,934 - engine.poker_game - INFO - Pot: 30
2026-02-04 17:17:42,934 - engine.poker_game - INFO - --------------------
2026-02-04 17:17:42,934 - tournament_runner - INFO - Hand #18 complete on table 1
2026-02-04 17:17:42,934 - tournament_runner - INFO - Starting hand #19 on table 1
2026-02-04 17:17:42,934 - engine.poker_game - INFO - aydenbutbetter posts small blind: 10
2026-02-04 17:17:42,935 - engine.poker_game - INFO - ayden_random_but_not_random posts big blind: 20
2026-02-04 17:17:42,935 - engine.poker_game - INFO - 
==============================
--- NEW HAND ---
2026-02-04 17:17:42,935 - engine.poker_game - INFO - Dealer: conservative_bot
2026-02-04 17:17:42,935 - engine.poker_game - INFO - conservative_bot has PlayerHand(cards=[7♠, 6♦]) (chips: 820)
2026-02-04 17:17:42,935 - engine.poker_game - INFO - aydenbutbetter has PlayerHand(cards=[10♥, 5♠]) (chips: 820)
2026-02-04 17:17:42,935 - engine.poker_game - INFO - ayden_random_but_not_random has PlayerHand(cards=[5♥, 4♠]) (chips: 3090)
2026-02-04 17:17:42,935 - engine.poker_game - INFO - 
--- PRE-FLOP BETTING ---
2026-02-04 17:17:42,936 - engine.poker_game - INFO -   conservative_bot folds
2026-02-04 17:17:42,936 - engine.poker_game - INFO -   aydenbutbetter folds
2026-02-04 17:17:42,936 - engine.poker_game - INFO - Community Cards: []
2026-02-04 17:17:42,936 - engine.poker_game - INFO - Pot: 30
2026-02-04 17:17:42,936 - engine.poker_game - INFO - --------------------
2026-02-04 17:17:42,937 - tournament_runner - INFO - Hand #19 complete on table 1
2026-02-04 17:17:42,937 - tournament_runner - INFO - Starting hand #20 on table 1
2026-02-04 17:17:42,937 - engine.poker_game - INFO - ayden_random_but_not_random posts small blind: 10
2026-02-04 17:17:42,937 - engine.poker_game - INFO - conservative_bot posts big blind: 20
2026-02-04 17:17:42,938 - engine.poker_game - INFO - 
==============================
--- NEW HAND ---
2026-02-04 17:17:42,938 - engine.poker_game - INFO - Dealer: aydenbutbetter
2026-02-04 17:17:42,938 - engine.poker_game - INFO - conservative_bot has PlayerHand(cards=[A♣, A♥]) (chips: 800)
2026-02-04 17:17:42,938 - engine.poker_game - INFO - aydenbutbetter has PlayerHand(cards=[7♣, 3♠]) (chips: 820)
2026-02-04 17:17:42,939 - engine.poker_game - INFO - ayden_random_but_not_random has PlayerHand(cards=[8♦, 9♦]) (chips: 3080)
2026-02-04 17:17:42,939 - engine.poker_game - INFO - 
--- PRE-FLOP BETTING ---
2026-02-04 17:17:42,939 - engine.poker_game - INFO -   aydenbutbetter folds
2026-02-04 17:17:42,939 - engine.poker_game - INFO -   ayden_random_but_not_random folds
2026-02-04 17:17:42,939 - engine.poker_game - INFO - Community Cards: []
2026-02-04 17:17:42,940 - engine.poker_game - INFO - Pot: 30
2026-02-04 17:17:42,940 - engine.poker_game - INFO - --------------------
2026-02-04 17:17:42,940 - tournament_runner - INFO - Hand #20 complete on table 1
2026-02-04 17:17:42,940 - tournament_runner - INFO - Starting hand #21 on table 1
2026-02-04 17:17:42,940 - engine.poker_game - INFO - conservative_bot posts small blind: 10
2026-02-04 17:17:42,940 - engine.poker_game - INFO - aydenbutbetter posts big blind: 20
2026-02-04 17:17:42,941 - engine.poker_game - INFO - 
==============================
--- NEW HAND ---
2026-02-04 17:17:42,941 - engine.poker_game - INFO - Dealer: ayden_random_but_not_random
2026-02-04 17:17:42,941 - engine.poker_game - INFO - conservative_bot has PlayerHand(cards=[J♣, 10♦]) (chips: 790)
2026-02-04 17:17:42,941 - engine.poker_game - INFO - aydenbutbetter has PlayerHand(cards=[A♣, 8♦]) (chips: 800)
2026-02-04 17:17:42,941 - engine.poker_game - INFO - ayden_random_but_not_random has PlayerHand(cards=[10♣, 5♦]) (chips: 3080)
2026-02-04 17:17:42,942 - engine.poker_game - INFO - 
--- PRE-FLOP BETTING ---
2026-02-04 17:17:42,942 - engine.poker_game - INFO -   ayden_random_but_not_random raises to 42
2026-02-04 17:17:42,942 - engine.poker_game - INFO -   conservative_bot folds
2026-02-04 17:17:42,942 - engine.poker_game - INFO -   aydenbutbetter folds
2026-02-04 17:17:42,943 - engine.poker_game - INFO - Community Cards: []
2026-02-04 17:17:42,943 - engine.poker_game - INFO - Pot: 72
2026-02-04 17:17:42,943 - engine.poker_game - INFO - --------------------
2026-02-04 17:17:42,943 - engine.poker_game - INFO - ayden_random_but_not_random wins 42 from side/main pot
2026-02-04 17:17:42,943 - engine.poker_game - WARNING - Pot logic residual: 30
2026-02-04 17:17:42,943 - tournament_runner - INFO - Hand #21 complete on table 1
2026-02-04 17:17:42,944 - tournament_runner - INFO - Starting hand #22 on table 1
2026-02-04 17:17:42,944 - engine.poker_game - INFO - aydenbutbetter posts small blind: 10
2026-02-04 17:17:42,944 - engine.poker_game - INFO - ayden_random_but_not_random posts big blind: 20
2026-02-04 17:17:42,944 - engine.poker_game - INFO - 
==============================
--- NEW HAND ---
2026-02-04 17:17:42,944 - engine.poker_game - INFO - Dealer: conservative_bot
2026-02-04 17:17:42,945 - engine.poker_game - INFO - conservative_bot has PlayerHand(cards=[A♣, 2♦]) (chips: 790)
2026-02-04 17:17:42,945 - engine.poker_game - INFO - aydenbutbetter has PlayerHand(cards=[10♣, 3♦]) (chips: 790)
2026-02-04 17:17:42,945 - engine.poker_game - INFO - ayden_random_but_not_random has PlayerHand(cards=[Q♠, Q♥]) (chips: 3090)
2026-02-04 17:17:42,945 - engine.poker_game - INFO - 
--- PRE-FLOP BETTING ---
2026-02-04 17:17:42,945 - engine.poker_game - INFO -   conservative_bot folds
2026-02-04 17:17:42,946 - engine.poker_game - INFO -   aydenbutbetter folds
2026-02-04 17:17:42,946 - engine.poker_game - INFO - Community Cards: []
2026-02-04 17:17:42,946 - engine.poker_game - INFO - Pot: 30
2026-02-04 17:17:42,946 - engine.poker_game - INFO - --------------------
2026-02-04 17:17:42,946 - tournament_runner - INFO - Hand #22 complete on table 1
2026-02-04 17:17:42,946 - tournament_runner - INFO - Starting hand #23 on table 1
2026-02-04 17:17:42,947 - engine.poker_game - INFO - ayden_random_but_not_random posts small blind: 10
2026-02-04 17:17:42,947 - engine.poker_game - INFO - conservative_bot posts big blind: 20
2026-02-04 17:17:42,947 - engine.poker_game - INFO - 
==============================
--- NEW HAND ---
2026-02-04 17:17:42,947 - engine.poker_game - INFO - Dealer: aydenbutbetter
2026-02-04 17:17:42,947 - engine.poker_game - INFO - conservative_bot has PlayerHand(cards=[J♦, K♦]) (chips: 770)
2026-02-04 17:17:42,947 - engine.poker_game - INFO - aydenbutbetter has PlayerHand(cards=[4♥, J♥]) (chips: 790)
2026-02-04 17:17:42,947 - engine.poker_game - INFO - ayden_random_but_not_random has PlayerHand(cards=[Q♦, 10♠]) (chips: 3080)
2026-02-04 17:17:42,947 - engine.poker_game - INFO - 
--- PRE-FLOP BETTING ---
2026-02-04 17:17:42,948 - bot_manager.aydenbutbetter - WARNING - Bot aydenbutbetter attempted invalid raise amount 10, folding instead
2026-02-04 17:17:42,948 - engine.poker_game - INFO -   aydenbutbetter folds
2026-02-04 17:17:42,948 - engine.poker_game - INFO -   ayden_random_but_not_random goes all-in for 3080
2026-02-04 17:17:42,949 - engine.poker_game - INFO -   conservative_bot folds
2026-02-04 17:17:42,949 - engine.poker_game - INFO - Community Cards: []
2026-02-04 17:17:42,949 - engine.poker_game - INFO - Pot: 3110
2026-02-04 17:17:42,949 - engine.poker_game - INFO - --------------------
2026-02-04 17:17:42,950 - engine.poker_game - INFO - ayden_random_but_not_random wins 3080 from side/main pot
2026-02-04 17:17:42,950 - engine.poker_game - WARNING - Pot logic residual: 30
2026-02-04 17:17:42,950 - tournament_runner - INFO - Hand #23 complete on table 1
2026-02-04 17:17:42,950 - tournament_runner - INFO - Starting hand #24 on table 1
2026-02-04 17:17:42,951 - engine.poker_game - INFO - conservative_bot posts small blind: 10
2026-02-04 17:17:42,951 - engine.poker_game - INFO - aydenbutbetter posts big blind: 20
2026-02-04 17:17:42,951 - engine.poker_game - INFO - 
==============================
--- NEW HAND ---
2026-02-04 17:17:42,951 - engine.poker_game - INFO - Dealer: ayden_random_but_not_random
2026-02-04 17:17:42,951 - engine.poker_game - INFO - conservative_bot has PlayerHand(cards=[10♣, A♠]) (chips: 760)
2026-02-04 17:17:42,952 - engine.poker_game - INFO - aydenbutbetter has PlayerHand(cards=[8♦, 6♦]) (chips: 770)
2026-02-04 17:17:42,952 - engine.poker_game - INFO - ayden_random_but_not_random has PlayerHand(cards=[7♣, A♦]) (chips: 3110)
2026-02-04 17:17:42,952 - engine.poker_game - INFO - 
--- PRE-FLOP BETTING ---
2026-02-04 17:17:42,952 - engine.poker_game - INFO -   ayden_random_but_not_random raises to 45
2026-02-04 17:17:42,953 - engine.poker_game - INFO -   conservative_bot folds
2026-02-04 17:17:42,953 - bot_manager.aydenbutbetter - WARNING - Bot aydenbutbetter attempted invalid raise amount 25, folding instead
2026-02-04 17:17:42,953 - engine.poker_game - INFO -   aydenbutbetter folds
2026-02-04 17:17:42,953 - engine.poker_game - INFO - Community Cards: []
2026-02-04 17:17:42,954 - engine.poker_game - INFO - Pot: 75
2026-02-04 17:17:42,954 - engine.poker_game - INFO - --------------------
2026-02-04 17:17:42,954 - engine.poker_game - INFO - ayden_random_but_not_random wins 45 from side/main pot
2026-02-04 17:17:42,954 - engine.poker_game - WARNING - Pot logic residual: 30
2026-02-04 17:17:42,954 - tournament_runner - INFO - Hand #24 complete on table 1
2026-02-04 17:17:42,955 - tournament_runner - INFO - Starting hand #25 on table 1
2026-02-04 17:17:42,955 - engine.poker_game - INFO - aydenbutbetter posts small blind: 10
2026-02-04 17:17:42,955 - engine.poker_game - INFO - ayden_random_but_not_random posts big blind: 20
2026-02-04 17:17:42,955 - engine.poker_game - INFO - 
==============================
--- NEW HAND ---
2026-02-04 17:17:42,956 - engine.poker_game - INFO - Dealer: conservative_bot
2026-02-04 17:17:42,956 - engine.poker_game - INFO - conservative_bot has PlayerHand(cards=[J♣, 7♥]) (chips: 760)
2026-02-04 17:17:42,956 - engine.poker_game - INFO - aydenbutbetter has PlayerHand(cards=[4♠, 8♣]) (chips: 760)
2026-02-04 17:17:42,956 - engine.poker_game - INFO - ayden_random_but_not_random has PlayerHand(cards=[A♠, 6♠]) (chips: 3120)
2026-02-04 17:17:42,956 - engine.poker_game - INFO - 
--- PRE-FLOP BETTING ---
2026-02-04 17:17:42,957 - engine.poker_game - INFO -   conservative_bot folds
2026-02-04 17:17:42,957 - engine.poker_game - INFO -   aydenbutbetter folds
2026-02-04 17:17:42,957 - engine.poker_game - INFO - Community Cards: []
2026-02-04 17:17:42,957 - engine.poker_game - INFO - Pot: 30
2026-02-04 17:17:42,957 - engine.poker_game - INFO - --------------------
2026-02-04 17:17:42,958 - tournament_runner - INFO - Hand #25 complete on table 1
2026-02-04 17:17:42,958 - tournament_runner - INFO - Starting hand #26 on table 1
2026-02-04 17:17:42,958 - engine.poker_game - INFO - ayden_random_but_not_random posts small blind: 10
2026-02-04 17:17:42,958 - engine.poker_game - INFO - conservative_bot posts big blind: 20
2026-02-04 17:17:42,959 - engine.poker_game - INFO - 
==============================
--- NEW HAND ---
2026-02-04 17:17:42,959 - engine.poker_game - INFO - Dealer: aydenbutbetter
2026-02-04 17:17:42,959 - engine.poker_game - INFO - conservative_bot has PlayerHand(cards=[K♠, Q♣]) (chips: 740)
2026-02-04 17:17:42,959 - engine.poker_game - INFO - aydenbutbetter has PlayerHand(cards=[9♠, 6♣]) (chips: 760)
2026-02-04 17:17:42,959 - engine.poker_game - INFO - ayden_random_but_not_random has PlayerHand(cards=[5♥, 3♥]) (chips: 3110)
2026-02-04 17:17:42,959 - engine.poker_game - INFO - 
--- PRE-FLOP BETTING ---
2026-02-04 17:17:42,960 - engine.poker_game - INFO -   aydenbutbetter folds
2026-02-04 17:17:42,960 - engine.poker_game - INFO -   ayden_random_but_not_random folds
2026-02-04 17:17:42,960 - engine.poker_game - INFO - Community Cards: []
2026-02-04 17:17:42,960 - engine.poker_game - INFO - Pot: 30
2026-02-04 17:17:42,960 - engine.poker_game - INFO - --------------------
2026-02-04 17:17:42,960 - tournament_runner - INFO - Hand #26 complete on table 1
2026-02-04 17:17:42,960 - tournament_runner - INFO - Starting hand #27 on table 1
2026-02-04 17:17:42,961 - engine.poker_game - INFO - conservative_bot posts small blind: 10
2026-02-04 17:17:42,961 - engine.poker_game - INFO - aydenbutbetter posts big blind: 20
2026-02-04 17:17:42,961 - engine.poker_game - INFO - 
==============================
--- NEW HAND ---
2026-02-04 17:17:42,961 - engine.poker_game - INFO - Dealer: ayden_random_but_not_random
2026-02-04 17:17:42,961 - engine.poker_game - INFO - conservative_bot has PlayerHand(cards=[4♣, A♠]) (chips: 730)
2026-02-04 17:17:42,961 - engine.poker_game - INFO - aydenbutbetter has PlayerHand(cards=[2♠, 8♣]) (chips: 740)
2026-02-04 17:17:42,961 - engine.poker_game - INFO - ayden_random_but_not_random has PlayerHand(cards=[2♣, J♦]) (chips: 3110)
2026-02-04 17:17:42,962 - engine.poker_game - INFO - 
--- PRE-FLOP BETTING ---
2026-02-04 17:17:42,962 - engine.poker_game - INFO -   ayden_random_but_not_random raises to 40
2026-02-04 17:17:42,962 - engine.poker_game - INFO -   conservative_bot folds
2026-02-04 17:17:42,962 - engine.poker_game - INFO -   aydenbutbetter folds
2026-02-04 17:17:42,962 - engine.poker_game - INFO - Community Cards: []
2026-02-04 17:17:42,962 - engine.poker_game - INFO - Pot: 70
2026-02-04 17:17:42,962 - engine.poker_game - INFO - --------------------
2026-02-04 17:17:42,963 - engine.poker_game - INFO - ayden_random_but_not_random wins 40 from side/main pot
2026-02-04 17:17:42,963 - engine.poker_game - WARNING - Pot logic residual: 30
2026-02-04 17:17:42,963 - tournament_runner - INFO - Hand #27 complete on table 1
2026-02-04 17:17:42,963 - tournament_runner - INFO - Starting hand #28 on table 1
2026-02-04 17:17:42,963 - engine.poker_game - INFO - aydenbutbetter posts small blind: 10
2026-02-04 17:17:42,963 - engine.poker_game - INFO - ayden_random_but_not_random posts big blind: 20
2026-02-04 17:17:42,963 - engine.poker_game - INFO - 
==============================
--- NEW HAND ---
2026-02-04 17:17:42,964 - engine.poker_game - INFO - Dealer: conservative_bot
2026-02-04 17:17:42,964 - engine.poker_game - INFO - conservative_bot has PlayerHand(cards=[Q♦, 10♦]) (chips: 730)
2026-02-04 17:17:42,964 - engine.poker_game - INFO - aydenbutbetter has PlayerHand(cards=[8♣, K♣]) (chips: 730)
2026-02-04 17:17:42,964 - engine.poker_game - INFO - ayden_random_but_not_random has PlayerHand(cards=[5♦, A♥]) (chips: 3120)
2026-02-04 17:17:42,964 - engine.poker_game - INFO - 
--- PRE-FLOP BETTING ---
2026-02-04 17:17:42,964 - engine.poker_game - INFO -   conservative_bot folds
2026-02-04 17:17:42,964 - bot_manager.aydenbutbetter - WARNING - Bot aydenbutbetter attempted invalid raise amount 10, folding instead
2026-02-04 17:17:42,965 - engine.poker_game - INFO -   aydenbutbetter folds
2026-02-04 17:17:42,965 - engine.poker_game - INFO - Community Cards: []
2026-02-04 17:17:42,965 - engine.poker_game - INFO - Pot: 30
2026-02-04 17:17:42,965 - engine.poker_game - INFO - --------------------
2026-02-04 17:17:42,965 - tournament_runner - INFO - Hand #28 complete on table 1
2026-02-04 17:17:42,965 - tournament_runner - INFO - Starting hand #29 on table 1
2026-02-04 17:17:42,965 - engine.poker_game - INFO - ayden_random_but_not_random posts small blind: 10
2026-02-04 17:17:42,966 - engine.poker_game - INFO - conservative_bot posts big blind: 20
2026-02-04 17:17:42,966 - engine.poker_game - INFO - 
==============================
--- NEW HAND ---
2026-02-04 17:17:42,966 - engine.poker_game - INFO - Dealer: aydenbutbetter
2026-02-04 17:17:42,966 - engine.poker_game - INFO - conservative_bot has PlayerHand(cards=[4♦, 8♣]) (chips: 710)
2026-02-04 17:17:42,966 - engine.poker_game - INFO - aydenbutbetter has PlayerHand(cards=[10♦, J♠]) (chips: 730)
2026-02-04 17:17:42,966 - engine.poker_game - INFO - ayden_random_but_not_random has PlayerHand(cards=[3♦, 8♦]) (chips: 3110)
2026-02-04 17:17:42,966 - engine.poker_game - INFO - 
--- PRE-FLOP BETTING ---
2026-02-04 17:17:42,967 - engine.poker_game - INFO -   aydenbutbetter folds
2026-02-04 17:17:42,967 - engine.poker_game - INFO -   ayden_random_but_not_random raises to 44
2026-02-04 17:17:42,967 - engine.poker_game - INFO -   conservative_bot folds
2026-02-04 17:17:42,967 - engine.poker_game - INFO - Community Cards: []
2026-02-04 17:17:42,967 - engine.poker_game - INFO - Pot: 64
2026-02-04 17:17:42,967 - engine.poker_game - INFO - --------------------
2026-02-04 17:17:42,967 - engine.poker_game - INFO - ayden_random_but_not_random wins 34 from side/main pot
2026-02-04 17:17:42,967 - engine.poker_game - WARNING - Pot logic residual: 30
2026-02-04 17:17:42,968 - tournament_runner - INFO - Hand #29 complete on table 1
2026-02-04 17:17:42,968 - tournament_runner - INFO - Starting hand #30 on table 1
2026-02-04 17:17:42,968 - engine.poker_game - INFO - conservative_bot posts small blind: 10
2026-02-04 17:17:42,968 - engine.poker_game - INFO - aydenbutbetter posts big blind: 20
2026-02-04 17:17:42,968 - engine.poker_game - INFO - 
==============================
--- NEW HAND ---
2026-02-04 17:17:42,968 - engine.poker_game - INFO - Dealer: ayden_random_but_not_random
2026-02-04 17:17:42,968 - engine.poker_game - INFO - conservative_bot has PlayerHand(cards=[7♣, 5♦]) (chips: 700)
2026-02-04 17:17:42,968 - engine.poker_game - INFO - aydenbutbetter has PlayerHand(cards=[6♥, 3♥]) (chips: 710)
2026-02-04 17:17:42,969 - engine.poker_game - INFO - ayden_random_but_not_random has PlayerHand(cards=[6♦, 4♠]) (chips: 3140)
2026-02-04 17:17:42,969 - engine.poker_game - INFO - 
--- PRE-FLOP BETTING ---
2026-02-04 17:17:42,969 - engine.poker_game - INFO -   ayden_random_but_not_random folds
2026-02-04 17:17:42,969 - engine.poker_game - INFO -   conservative_bot folds
2026-02-04 17:17:42,969 - engine.poker_game - INFO - Community Cards: []
2026-02-04 17:17:42,969 - engine.poker_game - INFO - Pot: 30
2026-02-04 17:17:42,969 - engine.poker_game - INFO - --------------------
2026-02-04 17:17:42,969 - tournament_runner - INFO - Hand #30 complete on table 1
2026-02-04 17:17:42,970 - tournament_runner - INFO - Starting hand #31 on table 1
2026-02-04 17:17:42,970 - engine.poker_game - INFO - aydenbutbetter posts small blind: 10
2026-02-04 17:17:42,970 - engine.poker_game - INFO - ayden_random_but_not_random posts big blind: 20
2026-02-04 17:17:42,970 - engine.poker_game - INFO - 
==============================
--- NEW HAND ---
2026-02-04 17:17:42,970 - engine.poker_game - INFO - Dealer: conservative_bot
2026-02-04 17:17:42,970 - engine.poker_game - INFO - conservative_bot has PlayerHand(cards=[4♠, 2♦]) (chips: 700)
2026-02-04 17:17:42,970 - engine.poker_game - INFO - aydenbutbetter has PlayerHand(cards=[9♣, 3♣]) (chips: 700)
2026-02-04 17:17:42,970 - engine.poker_game - INFO - ayden_random_but_not_random has PlayerHand(cards=[Q♣, 4♣]) (chips: 3120)
2026-02-04 17:17:42,971 - engine.poker_game - INFO - 
--- PRE-FLOP BETTING ---
2026-02-04 17:17:42,971 - engine.poker_game - INFO -   conservative_bot folds
2026-02-04 17:17:42,971 - bot_manager.aydenbutbetter - WARNING - Bot aydenbutbetter attempted invalid raise amount 10, folding instead
2026-02-04 17:17:42,971 - engine.poker_game - INFO -   aydenbutbetter folds
2026-02-04 17:17:42,971 - engine.poker_game - INFO - Community Cards: []
2026-02-04 17:17:42,971 - engine.poker_game - INFO - Pot: 30
2026-02-04 17:17:42,971 - engine.poker_game - INFO - --------------------
2026-02-04 17:17:42,971 - tournament_runner - INFO - Hand #31 complete on table 1
2026-02-04 17:17:42,972 - tournament_runner - INFO - Starting hand #32 on table 1
2026-02-04 17:17:42,972 - engine.poker_game - INFO - ayden_random_but_not_random posts small blind: 10
2026-02-04 17:17:42,972 - engine.poker_game - INFO - conservative_bot posts big blind: 20
2026-02-04 17:17:42,972 - engine.poker_game - INFO - 
==============================
--- NEW HAND ---
2026-02-04 17:17:42,972 - engine.poker_game - INFO - Dealer: aydenbutbetter
2026-02-04 17:17:42,972 - engine.poker_game - INFO - conservative_bot has PlayerHand(cards=[Q♠, 10♠]) (chips: 680)
2026-02-04 17:17:42,973 - engine.poker_game - INFO - aydenbutbetter has PlayerHand(cards=[K♥, 10♥]) (chips: 700)
2026-02-04 17:17:42,973 - engine.poker_game - INFO - ayden_random_but_not_random has PlayerHand(cards=[5♥, 2♠]) (chips: 3110)
2026-02-04 17:17:42,973 - engine.poker_game - INFO - 
--- PRE-FLOP BETTING ---
2026-02-04 17:17:42,973 - bot_manager.aydenbutbetter - WARNING - Bot aydenbutbetter attempted invalid raise amount 10, folding instead
2026-02-04 17:17:42,973 - engine.poker_game - INFO -   aydenbutbetter folds
2026-02-04 17:17:42,973 - engine.poker_game - INFO -   ayden_random_but_not_random folds
2026-02-04 17:17:42,974 - engine.poker_game - INFO - Community Cards: []
2026-02-04 17:17:42,974 - engine.poker_game - INFO - Pot: 30
2026-02-04 17:17:42,974 - engine.poker_game - INFO - --------------------
2026-02-04 17:17:42,974 - tournament_runner - INFO - Hand #32 complete on table 1
2026-02-04 17:17:42,974 - tournament_runner - INFO - Starting hand #33 on table 1
2026-02-04 17:17:42,974 - engine.poker_game - INFO - conservative_bot posts small blind: 10
2026-02-04 17:17:42,974 - engine.poker_game - INFO - aydenbutbetter posts big blind: 20
2026-02-04 17:17:42,974 - engine.poker_game - INFO - 
==============================
--- NEW HAND ---
2026-02-04 17:17:42,975 - engine.poker_game - INFO - Dealer: ayden_random_but_not_random
2026-02-04 17:17:42,975 - engine.poker_game - INFO - conservative_bot has PlayerHand(cards=[7♠, 3♠]) (chips: 670)
2026-02-04 17:17:42,975 - engine.poker_game - INFO - aydenbutbetter has PlayerHand(cards=[2♥, 8♠]) (chips: 680)
2026-02-04 17:17:42,975 - engine.poker_game - INFO - ayden_random_but_not_random has PlayerHand(cards=[K♣, A♥]) (chips: 3110)
2026-02-04 17:17:42,975 - engine.poker_game - INFO - 
--- PRE-FLOP BETTING ---
2026-02-04 17:17:42,975 - engine.poker_game - INFO -   ayden_random_but_not_random raises to 42
2026-02-04 17:17:42,975 - engine.poker_game - INFO -   conservative_bot folds
2026-02-04 17:17:42,975 - engine.poker_game - INFO -   aydenbutbetter folds
2026-02-04 17:17:42,975 - engine.poker_game - INFO - Community Cards: []
2026-02-04 17:17:42,975 - engine.poker_game - INFO - Pot: 72
2026-02-04 17:17:42,976 - engine.poker_game - INFO - --------------------
2026-02-04 17:17:42,976 - engine.poker_game - INFO - ayden_random_but_not_random wins 42 from side/main pot
2026-02-04 17:17:42,976 - engine.poker_game - WARNING - Pot logic residual: 30
2026-02-04 17:17:42,976 - tournament_runner - INFO - Hand #33 complete on table 1
2026-02-04 17:17:42,976 - tournament_runner - INFO - Starting hand #34 on table 1
2026-02-04 17:17:42,976 - engine.poker_game - INFO - aydenbutbetter posts small blind: 10
2026-02-04 17:17:42,977 - engine.poker_game - INFO - ayden_random_but_not_random posts big blind: 20
2026-02-04 17:17:42,977 - engine.poker_game - INFO - 
==============================
--- NEW HAND ---
2026-02-04 17:17:42,977 - engine.poker_game - INFO - Dealer: conservative_bot
2026-02-04 17:17:42,977 - engine.poker_game - INFO - conservative_bot has PlayerHand(cards=[K♦, 9♦]) (chips: 670)
2026-02-04 17:17:42,977 - engine.poker_game - INFO - aydenbutbetter has PlayerHand(cards=[5♦, Q♣]) (chips: 670)
2026-02-04 17:17:42,977 - engine.poker_game - INFO - ayden_random_but_not_random has PlayerHand(cards=[K♥, 3♣]) (chips: 3120)
2026-02-04 17:17:42,977 - engine.poker_game - INFO - 
--- PRE-FLOP BETTING ---
2026-02-04 17:17:42,977 - engine.poker_game - INFO -   conservative_bot folds
2026-02-04 17:17:42,978 - engine.poker_game - INFO -   aydenbutbetter folds
2026-02-04 17:17:42,978 - engine.poker_game - INFO - Community Cards: []
2026-02-04 17:17:42,978 - engine.poker_game - INFO - Pot: 30
2026-02-04 17:17:42,978 - engine.poker_game - INFO - --------------------
2026-02-04 17:17:42,979 - tournament_runner - INFO - Hand #34 complete on table 1
2026-02-04 17:17:42,979 - tournament_runner - INFO - Starting hand #35 on table 1
2026-02-04 17:17:42,979 - engine.poker_game - INFO - ayden_random_but_not_random posts small blind: 10
2026-02-04 17:17:42,979 - engine.poker_game - INFO - conservative_bot posts big blind: 20
2026-02-04 17:17:42,979 - engine.poker_game - INFO - 
==============================
--- NEW HAND ---
2026-02-04 17:17:42,979 - engine.poker_game - INFO - Dealer: aydenbutbetter
2026-02-04 17:17:42,979 - engine.poker_game - INFO - conservative_bot has PlayerHand(cards=[A♣, J♦]) (chips: 650)
2026-02-04 17:17:42,980 - engine.poker_game - INFO - aydenbutbetter has PlayerHand(cards=[4♠, 6♥]) (chips: 670)
2026-02-04 17:17:42,980 - engine.poker_game - INFO - ayden_random_but_not_random has PlayerHand(cards=[10♠, 10♥]) (chips: 3110)
2026-02-04 17:17:42,980 - engine.poker_game - INFO - 
--- PRE-FLOP BETTING ---
2026-02-04 17:17:42,980 - engine.poker_game - INFO -   aydenbutbetter folds
2026-02-04 17:17:42,981 - engine.poker_game - INFO -   ayden_random_but_not_random goes all-in for 3110
2026-02-04 17:17:42,981 - engine.poker_game - INFO -   conservative_bot folds
2026-02-04 17:17:42,981 - engine.poker_game - INFO - Community Cards: []
2026-02-04 17:17:42,981 - engine.poker_game - INFO - Pot: 3140
2026-02-04 17:17:42,981 - engine.poker_game - INFO - --------------------
2026-02-04 17:17:42,982 - engine.poker_game - INFO - ayden_random_but_not_random wins 3110 from side/main pot
2026-02-04 17:17:42,982 - engine.poker_game - WARNING - Pot logic residual: 30
2026-02-04 17:17:42,982 - tournament_runner - INFO - Hand #35 complete on table 1
2026-02-04 17:17:42,982 - tournament_runner - INFO - Starting hand #36 on table 1
2026-02-04 17:17:42,983 - engine.poker_game - INFO - conservative_bot posts small blind: 10
2026-02-04 17:17:42,983 - engine.poker_game - INFO - aydenbutbetter posts big blind: 20
2026-02-04 17:17:42,983 - engine.poker_game - INFO - 
==============================
--- NEW HAND ---
2026-02-04 17:17:42,983 - engine.poker_game - INFO - Dealer: ayden_random_but_not_random
2026-02-04 17:17:42,983 - engine.poker_game - INFO - conservative_bot has PlayerHand(cards=[5♠, 9♥]) (chips: 640)
2026-02-04 17:17:42,983 - engine.poker_game - INFO - aydenbutbetter has PlayerHand(cards=[A♥, K♦]) (chips: 650)
2026-02-04 17:17:42,983 - engine.poker_game - INFO - ayden_random_but_not_random has PlayerHand(cards=[J♦, 4♣]) (chips: 3140)
2026-02-04 17:17:42,983 - engine.poker_game - INFO - 
--- PRE-FLOP BETTING ---
2026-02-04 17:17:42,984 - engine.poker_game - INFO -   ayden_random_but_not_random goes all-in for 3140
2026-02-04 17:17:42,984 - engine.poker_game - INFO -   conservative_bot folds
2026-02-04 17:17:42,984 - engine.poker_game - INFO -   aydenbutbetter folds
2026-02-04 17:17:42,984 - engine.poker_game - INFO - Community Cards: []
2026-02-04 17:17:42,984 - engine.poker_game - INFO - Pot: 3170
2026-02-04 17:17:42,984 - engine.poker_game - INFO - --------------------
2026-02-04 17:17:42,984 - engine.poker_game - INFO - ayden_random_but_not_random wins 3140 from side/main pot
2026-02-04 17:17:42,985 - engine.poker_game - WARNING - Pot logic residual: 30
2026-02-04 17:17:42,985 - tournament_runner - INFO - Hand #36 complete on table 1
2026-02-04 17:17:42,985 - tournament_runner - INFO - Starting hand #37 on table 1
2026-02-04 17:17:42,985 - engine.poker_game - INFO - aydenbutbetter posts small blind: 10
2026-02-04 17:17:42,985 - engine.poker_game - INFO - ayden_random_but_not_random posts big blind: 20
2026-02-04 17:17:42,985 - engine.poker_game - INFO - 
==============================
--- NEW HAND ---
2026-02-04 17:17:42,986 - engine.poker_game - INFO - Dealer: conservative_bot
2026-02-04 17:17:42,986 - engine.poker_game - INFO - conservative_bot has PlayerHand(cards=[4♣, 3♦]) (chips: 640)
2026-02-04 17:17:42,986 - engine.poker_game - INFO - aydenbutbetter has PlayerHand(cards=[7♠, 6♦]) (chips: 640)
2026-02-04 17:17:42,986 - engine.poker_game - INFO - ayden_random_but_not_random has PlayerHand(cards=[2♥, 6♥]) (chips: 3150)
2026-02-04 17:17:42,986 - engine.poker_game - INFO - 
--- PRE-FLOP BETTING ---
2026-02-04 17:17:42,986 - engine.poker_game - INFO -   conservative_bot folds
2026-02-04 17:17:42,986 - engine.poker_game - INFO -   aydenbutbetter folds
2026-02-04 17:17:42,986 - engine.poker_game - INFO - Community Cards: []
2026-02-04 17:17:42,986 - engine.poker_game - INFO - Pot: 30
2026-02-04 17:17:42,987 - engine.poker_game - INFO - --------------------
2026-02-04 17:17:42,987 - tournament_runner - INFO - Hand #37 complete on table 1
2026-02-04 17:17:42,987 - tournament_runner - INFO - Starting hand #38 on table 1
2026-02-04 17:17:42,987 - engine.poker_game - INFO - ayden_random_but_not_random posts small blind: 10
2026-02-04 17:17:42,987 - engine.poker_game - INFO - conservative_bot posts big blind: 20
2026-02-04 17:17:42,987 - engine.poker_game - INFO - 
==============================
--- NEW HAND ---
2026-02-04 17:17:42,987 - engine.poker_game - INFO - Dealer: aydenbutbetter
2026-02-04 17:17:42,988 - engine.poker_game - INFO - conservative_bot has PlayerHand(cards=[3♠, A♦]) (chips: 620)
2026-02-04 17:17:42,988 - engine.poker_game - INFO - aydenbutbetter has PlayerHand(cards=[6♠, Q♦]) (chips: 640)
2026-02-04 17:17:42,988 - engine.poker_game - INFO - ayden_random_but_not_random has PlayerHand(cards=[6♦, K♠]) (chips: 3140)
2026-02-04 17:17:42,988 - engine.poker_game - INFO - 
--- PRE-FLOP BETTING ---
2026-02-04 17:17:42,989 - engine.poker_game - INFO -   aydenbutbetter folds
2026-02-04 17:17:42,989 - engine.poker_game - INFO -   ayden_random_but_not_random raises to 41
2026-02-04 17:17:42,989 - engine.poker_game - INFO -   conservative_bot folds
2026-02-04 17:17:42,989 - engine.poker_game - INFO - Community Cards: []
2026-02-04 17:17:42,989 - engine.poker_game - INFO - Pot: 61
2026-02-04 17:17:42,989 - engine.poker_game - INFO - --------------------
2026-02-04 17:17:42,989 - engine.poker_game - INFO - ayden_random_but_not_random wins 31 from side/main pot
2026-02-04 17:17:42,989 - engine.poker_game - WARNING - Pot logic residual: 30
2026-02-04 17:17:42,990 - tournament_runner - INFO - Hand #38 complete on table 1
2026-02-04 17:17:42,990 - tournament_runner - INFO - Starting hand #39 on table 1
2026-02-04 17:17:42,990 - engine.poker_game - INFO - conservative_bot posts small blind: 10
2026-02-04 17:17:42,990 - engine.poker_game - INFO - aydenbutbetter posts big blind: 20
2026-02-04 17:17:42,990 - engine.poker_game - INFO - 
==============================
--- NEW HAND ---
2026-02-04 17:17:42,990 - engine.poker_game - INFO - Dealer: ayden_random_but_not_random
2026-02-04 17:17:42,990 - engine.poker_game - INFO - conservative_bot has PlayerHand(cards=[2♦, K♠]) (chips: 610)
2026-02-04 17:17:42,990 - engine.poker_game - INFO - aydenbutbetter has PlayerHand(cards=[8♠, 3♥]) (chips: 620)
2026-02-04 17:17:42,990 - engine.poker_game - INFO - ayden_random_but_not_random has PlayerHand(cards=[8♥, 7♥]) (chips: 3170)
2026-02-04 17:17:42,991 - engine.poker_game - INFO - 
--- PRE-FLOP BETTING ---
2026-02-04 17:17:42,991 - engine.poker_game - INFO -   ayden_random_but_not_random folds
2026-02-04 17:17:42,991 - engine.poker_game - INFO -   conservative_bot folds
2026-02-04 17:17:42,991 - engine.poker_game - INFO - Community Cards: []
2026-02-04 17:17:42,991 - engine.poker_game - INFO - Pot: 30
2026-02-04 17:17:42,991 - engine.poker_game - INFO - --------------------
2026-02-04 17:17:42,991 - tournament_runner - INFO - Hand #39 complete on table 1
2026-02-04 17:17:42,991 - tournament_runner - INFO - Starting hand #40 on table 1
2026-02-04 17:17:42,992 - engine.poker_game - INFO - aydenbutbetter posts small blind: 10
2026-02-04 17:17:42,992 - engine.poker_game - INFO - ayden_random_but_not_random posts big blind: 20
2026-02-04 17:17:42,992 - engine.poker_game - INFO - 
==============================
--- NEW HAND ---
2026-02-04 17:17:42,992 - engine.poker_game - INFO - Dealer: conservative_bot
2026-02-04 17:17:42,992 - engine.poker_game - INFO - conservative_bot has PlayerHand(cards=[9♣, 6♦]) (chips: 610)
2026-02-04 17:17:42,992 - engine.poker_game - INFO - aydenbutbetter has PlayerHand(cards=[K♠, 3♥]) (chips: 610)
2026-02-04 17:17:42,992 - engine.poker_game - INFO - ayden_random_but_not_random has PlayerHand(cards=[10♦, 6♥]) (chips: 3150)
2026-02-04 17:17:42,992 - engine.poker_game - INFO - 
--- PRE-FLOP BETTING ---
2026-02-04 17:17:42,992 - engine.poker_game - INFO -   conservative_bot folds
2026-02-04 17:17:42,992 - engine.poker_game - INFO -   aydenbutbetter folds
2026-02-04 17:17:42,993 - engine.poker_game - INFO - Community Cards: []
2026-02-04 17:17:42,993 - engine.poker_game - INFO - Pot: 30
2026-02-04 17:17:42,993 - engine.poker_game - INFO - --------------------
2026-02-04 17:17:42,993 - tournament_runner - INFO - Hand #40 complete on table 1
2026-02-04 17:17:42,993 - tournament_runner - INFO - Starting hand #41 on table 1
2026-02-04 17:17:42,993 - engine.poker_game - INFO - ayden_random_but_not_random posts small blind: 10
2026-02-04 17:17:42,993 - engine.poker_game - INFO - conservative_bot posts big blind: 20
2026-02-04 17:17:42,993 - engine.poker_game - INFO - 
==============================
--- NEW HAND ---
2026-02-04 17:17:42,993 - engine.poker_game - INFO - Dealer: aydenbutbetter
2026-02-04 17:17:42,993 - engine.poker_game - INFO - conservative_bot has PlayerHand(cards=[9♠, A♠]) (chips: 590)
2026-02-04 17:17:42,994 - engine.poker_game - INFO - aydenbutbetter has PlayerHand(cards=[J♠, 2♦]) (chips: 610)
2026-02-04 17:17:42,994 - engine.poker_game - INFO - ayden_random_but_not_random has PlayerHand(cards=[6♦, 3♥]) (chips: 3140)
2026-02-04 17:17:42,994 - engine.poker_game - INFO - 
--- PRE-FLOP BETTING ---
2026-02-04 17:17:42,994 - engine.poker_game - INFO -   aydenbutbetter folds
2026-02-04 17:17:42,995 - engine.poker_game - INFO -   ayden_random_but_not_random raises to 43
2026-02-04 17:17:42,995 - engine.poker_game - INFO -   conservative_bot folds
2026-02-04 17:17:42,996 - engine.poker_game - INFO - Community Cards: []
2026-02-04 17:17:42,996 - engine.poker_game - INFO - Pot: 63
2026-02-04 17:17:42,996 - engine.poker_game - INFO - --------------------
2026-02-04 17:17:42,996 - engine.poker_game - INFO - ayden_random_but_not_random wins 33 from side/main pot
2026-02-04 17:17:42,996 - engine.poker_game - WARNING - Pot logic residual: 30
2026-02-04 17:17:42,999 - tournament_runner - INFO - Hand #41 complete on table 1
2026-02-04 17:17:43,004 - tournament_runner - INFO - Starting hand #42 on table 1
2026-02-04 17:17:43,004 - engine.poker_game - INFO - conservative_bot posts small blind: 10
2026-02-04 17:17:43,005 - engine.poker_game - INFO - aydenbutbetter posts big blind: 20
2026-02-04 17:17:43,005 - engine.poker_game - INFO - 
==============================
--- NEW HAND ---
2026-02-04 17:17:43,005 - engine.poker_game - INFO - Dealer: ayden_random_but_not_random
2026-02-04 17:17:43,005 - engine.poker_game - INFO - conservative_bot has PlayerHand(cards=[10♦, J♥]) (chips: 580)
2026-02-04 17:17:43,005 - engine.poker_game - INFO - aydenbutbetter has PlayerHand(cards=[K♦, J♠]) (chips: 590)
2026-02-04 17:17:43,005 - engine.poker_game - INFO - ayden_random_but_not_random has PlayerHand(cards=[2♣, 2♥]) (chips: 3170)
2026-02-04 17:17:43,005 - engine.poker_game - INFO - 
--- PRE-FLOP BETTING ---
2026-02-04 17:17:43,005 - engine.poker_game - INFO -   ayden_random_but_not_random folds
2026-02-04 17:17:43,005 - engine.poker_game - INFO -   conservative_bot folds
2026-02-04 17:17:43,005 - engine.poker_game - INFO - Community Cards: []
2026-02-04 17:17:43,005 - engine.poker_game - INFO - Pot: 30
2026-02-04 17:17:43,006 - engine.poker_game - INFO - --------------------
2026-02-04 17:17:43,006 - tournament_runner - INFO - Hand #42 complete on table 1
2026-02-04 17:17:43,006 - tournament_runner - INFO - Starting hand #43 on table 1
2026-02-04 17:17:43,006 - engine.poker_game - INFO - aydenbutbetter posts small blind: 10
2026-02-04 17:17:43,006 - engine.poker_game - INFO - ayden_random_but_not_random posts big blind: 20
2026-02-04 17:17:43,006 - engine.poker_game - INFO - 
==============================
--- NEW HAND ---
2026-02-04 17:17:43,011 - engine.poker_game - INFO - Dealer: conservative_bot
2026-02-04 17:17:43,012 - engine.poker_game - INFO - conservative_bot has PlayerHand(cards=[4♣, 7♣]) (chips: 580)
2026-02-04 17:17:43,012 - engine.poker_game - INFO - aydenbutbetter has PlayerHand(cards=[10♦, K♥]) (chips: 580)
2026-02-04 17:17:43,012 - engine.poker_game - INFO - ayden_random_but_not_random has PlayerHand(cards=[10♠, 4♠]) (chips: 3150)
2026-02-04 17:17:43,012 - engine.poker_game - INFO - 
--- PRE-FLOP BETTING ---
2026-02-04 17:17:43,012 - engine.poker_game - INFO -   conservative_bot folds
2026-02-04 17:17:43,013 - engine.poker_game - INFO -   aydenbutbetter folds
2026-02-04 17:17:43,013 - engine.poker_game - INFO - Community Cards: []
2026-02-04 17:17:43,013 - engine.poker_game - INFO - Pot: 30
2026-02-04 17:17:43,013 - engine.poker_game - INFO - --------------------
2026-02-04 17:17:43,015 - tournament_runner - INFO - Hand #43 complete on table 1
2026-02-04 17:17:43,015 - tournament_runner - INFO - Starting hand #44 on table 1
2026-02-04 17:17:43,016 - engine.poker_game - INFO - ayden_random_but_not_random posts small blind: 10
2026-02-04 17:17:43,017 - engine.poker_game - INFO - conservative_bot posts big blind: 20
2026-02-04 17:17:43,017 - engine.poker_game - INFO - 
==============================
--- NEW HAND ---
2026-02-04 17:17:43,017 - engine.poker_game - INFO - Dealer: aydenbutbetter
2026-02-04 17:17:43,017 - engine.poker_game - INFO - conservative_bot has PlayerHand(cards=[6♦, 7♠]) (chips: 560)
2026-02-04 17:17:43,017 - engine.poker_game - INFO - aydenbutbetter has PlayerHand(cards=[K♣, Q♠]) (chips: 580)
2026-02-04 17:17:43,017 - engine.poker_game - INFO - ayden_random_but_not_random has PlayerHand(cards=[5♥, 5♣]) (chips: 3140)
2026-02-04 17:17:43,018 - engine.poker_game - INFO - 
--- PRE-FLOP BETTING ---
2026-02-04 17:17:43,018 - engine.poker_game - INFO -   aydenbutbetter folds
2026-02-04 17:17:43,019 - engine.poker_game - INFO -   ayden_random_but_not_random folds
2026-02-04 17:17:43,019 - engine.poker_game - INFO - Community Cards: []
2026-02-04 17:17:43,019 - engine.poker_game - INFO - Pot: 30
2026-02-04 17:17:43,021 - engine.poker_game - INFO - --------------------
2026-02-04 17:17:43,021 - tournament_runner - INFO - Hand #44 complete on table 1
2026-02-04 17:17:43,022 - tournament_runner - INFO - Starting hand #45 on table 1
2026-02-04 17:17:43,022 - engine.poker_game - INFO - conservative_bot posts small blind: 10
2026-02-04 17:17:43,024 - engine.poker_game - INFO - aydenbutbetter posts big blind: 20
2026-02-04 17:17:43,024 - engine.poker_game - INFO - 
==============================
--- NEW HAND ---
2026-02-04 17:17:43,024 - engine.poker_game - INFO - Dealer: ayden_random_but_not_random
2026-02-04 17:17:43,026 - engine.poker_game - INFO - conservative_bot has PlayerHand(cards=[J♦, A♥]) (chips: 550)
2026-02-04 17:17:43,026 - engine.poker_game - INFO - aydenbutbetter has PlayerHand(cards=[6♦, 7♥]) (chips: 560)
2026-02-04 17:17:43,026 - engine.poker_game - INFO - ayden_random_but_not_random has PlayerHand(cards=[9♥, 7♣]) (chips: 3140)
2026-02-04 17:17:43,027 - engine.poker_game - INFO - 
--- PRE-FLOP BETTING ---
2026-02-04 17:17:43,027 - engine.poker_game - INFO -   ayden_random_but_not_random goes all-in for 3140
2026-02-04 17:17:43,027 - engine.poker_game - INFO -   conservative_bot folds
2026-02-04 17:17:43,027 - engine.poker_game - INFO -   aydenbutbetter folds
2026-02-04 17:17:43,029 - engine.poker_game - INFO - Community Cards: []
2026-02-04 17:17:43,029 - engine.poker_game - INFO - Pot: 3170
2026-02-04 17:17:43,029 - engine.poker_game - INFO - --------------------
2026-02-04 17:17:43,029 - engine.poker_game - INFO - ayden_random_but_not_random wins 3140 from side/main pot
2026-02-04 17:17:43,030 - engine.poker_game - WARNING - Pot logic residual: 30
2026-02-04 17:17:43,030 - tournament_runner - INFO - Hand #45 complete on table 1
2026-02-04 17:17:43,030 - tournament_runner - INFO - Starting hand #46 on table 1
2026-02-04 17:17:43,031 - engine.poker_game - INFO - aydenbutbetter posts small blind: 10
2026-02-04 17:17:43,031 - engine.poker_game - INFO - ayden_random_but_not_random posts big blind: 20
2026-02-04 17:17:43,031 - engine.poker_game - INFO - 
==============================
--- NEW HAND ---
2026-02-04 17:17:43,031 - engine.poker_game - INFO - Dealer: conservative_bot
2026-02-04 17:17:43,032 - engine.poker_game - INFO - conservative_bot has PlayerHand(cards=[6♣, 10♥]) (chips: 550)
2026-02-04 17:17:43,032 - engine.poker_game - INFO - aydenbutbetter has PlayerHand(cards=[5♥, 8♣]) (chips: 550)
2026-02-04 17:17:43,032 - engine.poker_game - INFO - ayden_random_but_not_random has PlayerHand(cards=[4♥, Q♥]) (chips: 3150)
2026-02-04 17:17:43,033 - engine.poker_game - INFO - 
--- PRE-FLOP BETTING ---
2026-02-04 17:17:43,033 - engine.poker_game - INFO -   conservative_bot folds
2026-02-04 17:17:43,033 - engine.poker_game - INFO -   aydenbutbetter folds
2026-02-04 17:17:43,034 - engine.poker_game - INFO - Community Cards: []
2026-02-04 17:17:43,034 - engine.poker_game - INFO - Pot: 30
2026-02-04 17:17:43,034 - engine.poker_game - INFO - --------------------
2026-02-04 17:17:43,034 - tournament_runner - INFO - Hand #46 complete on table 1
2026-02-04 17:17:43,035 - tournament_runner - INFO - Starting hand #47 on table 1
2026-02-04 17:17:43,035 - engine.poker_game - INFO - ayden_random_but_not_random posts small blind: 10
2026-02-04 17:17:43,035 - engine.poker_game - INFO - conservative_bot posts big blind: 20
2026-02-04 17:17:43,036 - engine.poker_game - INFO - 
==============================
--- NEW HAND ---
2026-02-04 17:17:43,036 - engine.poker_game - INFO - Dealer: aydenbutbetter
2026-02-04 17:17:43,036 - engine.poker_game - INFO - conservative_bot has PlayerHand(cards=[9♥, 7♠]) (chips: 530)
2026-02-04 17:17:43,036 - engine.poker_game - INFO - aydenbutbetter has PlayerHand(cards=[6♠, 4♦]) (chips: 550)
2026-02-04 17:17:43,036 - engine.poker_game - INFO - ayden_random_but_not_random has PlayerHand(cards=[Q♣, 5♠]) (chips: 3140)
2026-02-04 17:17:43,037 - engine.poker_game - INFO - 
--- PRE-FLOP BETTING ---
2026-02-04 17:17:43,037 - engine.poker_game - INFO -   aydenbutbetter folds
2026-02-04 17:17:43,037 - engine.poker_game - INFO -   ayden_random_but_not_random raises to 43
2026-02-04 17:17:43,038 - engine.poker_game - INFO -   conservative_bot folds
2026-02-04 17:17:43,038 - engine.poker_game - INFO - Community Cards: []
2026-02-04 17:17:43,038 - engine.poker_game - INFO - Pot: 63
2026-02-04 17:17:43,039 - engine.poker_game - INFO - --------------------
2026-02-04 17:17:43,039 - engine.poker_game - INFO - ayden_random_but_not_random wins 33 from side/main pot
2026-02-04 17:17:43,039 - engine.poker_game - WARNING - Pot logic residual: 30
2026-02-04 17:17:43,039 - tournament_runner - INFO - Hand #47 complete on table 1
2026-02-04 17:17:43,040 - tournament_runner - INFO - Starting hand #48 on table 1
2026-02-04 17:17:43,040 - engine.poker_game - INFO - conservative_bot posts small blind: 10
2026-02-04 17:17:43,040 - engine.poker_game - INFO - aydenbutbetter posts big blind: 20
2026-02-04 17:17:43,040 - engine.poker_game - INFO - 
==============================
--- NEW HAND ---
2026-02-04 17:17:43,041 - engine.poker_game - INFO - Dealer: ayden_random_but_not_random
2026-02-04 17:17:43,041 - engine.poker_game - INFO - conservative_bot has PlayerHand(cards=[5♣, Q♣]) (chips: 520)
2026-02-04 17:17:43,041 - engine.poker_game - INFO - aydenbutbetter has PlayerHand(cards=[6♣, 10♥]) (chips: 530)
2026-02-04 17:17:43,042 - engine.poker_game - INFO - ayden_random_but_not_random has PlayerHand(cards=[4♦, 3♥]) (chips: 3170)
2026-02-04 17:17:43,042 - engine.poker_game - INFO - 
--- PRE-FLOP BETTING ---
2026-02-04 17:17:43,042 - engine.poker_game - INFO -   ayden_random_but_not_random folds
2026-02-04 17:17:43,043 - engine.poker_game - INFO -   conservative_bot folds
2026-02-04 17:17:43,043 - engine.poker_game - INFO - Community Cards: []
2026-02-04 17:17:43,043 - engine.poker_game - INFO - Pot: 30
2026-02-04 17:17:43,043 - engine.poker_game - INFO - --------------------
2026-02-04 17:17:43,044 - tournament_runner - INFO - Hand #48 complete on table 1
2026-02-04 17:17:43,044 - tournament_runner - INFO - Starting hand #49 on table 1
2026-02-04 17:17:43,044 - engine.poker_game - INFO - aydenbutbetter posts small blind: 10
2026-02-04 17:17:43,045 - engine.poker_game - INFO - ayden_random_but_not_random posts big blind: 20
2026-02-04 17:17:43,045 - engine.poker_game - INFO - 
==============================
--- NEW HAND ---
2026-02-04 17:17:43,045 - engine.poker_game - INFO - Dealer: conservative_bot
2026-02-04 17:17:43,045 - engine.poker_game - INFO - conservative_bot has PlayerHand(cards=[3♠, J♥]) (chips: 520)
2026-02-04 17:17:43,046 - engine.poker_game - INFO - aydenbutbetter has PlayerHand(cards=[J♦, 8♣]) (chips: 520)
2026-02-04 17:17:43,046 - engine.poker_game - INFO - ayden_random_but_not_random has PlayerHand(cards=[5♥, A♦]) (chips: 3150)
2026-02-04 17:17:43,046 - engine.poker_game - INFO - 
--- PRE-FLOP BETTING ---
2026-02-04 17:17:43,047 - engine.poker_game - INFO -   conservative_bot folds
2026-02-04 17:17:43,047 - engine.poker_game - INFO -   aydenbutbetter folds
2026-02-04 17:17:43,047 - engine.poker_game - INFO - Community Cards: []
2026-02-04 17:17:43,047 - engine.poker_game - INFO - Pot: 30
2026-02-04 17:17:43,048 - engine.poker_game - INFO - --------------------
2026-02-04 17:17:43,048 - tournament_runner - INFO - Hand #49 complete on table 1
2026-02-04 17:17:43,048 - tournament_runner - INFO - Starting hand #50 on table 1
2026-02-04 17:17:43,049 - engine.poker_game - INFO - ayden_random_but_not_random posts small blind: 10
2026-02-04 17:17:43,049 - engine.poker_game - INFO - conservative_bot posts big blind: 20
2026-02-04 17:17:43,049 - engine.poker_game - INFO - 
==============================
--- NEW HAND ---
2026-02-04 17:17:43,050 - engine.poker_game - INFO - Dealer: aydenbutbetter
2026-02-04 17:17:43,050 - engine.poker_game - INFO - conservative_bot has PlayerHand(cards=[4♥, 10♠]) (chips: 500)
2026-02-04 17:17:43,050 - engine.poker_game - INFO - aydenbutbetter has PlayerHand(cards=[7♠, 10♦]) (chips: 520)
2026-02-04 17:17:43,050 - engine.poker_game - INFO - ayden_random_but_not_random has PlayerHand(cards=[5♥, J♠]) (chips: 3140)
2026-02-04 17:17:43,051 - engine.poker_game - INFO - 
--- PRE-FLOP BETTING ---
2026-02-04 17:17:43,051 - engine.poker_game - INFO -   aydenbutbetter folds
2026-02-04 17:17:43,051 - engine.poker_game - INFO -   ayden_random_but_not_random goes all-in for 3140
2026-02-04 17:17:43,051 - engine.poker_game - INFO -   conservative_bot folds
2026-02-04 17:17:43,052 - engine.poker_game - INFO - Community Cards: []
2026-02-04 17:17:43,052 - engine.poker_game - INFO - Pot: 3170
2026-02-04 17:17:43,052 - engine.poker_game - INFO - --------------------
2026-02-04 17:17:43,053 - engine.poker_game - INFO - ayden_random_but_not_random wins 3140 from side/main pot
2026-02-04 17:17:43,053 - engine.poker_game - WARNING - Pot logic residual: 30
2026-02-04 17:17:43,053 - tournament_runner - INFO - Hand #50 complete on table 1
2026-02-04 17:17:43,054 - tournament_runner - INFO - Starting hand #51 on table 1
2026-02-04 17:17:43,054 - engine.poker_game - INFO - conservative_bot posts small blind: 10
2026-02-04 17:17:43,054 - engine.poker_game - INFO - aydenbutbetter posts big blind: 20
2026-02-04 17:17:43,054 - engine.poker_game - INFO - 
==============================
--- NEW HAND ---
2026-02-04 17:17:43,055 - engine.poker_game - INFO - Dealer: ayden_random_but_not_random
2026-02-04 17:17:43,055 - engine.poker_game - INFO - conservative_bot has PlayerHand(cards=[J♦, 3♣]) (chips: 490)
2026-02-04 17:17:43,055 - engine.poker_game - INFO - aydenbutbetter has PlayerHand(cards=[Q♦, 5♥]) (chips: 500)
2026-02-04 17:17:43,055 - engine.poker_game - INFO - ayden_random_but_not_random has PlayerHand(cards=[6♥, 4♦]) (chips: 3170)
2026-02-04 17:17:43,056 - engine.poker_game - INFO - 
--- PRE-FLOP BETTING ---
2026-02-04 17:17:43,056 - engine.poker_game - INFO -   ayden_random_but_not_random calls 20
2026-02-04 17:17:43,056 - engine.poker_game - INFO -   conservative_bot folds
2026-02-04 17:17:43,057 - engine.poker_game - INFO -   aydenbutbetter folds
2026-02-04 17:17:43,057 - engine.poker_game - INFO - Community Cards: []
2026-02-04 17:17:43,057 - engine.poker_game - INFO - Pot: 50
2026-02-04 17:17:43,058 - engine.poker_game - INFO - --------------------
2026-02-04 17:17:43,058 - engine.poker_game - INFO - ayden_random_but_not_random wins 20 from side/main pot
2026-02-04 17:17:43,058 - engine.poker_game - WARNING - Pot logic residual: 30
2026-02-04 17:17:43,058 - tournament_runner - INFO - Hand #51 complete on table 1
2026-02-04 17:17:43,059 - tournament_runner - INFO - Starting hand #52 on table 1
2026-02-04 17:17:43,059 - engine.poker_game - INFO - aydenbutbetter posts small blind: 10
2026-02-04 17:17:43,059 - engine.poker_game - INFO - ayden_random_but_not_random posts big blind: 20
2026-02-04 17:17:43,060 - engine.poker_game - INFO - 
==============================
--- NEW HAND ---
2026-02-04 17:17:43,060 - engine.poker_game - INFO - Dealer: conservative_bot
2026-02-04 17:17:43,060 - engine.poker_game - INFO - conservative_bot has PlayerHand(cards=[2♠, 4♣]) (chips: 490)
2026-02-04 17:17:43,060 - engine.poker_game - INFO - aydenbutbetter has PlayerHand(cards=[Q♦, Q♣]) (chips: 490)
2026-02-04 17:17:43,061 - engine.poker_game - INFO - ayden_random_but_not_random has PlayerHand(cards=[7♣, 5♦]) (chips: 3180)
2026-02-04 17:17:43,061 - engine.poker_game - INFO - 
--- PRE-FLOP BETTING ---
2026-02-04 17:17:43,061 - engine.poker_game - INFO -   conservative_bot folds
2026-02-04 17:17:43,061 - engine.poker_game - INFO -   aydenbutbetter goes all-in for 490
2026-02-04 17:17:43,062 - engine.poker_game - INFO -   ayden_random_but_not_random raises to 637
2026-02-04 17:17:43,062 - engine.poker_game - INFO - Community Cards: []
2026-02-04 17:17:43,062 - engine.poker_game - INFO - Pot: 1137
2026-02-04 17:17:43,064 - engine.poker_game - INFO - --------------------
2026-02-04 17:17:43,065 - engine.poker_game - INFO - FLOP: [J♥, 7♥, 9♥]
2026-02-04 17:17:43,065 - engine.poker_game - INFO - 
--- FLOP BETTING ---
2026-02-04 17:17:43,067 - engine.poker_game - INFO -   ayden_random_but_not_random goes all-in for 2563
2026-02-04 17:17:43,067 - engine.poker_game - INFO - Community Cards: [J♥, 7♥, 9♥]
2026-02-04 17:17:43,067 - engine.poker_game - INFO - Pot: 3700
2026-02-04 17:17:43,068 - engine.poker_game - INFO - --------------------
2026-02-04 17:17:43,068 - engine.poker_game - INFO - TURN: K♣
2026-02-04 17:17:43,068 - engine.poker_game - INFO - 
--- TURN BETTING ---
2026-02-04 17:17:43,068 - engine.poker_game - INFO - Community Cards: [J♥, 7♥, 9♥, K♣]
2026-02-04 17:17:43,069 - engine.poker_game - INFO - Pot: 3700
2026-02-04 17:17:43,069 - engine.poker_game - INFO - --------------------
2026-02-04 17:17:43,069 - engine.poker_game - INFO - RIVER: 4♥
2026-02-04 17:17:43,069 - engine.poker_game - INFO - 
--- RIVER BETTING ---
2026-02-04 17:17:43,069 - engine.poker_game - INFO - Community Cards: [J♥, 7♥, 9♥, K♣, 4♥]
2026-02-04 17:17:43,070 - engine.poker_game - INFO - Pot: 3700
2026-02-04 17:17:43,070 - engine.poker_game - INFO - --------------------
2026-02-04 17:17:43,070 - engine.poker_game - INFO - 
--- SHOWDOWN ---
2026-02-04 17:17:43,071 - engine.poker_game - INFO -   aydenbutbetter: Hand: [Q♦, Q♣] -> pair [Q♦, Q♣, J♥, 9♥, K♣]
2026-02-04 17:17:43,072 - engine.poker_game - INFO -   ayden_random_but_not_random: Hand: [7♣, 5♦] -> pair [7♣, J♥, 7♥, 9♥, K♣]
2026-02-04 17:17:43,073 - engine.poker_game - INFO - WINNERS: aydenbutbetter
2026-02-04 17:17:43,075 - engine.poker_game - INFO - aydenbutbetter wins 980 from side/main pot
2026-02-04 17:17:43,075 - engine.poker_game - INFO - ayden_random_but_not_random wins 2690 from side/main pot
2026-02-04 17:17:43,075 - engine.poker_game - WARNING - Pot logic residual: 30
2026-02-04 17:17:43,075 - tournament_runner - INFO - Hand #52 complete on table 1
2026-02-04 17:17:43,076 - tournament_runner - INFO - Starting hand #53 on table 1
2026-02-04 17:17:43,076 - engine.poker_game - INFO - conservative_bot posts small blind: 10
2026-02-04 17:17:43,077 - engine.poker_game - INFO - aydenbutbetter posts big blind: 20
2026-02-04 17:17:43,077 - engine.poker_game - INFO - 
==============================
--- NEW HAND ---
2026-02-04 17:17:43,077 - engine.poker_game - INFO - Dealer: ayden_random_but_not_random
2026-02-04 17:17:43,077 - engine.poker_game - INFO - conservative_bot has PlayerHand(cards=[K♣, 6♣]) (chips: 480)
2026-02-04 17:17:43,078 - engine.poker_game - INFO - aydenbutbetter has PlayerHand(cards=[9♥, 3♠]) (chips: 990)
2026-02-04 17:17:43,078 - engine.poker_game - INFO - ayden_random_but_not_random has PlayerHand(cards=[7♦, J♥]) (chips: 2690)
2026-02-04 17:17:43,078 - engine.poker_game - INFO - 
--- PRE-FLOP BETTING ---
2026-02-04 17:17:43,078 - engine.poker_game - INFO -   ayden_random_but_not_random calls 20
2026-02-04 17:17:43,078 - engine.poker_game - INFO -   conservative_bot folds
2026-02-04 17:17:43,079 - engine.poker_game - INFO -   aydenbutbetter folds
2026-02-04 17:17:43,079 - engine.poker_game - INFO - Community Cards: []
2026-02-04 17:17:43,079 - engine.poker_game - INFO - Pot: 50
2026-02-04 17:17:43,080 - engine.poker_game - INFO - --------------------
2026-02-04 17:17:43,080 - engine.poker_game - INFO - ayden_random_but_not_random wins 20 from side/main pot
2026-02-04 17:17:43,080 - engine.poker_game - WARNING - Pot logic residual: 30
2026-02-04 17:17:43,080 - tournament_runner - INFO - Hand #53 complete on table 1
2026-02-04 17:17:43,081 - tournament_runner - INFO - Starting hand #54 on table 1
2026-02-04 17:17:43,081 - engine.poker_game - INFO - aydenbutbetter posts small blind: 10
2026-02-04 17:17:43,081 - engine.poker_game - INFO - ayden_random_but_not_random posts big blind: 20
2026-02-04 17:17:43,082 - engine.poker_game - INFO - 
==============================
--- NEW HAND ---
2026-02-04 17:17:43,082 - engine.poker_game - INFO - Dealer: conservative_bot
2026-02-04 17:17:43,082 - engine.poker_game - INFO - conservative_bot has PlayerHand(cards=[3♠, 6♦]) (chips: 480)
2026-02-04 17:17:43,083 - engine.poker_game - INFO - aydenbutbetter has PlayerHand(cards=[7♠, 5♠]) (chips: 980)
2026-02-04 17:17:43,083 - engine.poker_game - INFO - ayden_random_but_not_random has PlayerHand(cards=[A♥, 10♥]) (chips: 2700)
2026-02-04 17:17:43,083 - engine.poker_game - INFO - 
--- PRE-FLOP BETTING ---
2026-02-04 17:17:43,084 - engine.poker_game - INFO -   conservative_bot folds
2026-02-04 17:17:43,084 - bot_manager.aydenbutbetter - WARNING - Bot aydenbutbetter attempted invalid raise amount 10, folding instead
2026-02-04 17:17:43,084 - engine.poker_game - INFO -   aydenbutbetter folds
2026-02-04 17:17:43,085 - engine.poker_game - INFO - Community Cards: []
2026-02-04 17:17:43,085 - engine.poker_game - INFO - Pot: 30
2026-02-04 17:17:43,085 - engine.poker_game - INFO - --------------------
2026-02-04 17:17:43,085 - tournament_runner - INFO - Hand #54 complete on table 1
2026-02-04 17:17:43,086 - tournament_runner - INFO - Starting hand #55 on table 1
2026-02-04 17:17:43,086 - engine.poker_game - INFO - ayden_random_but_not_random posts small blind: 10
2026-02-04 17:17:43,086 - engine.poker_game - INFO - conservative_bot posts big blind: 20
2026-02-04 17:17:43,087 - engine.poker_game - INFO - 
==============================
--- NEW HAND ---
2026-02-04 17:17:43,087 - engine.poker_game - INFO - Dealer: aydenbutbetter
2026-02-04 17:17:43,087 - engine.poker_game - INFO - conservative_bot has PlayerHand(cards=[K♠, 9♦]) (chips: 460)
2026-02-04 17:17:43,088 - engine.poker_game - INFO - aydenbutbetter has PlayerHand(cards=[10♣, K♦]) (chips: 980)
2026-02-04 17:17:43,088 - engine.poker_game - INFO - ayden_random_but_not_random has PlayerHand(cards=[8♦, 5♠]) (chips: 2690)
2026-02-04 17:17:43,088 - engine.poker_game - INFO - 
--- PRE-FLOP BETTING ---
2026-02-04 17:17:43,090 - engine.poker_game - INFO -   aydenbutbetter folds
2026-02-04 17:17:43,090 - engine.poker_game - INFO -   ayden_random_but_not_random folds
2026-02-04 17:17:43,091 - engine.poker_game - INFO - Community Cards: []
2026-02-04 17:17:43,091 - engine.poker_game - INFO - Pot: 30
2026-02-04 17:17:43,091 - engine.poker_game - INFO - --------------------
2026-02-04 17:17:43,091 - tournament_runner - INFO - Hand #55 complete on table 1
2026-02-04 17:17:43,091 - tournament_runner - INFO - Starting hand #56 on table 1
2026-02-04 17:17:43,091 - engine.poker_game - INFO - conservative_bot posts small blind: 10
2026-02-04 17:17:43,092 - engine.poker_game - INFO - aydenbutbetter posts big blind: 20
2026-02-04 17:17:43,092 - engine.poker_game - INFO - 
==============================
--- NEW HAND ---
2026-02-04 17:17:43,092 - engine.poker_game - INFO - Dealer: ayden_random_but_not_random
2026-02-04 17:17:43,093 - engine.poker_game - INFO - conservative_bot has PlayerHand(cards=[4♦, 6♥]) (chips: 450)
2026-02-04 17:17:43,093 - engine.poker_game - INFO - aydenbutbetter has PlayerHand(cards=[9♥, 4♠]) (chips: 960)
2026-02-04 17:17:43,095 - engine.poker_game - INFO - ayden_random_but_not_random has PlayerHand(cards=[3♠, 8♥]) (chips: 2690)
2026-02-04 17:17:43,095 - engine.poker_game - INFO - 
--- PRE-FLOP BETTING ---
2026-02-04 17:17:43,096 - engine.poker_game - INFO -   ayden_random_but_not_random goes all-in for 2690
2026-02-04 17:17:43,096 - engine.poker_game - INFO -   conservative_bot folds
2026-02-04 17:17:43,096 - engine.poker_game - INFO -   aydenbutbetter folds
2026-02-04 17:17:43,096 - engine.poker_game - INFO - Community Cards: []
2026-02-04 17:17:43,096 - engine.poker_game - INFO - Pot: 2720
2026-02-04 17:17:43,096 - engine.poker_game - INFO - --------------------
2026-02-04 17:17:43,097 - engine.poker_game - INFO - ayden_random_but_not_random wins 2690 from side/main pot
2026-02-04 17:17:43,097 - engine.poker_game - WARNING - Pot logic residual: 30
2026-02-04 17:17:43,097 - tournament_runner - INFO - Hand #56 complete on table 1
2026-02-04 17:17:43,098 - tournament_runner - INFO - Starting hand #57 on table 1
2026-02-04 17:17:43,098 - engine.poker_game - INFO - aydenbutbetter posts small blind: 10
2026-02-04 17:17:43,098 - engine.poker_game - INFO - ayden_random_but_not_random posts big blind: 20
2026-02-04 17:17:43,098 - engine.poker_game - INFO - 
==============================
--- NEW HAND ---
2026-02-04 17:17:43,098 - engine.poker_game - INFO - Dealer: conservative_bot
2026-02-04 17:17:43,098 - engine.poker_game - INFO - conservative_bot has PlayerHand(cards=[J♣, Q♦]) (chips: 450)
2026-02-04 17:17:43,099 - engine.poker_game - INFO - aydenbutbetter has PlayerHand(cards=[A♦, 2♣]) (chips: 950)
2026-02-04 17:17:43,099 - engine.poker_game - INFO - ayden_random_but_not_random has PlayerHand(cards=[4♥, K♥]) (chips: 2700)
2026-02-04 17:17:43,099 - engine.poker_game - INFO - 
--- PRE-FLOP BETTING ---
2026-02-04 17:17:43,099 - engine.poker_game - INFO -   conservative_bot raises to 40
2026-02-04 17:17:43,099 - engine.poker_game - INFO -   aydenbutbetter folds
2026-02-04 17:17:43,101 - engine.poker_game - INFO -   ayden_random_but_not_random goes all-in for 2700
2026-02-04 17:17:43,101 - engine.poker_game - INFO -   conservative_bot folds
2026-02-04 17:17:43,101 - engine.poker_game - INFO - Community Cards: []
2026-02-04 17:17:43,102 - engine.poker_game - INFO - Pot: 2770
2026-02-04 17:17:43,102 - engine.poker_game - INFO - --------------------
2026-02-04 17:17:43,102 - engine.poker_game - INFO - ayden_random_but_not_random wins 80 from side/main pot
2026-02-04 17:17:43,102 - engine.poker_game - INFO - ayden_random_but_not_random wins 2660 from side/main pot
2026-02-04 17:17:43,102 - engine.poker_game - WARNING - Pot logic residual: 30
2026-02-04 17:17:43,103 - tournament_runner - INFO - Hand #57 complete on table 1
2026-02-04 17:17:43,104 - tournament_runner - INFO - Starting hand #58 on table 1
2026-02-04 17:17:43,104 - engine.poker_game - INFO - ayden_random_but_not_random posts small blind: 10
2026-02-04 17:17:43,104 - engine.poker_game - INFO - conservative_bot posts big blind: 20
2026-02-04 17:17:43,105 - engine.poker_game - INFO - 
==============================
--- NEW HAND ---
2026-02-04 17:17:43,105 - engine.poker_game - INFO - Dealer: aydenbutbetter
2026-02-04 17:17:43,105 - engine.poker_game - INFO - conservative_bot has PlayerHand(cards=[6♣, 2♥]) (chips: 390)
2026-02-04 17:17:43,106 - engine.poker_game - INFO - aydenbutbetter has PlayerHand(cards=[3♦, A♥]) (chips: 950)
2026-02-04 17:17:43,106 - engine.poker_game - INFO - ayden_random_but_not_random has PlayerHand(cards=[6♥, 2♣]) (chips: 2760)
2026-02-04 17:17:43,106 - engine.poker_game - INFO - 
--- PRE-FLOP BETTING ---
2026-02-04 17:17:43,107 - engine.poker_game - INFO -   aydenbutbetter folds
2026-02-04 17:17:43,107 - engine.poker_game - INFO -   ayden_random_but_not_random goes all-in for 2760
2026-02-04 17:17:43,107 - engine.poker_game - INFO -   conservative_bot folds
2026-02-04 17:17:43,108 - engine.poker_game - INFO - Community Cards: []
2026-02-04 17:17:43,108 - engine.poker_game - INFO - Pot: 2790
2026-02-04 17:17:43,108 - engine.poker_game - INFO - --------------------
2026-02-04 17:17:43,109 - engine.poker_game - INFO - ayden_random_but_not_random wins 2760 from side/main pot
2026-02-04 17:17:43,109 - engine.poker_game - WARNING - Pot logic residual: 30
2026-02-04 17:17:43,109 - tournament_runner - INFO - Hand #58 complete on table 1
2026-02-04 17:17:43,110 - tournament_runner - INFO - Starting hand #59 on table 1
2026-02-04 17:17:43,110 - engine.poker_game - INFO - conservative_bot posts small blind: 10
2026-02-04 17:17:43,110 - engine.poker_game - INFO - aydenbutbetter posts big blind: 20
2026-02-04 17:17:43,111 - engine.poker_game - INFO - 
==============================
--- NEW HAND ---
2026-02-04 17:17:43,111 - engine.poker_game - INFO - Dealer: ayden_random_but_not_random
2026-02-04 17:17:43,111 - engine.poker_game - INFO - conservative_bot has PlayerHand(cards=[5♣, Q♦]) (chips: 380)
2026-02-04 17:17:43,112 - engine.poker_game - INFO - aydenbutbetter has PlayerHand(cards=[K♣, 2♣]) (chips: 930)
2026-02-04 17:17:43,112 - engine.poker_game - INFO - ayden_random_but_not_random has PlayerHand(cards=[3♠, J♠]) (chips: 2790)
2026-02-04 17:17:43,112 - engine.poker_game - INFO - 
--- PRE-FLOP BETTING ---
2026-02-04 17:17:43,112 - engine.poker_game - INFO -   ayden_random_but_not_random folds
2026-02-04 17:17:43,113 - engine.poker_game - INFO -   conservative_bot folds
2026-02-04 17:17:43,113 - engine.poker_game - INFO - Community Cards: []
2026-02-04 17:17:43,113 - engine.poker_game - INFO - Pot: 30
2026-02-04 17:17:43,114 - engine.poker_game - INFO - --------------------
2026-02-04 17:17:43,114 - tournament_runner - INFO - Hand #59 complete on table 1
2026-02-04 17:17:43,114 - tournament_runner - INFO - Starting hand #60 on table 1
2026-02-04 17:17:43,115 - engine.poker_game - INFO - aydenbutbetter posts small blind: 10
2026-02-04 17:17:43,115 - engine.poker_game - INFO - ayden_random_but_not_random posts big blind: 20
2026-02-04 17:17:43,115 - engine.poker_game - INFO - 
==============================
--- NEW HAND ---
2026-02-04 17:17:43,115 - engine.poker_game - INFO - Dealer: conservative_bot
2026-02-04 17:17:43,116 - engine.poker_game - INFO - conservative_bot has PlayerHand(cards=[Q♦, 7♥]) (chips: 380)
2026-02-04 17:17:43,116 - engine.poker_game - INFO - aydenbutbetter has PlayerHand(cards=[9♥, 4♥]) (chips: 920)
2026-02-04 17:17:43,116 - engine.poker_game - INFO - ayden_random_but_not_random has PlayerHand(cards=[A♥, 9♣]) (chips: 2770)
2026-02-04 17:17:43,117 - engine.poker_game - INFO - 
--- PRE-FLOP BETTING ---
2026-02-04 17:17:43,117 - engine.poker_game - INFO -   conservative_bot folds
2026-02-04 17:17:43,117 - bot_manager.aydenbutbetter - WARNING - Bot aydenbutbetter attempted invalid raise amount 10, folding instead
2026-02-04 17:17:43,117 - engine.poker_game - INFO -   aydenbutbetter folds
2026-02-04 17:17:43,118 - engine.poker_game - INFO - Community Cards: []
2026-02-04 17:17:43,118 - engine.poker_game - INFO - Pot: 30
2026-02-04 17:17:43,118 - engine.poker_game - INFO - --------------------
2026-02-04 17:17:43,118 - tournament_runner - INFO - Hand #60 complete on table 1
2026-02-04 17:17:43,119 - tournament_runner - INFO - Starting hand #61 on table 1
2026-02-04 17:17:43,119 - engine.poker_game - INFO - ayden_random_but_not_random posts small blind: 10
2026-02-04 17:17:43,119 - engine.poker_game - INFO - conservative_bot posts big blind: 20
2026-02-04 17:17:43,119 - engine.poker_game - INFO - 
==============================
--- NEW HAND ---
2026-02-04 17:17:43,120 - engine.poker_game - INFO - Dealer: aydenbutbetter
2026-02-04 17:17:43,120 - engine.poker_game - INFO - conservative_bot has PlayerHand(cards=[Q♠, 5♦]) (chips: 360)
2026-02-04 17:17:43,120 - engine.poker_game - INFO - aydenbutbetter has PlayerHand(cards=[4♠, 9♠]) (chips: 920)
2026-02-04 17:17:43,120 - engine.poker_game - INFO - ayden_random_but_not_random has PlayerHand(cards=[J♥, 5♣]) (chips: 2760)
2026-02-04 17:17:43,121 - engine.poker_game - INFO - 
--- PRE-FLOP BETTING ---
2026-02-04 17:17:43,121 - bot_manager.aydenbutbetter - WARNING - Bot aydenbutbetter attempted invalid raise amount 10, folding instead
2026-02-04 17:17:43,121 - engine.poker_game - INFO -   aydenbutbetter folds
2026-02-04 17:17:43,121 - engine.poker_game - INFO -   ayden_random_but_not_random goes all-in for 2760
2026-02-04 17:17:43,122 - engine.poker_game - INFO -   conservative_bot folds
2026-02-04 17:17:43,122 - engine.poker_game - INFO - Community Cards: []
2026-02-04 17:17:43,122 - engine.poker_game - INFO - Pot: 2790
2026-02-04 17:17:43,122 - engine.poker_game - INFO - --------------------
2026-02-04 17:17:43,124 - engine.poker_game - INFO - ayden_random_but_not_random wins 2760 from side/main pot
2026-02-04 17:17:43,124 - engine.poker_game - WARNING - Pot logic residual: 30
2026-02-04 17:17:43,124 - tournament_runner - INFO - Hand #61 complete on table 1
2026-02-04 17:17:43,125 - tournament_runner - INFO - Starting hand #62 on table 1
2026-02-04 17:17:43,125 - engine.poker_game - INFO - conservative_bot posts small blind: 10
2026-02-04 17:17:43,125 - engine.poker_game - INFO - aydenbutbetter posts big blind: 20
2026-02-04 17:17:43,125 - engine.poker_game - INFO - 
==============================
--- NEW HAND ---
2026-02-04 17:17:43,125 - engine.poker_game - INFO - Dealer: ayden_random_but_not_random
2026-02-04 17:17:43,126 - engine.poker_game - INFO - conservative_bot has PlayerHand(cards=[5♥, 5♠]) (chips: 350)
2026-02-04 17:17:43,126 - engine.poker_game - INFO - aydenbutbetter has PlayerHand(cards=[J♦, A♥]) (chips: 900)
2026-02-04 17:17:43,126 - engine.poker_game - INFO - ayden_random_but_not_random has PlayerHand(cards=[2♥, 8♥]) (chips: 2790)
2026-02-04 17:17:43,126 - engine.poker_game - INFO - 
--- PRE-FLOP BETTING ---
2026-02-04 17:17:43,127 - engine.poker_game - INFO -   ayden_random_but_not_random goes all-in for 2790
2026-02-04 17:17:43,129 - engine.poker_game - INFO -   conservative_bot folds
2026-02-04 17:17:43,129 - engine.poker_game - INFO -   aydenbutbetter folds
2026-02-04 17:17:43,129 - engine.poker_game - INFO - Community Cards: []
2026-02-04 17:17:43,130 - engine.poker_game - INFO - Pot: 2820
2026-02-04 17:17:43,130 - engine.poker_game - INFO - --------------------
2026-02-04 17:17:43,130 - engine.poker_game - INFO - ayden_random_but_not_random wins 2790 from side/main pot
2026-02-04 17:17:43,130 - engine.poker_game - WARNING - Pot logic residual: 30
2026-02-04 17:17:43,130 - tournament_runner - INFO - Hand #62 complete on table 1
2026-02-04 17:17:43,130 - tournament_runner - INFO - Starting hand #63 on table 1
2026-02-04 17:17:43,130 - engine.poker_game - INFO - aydenbutbetter posts small blind: 10
2026-02-04 17:17:43,131 - engine.poker_game - INFO - ayden_random_but_not_random posts big blind: 20
2026-02-04 17:17:43,131 - engine.poker_game - INFO - 
==============================
--- NEW HAND ---
2026-02-04 17:17:43,131 - engine.poker_game - INFO - Dealer: conservative_bot
2026-02-04 17:17:43,131 - engine.poker_game - INFO - conservative_bot has PlayerHand(cards=[J♠, 9♠]) (chips: 350)
2026-02-04 17:17:43,132 - engine.poker_game - INFO - aydenbutbetter has PlayerHand(cards=[5♦, 10♥]) (chips: 890)
2026-02-04 17:17:43,132 - engine.poker_game - INFO - ayden_random_but_not_random has PlayerHand(cards=[3♦, Q♣]) (chips: 2800)
2026-02-04 17:17:43,132 - engine.poker_game - INFO - 
--- PRE-FLOP BETTING ---
2026-02-04 17:17:43,133 - engine.poker_game - INFO -   conservative_bot folds
2026-02-04 17:17:43,133 - engine.poker_game - INFO -   aydenbutbetter folds
2026-02-04 17:17:43,133 - engine.poker_game - INFO - Community Cards: []
2026-02-04 17:17:43,133 - engine.poker_game - INFO - Pot: 30
2026-02-04 17:17:43,133 - engine.poker_game - INFO - --------------------
2026-02-04 17:17:43,134 - tournament_runner - INFO - Hand #63 complete on table 1
2026-02-04 17:17:43,134 - tournament_runner - INFO - Starting hand #64 on table 1
2026-02-04 17:17:43,134 - engine.poker_game - INFO - ayden_random_but_not_random posts small blind: 10
2026-02-04 17:17:43,135 - engine.poker_game - INFO - conservative_bot posts big blind: 20
2026-02-04 17:17:43,135 - engine.poker_game - INFO - 
==============================
--- NEW HAND ---
2026-02-04 17:17:43,135 - engine.poker_game - INFO - Dealer: aydenbutbetter
2026-02-04 17:17:43,135 - engine.poker_game - INFO - conservative_bot has PlayerHand(cards=[K♠, 4♦]) (chips: 330)
2026-02-04 17:17:43,137 - engine.poker_game - INFO - aydenbutbetter has PlayerHand(cards=[3♣, Q♠]) (chips: 890)
2026-02-04 17:17:43,138 - engine.poker_game - INFO - ayden_random_but_not_random has PlayerHand(cards=[9♦, A♠]) (chips: 2790)
2026-02-04 17:17:43,138 - engine.poker_game - INFO - 
--- PRE-FLOP BETTING ---
2026-02-04 17:17:43,138 - engine.poker_game - INFO -   aydenbutbetter folds
2026-02-04 17:17:43,138 - engine.poker_game - INFO -   ayden_random_but_not_random raises to 40
2026-02-04 17:17:43,139 - engine.poker_game - INFO -   conservative_bot folds
2026-02-04 17:17:43,139 - engine.poker_game - INFO - Community Cards: []
2026-02-04 17:17:43,139 - engine.poker_game - INFO - Pot: 60
2026-02-04 17:17:43,139 - engine.poker_game - INFO - --------------------
2026-02-04 17:17:43,141 - engine.poker_game - INFO - ayden_random_but_not_random wins 30 from side/main pot
2026-02-04 17:17:43,141 - engine.poker_game - WARNING - Pot logic residual: 30
2026-02-04 17:17:43,141 - tournament_runner - INFO - Hand #64 complete on table 1
2026-02-04 17:17:43,142 - tournament_runner - INFO - Starting hand #65 on table 1
2026-02-04 17:17:43,142 - engine.poker_game - INFO - conservative_bot posts small blind: 10
2026-02-04 17:17:43,142 - engine.poker_game - INFO - aydenbutbetter posts big blind: 20
2026-02-04 17:17:43,142 - engine.poker_game - INFO - 
==============================
--- NEW HAND ---
2026-02-04 17:17:43,143 - engine.poker_game - INFO - Dealer: ayden_random_but_not_random
2026-02-04 17:17:43,143 - engine.poker_game - INFO - conservative_bot has PlayerHand(cards=[K♣, J♦]) (chips: 320)
2026-02-04 17:17:43,143 - engine.poker_game - INFO - aydenbutbetter has PlayerHand(cards=[2♦, A♦]) (chips: 870)
2026-02-04 17:17:43,144 - engine.poker_game - INFO - ayden_random_but_not_random has PlayerHand(cards=[6♠, 3♦]) (chips: 2820)
2026-02-04 17:17:43,144 - engine.poker_game - INFO - 
--- PRE-FLOP BETTING ---
2026-02-04 17:17:43,146 - engine.poker_game - INFO -   ayden_random_but_not_random calls 20
2026-02-04 17:17:43,147 - engine.poker_game - INFO -   conservative_bot raises to 40
2026-02-04 17:17:43,147 - bot_manager.aydenbutbetter - WARNING - Bot aydenbutbetter attempted invalid raise amount 26, folding instead
2026-02-04 17:17:43,147 - engine.poker_game - INFO -   aydenbutbetter folds
2026-02-04 17:17:43,148 - engine.poker_game - INFO -   ayden_random_but_not_random goes all-in for 2800
2026-02-04 17:17:43,148 - engine.poker_game - INFO -   conservative_bot folds
2026-02-04 17:17:43,148 - engine.poker_game - INFO - Community Cards: []
2026-02-04 17:17:43,148 - engine.poker_game - INFO - Pot: 2880
2026-02-04 17:17:43,148 - engine.poker_game - INFO - --------------------
2026-02-04 17:17:43,148 - engine.poker_game - INFO - ayden_random_but_not_random wins 60 from side/main pot
2026-02-04 17:17:43,148 - engine.poker_game - INFO - ayden_random_but_not_random wins 2790 from side/main pot
2026-02-04 17:17:43,148 - engine.poker_game - WARNING - Pot logic residual: 30
2026-02-04 17:17:43,149 - tournament_runner - INFO - Hand #65 complete on table 1
2026-02-04 17:17:43,149 - tournament_runner - INFO - Starting hand #66 on table 1
2026-02-04 17:17:43,149 - engine.poker_game - INFO - aydenbutbetter posts small blind: 10
2026-02-04 17:17:43,149 - engine.poker_game - INFO - ayden_random_but_not_random posts big blind: 20
2026-02-04 17:17:43,149 - engine.poker_game - INFO - 
==============================
--- NEW HAND ---
2026-02-04 17:17:43,150 - engine.poker_game - INFO - Dealer: conservative_bot
2026-02-04 17:17:43,150 - engine.poker_game - INFO - conservative_bot has PlayerHand(cards=[7♣, 8♥]) (chips: 290)
2026-02-04 17:17:43,150 - engine.poker_game - INFO - aydenbutbetter has PlayerHand(cards=[5♥, 9♠]) (chips: 860)
2026-02-04 17:17:43,150 - engine.poker_game - INFO - ayden_random_but_not_random has PlayerHand(cards=[4♠, 10♥]) (chips: 2860)
2026-02-04 17:17:43,150 - engine.poker_game - INFO - 
--- PRE-FLOP BETTING ---
2026-02-04 17:17:43,151 - engine.poker_game - INFO -   conservative_bot folds
2026-02-04 17:17:43,151 - engine.poker_game - INFO -   aydenbutbetter folds
2026-02-04 17:17:43,151 - engine.poker_game - INFO - Community Cards: []
2026-02-04 17:17:43,151 - engine.poker_game - INFO - Pot: 30
2026-02-04 17:17:43,152 - engine.poker_game - INFO - --------------------
2026-02-04 17:17:43,152 - tournament_runner - INFO - Hand #66 complete on table 1
2026-02-04 17:17:43,153 - tournament_runner - INFO - Starting hand #67 on table 1
2026-02-04 17:17:43,153 - engine.poker_game - INFO - ayden_random_but_not_random posts small blind: 10
2026-02-04 17:17:43,154 - engine.poker_game - INFO - conservative_bot posts big blind: 20
2026-02-04 17:17:43,154 - engine.poker_game - INFO - 
==============================
--- NEW HAND ---
2026-02-04 17:17:43,154 - engine.poker_game - INFO - Dealer: aydenbutbetter
2026-02-04 17:17:43,155 - engine.poker_game - INFO - conservative_bot has PlayerHand(cards=[6♥, 4♣]) (chips: 270)
2026-02-04 17:17:43,155 - engine.poker_game - INFO - aydenbutbetter has PlayerHand(cards=[3♣, 4♥]) (chips: 860)
2026-02-04 17:17:43,155 - engine.poker_game - INFO - ayden_random_but_not_random has PlayerHand(cards=[Q♣, 4♠]) (chips: 2850)
2026-02-04 17:17:43,156 - engine.poker_game - INFO - 
--- PRE-FLOP BETTING ---
2026-02-04 17:17:43,156 - engine.poker_game - INFO -   aydenbutbetter folds
2026-02-04 17:17:43,156 - engine.poker_game - INFO -   ayden_random_but_not_random folds
2026-02-04 17:17:43,157 - engine.poker_game - INFO - Community Cards: []
2026-02-04 17:17:43,157 - engine.poker_game - INFO - Pot: 30
2026-02-04 17:17:43,157 - engine.poker_game - INFO - --------------------
2026-02-04 17:17:43,157 - tournament_runner - INFO - Hand #67 complete on table 1
2026-02-04 17:17:43,158 - tournament_runner - INFO - Starting hand #68 on table 1
2026-02-04 17:17:43,158 - engine.poker_game - INFO - conservative_bot posts small blind: 10
2026-02-04 17:17:43,158 - engine.poker_game - INFO - aydenbutbetter posts big blind: 20
2026-02-04 17:17:43,160 - engine.poker_game - INFO - 
==============================
--- NEW HAND ---
2026-02-04 17:17:43,161 - engine.poker_game - INFO - Dealer: ayden_random_but_not_random
2026-02-04 17:17:43,161 - engine.poker_game - INFO - conservative_bot has PlayerHand(cards=[9♣, K♦]) (chips: 260)
2026-02-04 17:17:43,161 - engine.poker_game - INFO - aydenbutbetter has PlayerHand(cards=[J♥, 7♠]) (chips: 840)
2026-02-04 17:17:43,161 - engine.poker_game - INFO - ayden_random_but_not_random has PlayerHand(cards=[5♥, Q♠]) (chips: 2850)
2026-02-04 17:17:43,161 - engine.poker_game - INFO - 
--- PRE-FLOP BETTING ---
2026-02-04 17:17:43,162 - engine.poker_game - INFO -   ayden_random_but_not_random folds
2026-02-04 17:17:43,162 - engine.poker_game - INFO -   conservative_bot folds
2026-02-04 17:17:43,162 - engine.poker_game - INFO - Community Cards: []
2026-02-04 17:17:43,163 - engine.poker_game - INFO - Pot: 30
2026-02-04 17:17:43,163 - engine.poker_game - INFO - --------------------
2026-02-04 17:17:43,163 - tournament_runner - INFO - Hand #68 complete on table 1
2026-02-04 17:17:43,164 - tournament_runner - INFO - Starting hand #69 on table 1
2026-02-04 17:17:43,164 - engine.poker_game - INFO - aydenbutbetter posts small blind: 10
2026-02-04 17:17:43,164 - engine.poker_game - INFO - ayden_random_but_not_random posts big blind: 20
2026-02-04 17:17:43,165 - engine.poker_game - INFO - 
==============================
--- NEW HAND ---
2026-02-04 17:17:43,165 - engine.poker_game - INFO - Dealer: conservative_bot
2026-02-04 17:17:43,165 - engine.poker_game - INFO - conservative_bot has PlayerHand(cards=[Q♥, 2♣]) (chips: 260)
2026-02-04 17:17:43,166 - engine.poker_game - INFO - aydenbutbetter has PlayerHand(cards=[4♦, 9♣]) (chips: 830)
2026-02-04 17:17:43,166 - engine.poker_game - INFO - ayden_random_but_not_random has PlayerHand(cards=[A♠, 3♥]) (chips: 2830)
2026-02-04 17:17:43,166 - engine.poker_game - INFO - 
--- PRE-FLOP BETTING ---
2026-02-04 17:17:43,167 - engine.poker_game - INFO -   conservative_bot folds
2026-02-04 17:17:43,167 - engine.poker_game - INFO -   aydenbutbetter folds
2026-02-04 17:17:43,167 - engine.poker_game - INFO - Community Cards: []
2026-02-04 17:17:43,167 - engine.poker_game - INFO - Pot: 30
2026-02-04 17:17:43,167 - engine.poker_game - INFO - --------------------
2026-02-04 17:17:43,167 - tournament_runner - INFO - Hand #69 complete on table 1
2026-02-04 17:17:43,167 - tournament_runner - INFO - Starting hand #70 on table 1
2026-02-04 17:17:43,167 - engine.poker_game - INFO - ayden_random_but_not_random posts small blind: 10
2026-02-04 17:17:43,167 - engine.poker_game - INFO - conservative_bot posts big blind: 20
2026-02-04 17:17:43,168 - engine.poker_game - INFO - 
==============================
--- NEW HAND ---
2026-02-04 17:17:43,168 - engine.poker_game - INFO - Dealer: aydenbutbetter
2026-02-04 17:17:43,168 - engine.poker_game - INFO - conservative_bot has PlayerHand(cards=[3♣, 7♠]) (chips: 240)
2026-02-04 17:17:43,168 - engine.poker_game - INFO - aydenbutbetter has PlayerHand(cards=[8♣, 8♦]) (chips: 830)
2026-02-04 17:17:43,168 - engine.poker_game - INFO - ayden_random_but_not_random has PlayerHand(cards=[10♣, A♠]) (chips: 2820)
2026-02-04 17:17:43,168 - engine.poker_game - INFO - 
--- PRE-FLOP BETTING ---
2026-02-04 17:17:43,169 - engine.poker_game - INFO -   aydenbutbetter folds
2026-02-04 17:17:43,169 - engine.poker_game - INFO -   ayden_random_but_not_random goes all-in for 2820
2026-02-04 17:17:43,170 - engine.poker_game - INFO -   conservative_bot folds
2026-02-04 17:17:43,170 - engine.poker_game - INFO - Community Cards: []
2026-02-04 17:17:43,170 - engine.poker_game - INFO - Pot: 2850
2026-02-04 17:17:43,170 - engine.poker_game - INFO - --------------------
2026-02-04 17:17:43,171 - engine.poker_game - INFO - ayden_random_but_not_random wins 2820 from side/main pot
2026-02-04 17:17:43,171 - engine.poker_game - WARNING - Pot logic residual: 30
2026-02-04 17:17:43,171 - tournament_runner - INFO - Hand #70 complete on table 1
2026-02-04 17:17:43,172 - tournament_runner - INFO - Starting hand #71 on table 1
2026-02-04 17:17:43,172 - engine.poker_game - INFO - conservative_bot posts small blind: 10
2026-02-04 17:17:43,172 - engine.poker_game - INFO - aydenbutbetter posts big blind: 20
2026-02-04 17:17:43,173 - engine.poker_game - INFO - 
==============================
--- NEW HAND ---
2026-02-04 17:17:43,173 - engine.poker_game - INFO - Dealer: ayden_random_but_not_random
2026-02-04 17:17:43,173 - engine.poker_game - INFO - conservative_bot has PlayerHand(cards=[5♣, 4♠]) (chips: 230)
2026-02-04 17:17:43,174 - engine.poker_game - INFO - aydenbutbetter has PlayerHand(cards=[K♠, 8♦]) (chips: 810)
2026-02-04 17:17:43,174 - engine.poker_game - INFO - ayden_random_but_not_random has PlayerHand(cards=[8♠, 10♠]) (chips: 2850)
2026-02-04 17:17:43,174 - engine.poker_game - INFO - 
--- PRE-FLOP BETTING ---
2026-02-04 17:17:43,175 - engine.poker_game - INFO -   ayden_random_but_not_random goes all-in for 2850
2026-02-04 17:17:43,175 - engine.poker_game - INFO -   conservative_bot folds
2026-02-04 17:17:43,176 - engine.poker_game - INFO -   aydenbutbetter folds
2026-02-04 17:17:43,176 - engine.poker_game - INFO - Community Cards: []
2026-02-04 17:17:43,176 - engine.poker_game - INFO - Pot: 2880
2026-02-04 17:17:43,176 - engine.poker_game - INFO - --------------------
2026-02-04 17:17:43,177 - engine.poker_game - INFO - ayden_random_but_not_random wins 2850 from side/main pot
2026-02-04 17:17:43,177 - engine.poker_game - WARNING - Pot logic residual: 30
2026-02-04 17:17:43,177 - tournament_runner - INFO - Hand #71 complete on table 1
2026-02-04 17:17:43,178 - tournament_runner - INFO - Starting hand #72 on table 1
2026-02-04 17:17:43,178 - engine.poker_game - INFO - aydenbutbetter posts small blind: 10
2026-02-04 17:17:43,179 - engine.poker_game - INFO - ayden_random_but_not_random posts big blind: 20
2026-02-04 17:17:43,179 - engine.poker_game - INFO - 
==============================
--- NEW HAND ---
2026-02-04 17:17:43,179 - engine.poker_game - INFO - Dealer: conservative_bot
2026-02-04 17:17:43,179 - engine.poker_game - INFO - conservative_bot has PlayerHand(cards=[7♣, 9♦]) (chips: 230)
2026-02-04 17:17:43,180 - engine.poker_game - INFO - aydenbutbetter has PlayerHand(cards=[7♦, 3♠]) (chips: 800)
2026-02-04 17:17:43,180 - engine.poker_game - INFO - ayden_random_but_not_random has PlayerHand(cards=[3♥, 2♠]) (chips: 2860)
2026-02-04 17:17:43,180 - engine.poker_game - INFO - 
--- PRE-FLOP BETTING ---
2026-02-04 17:17:43,181 - engine.poker_game - INFO -   conservative_bot folds
2026-02-04 17:17:43,181 - engine.poker_game - INFO -   aydenbutbetter folds
2026-02-04 17:17:43,181 - engine.poker_game - INFO - Community Cards: []
2026-02-04 17:17:43,182 - engine.poker_game - INFO - Pot: 30
2026-02-04 17:17:43,182 - engine.poker_game - INFO - --------------------
2026-02-04 17:17:43,182 - tournament_runner - INFO - Hand #72 complete on table 1
2026-02-04 17:17:43,183 - tournament_runner - INFO - Starting hand #73 on table 1
2026-02-04 17:17:43,183 - engine.poker_game - INFO - ayden_random_but_not_random posts small blind: 10
2026-02-04 17:17:43,183 - engine.poker_game - INFO - conservative_bot posts big blind: 20
2026-02-04 17:17:43,184 - engine.poker_game - INFO - 
==============================
--- NEW HAND ---
2026-02-04 17:17:43,184 - engine.poker_game - INFO - Dealer: aydenbutbetter
2026-02-04 17:17:43,184 - engine.poker_game - INFO - conservative_bot has PlayerHand(cards=[2♣, K♣]) (chips: 210)
2026-02-04 17:17:43,184 - engine.poker_game - INFO - aydenbutbetter has PlayerHand(cards=[J♠, Q♣]) (chips: 800)
2026-02-04 17:17:43,185 - engine.poker_game - INFO - ayden_random_but_not_random has PlayerHand(cards=[4♥, 10♦]) (chips: 2850)
2026-02-04 17:17:43,185 - engine.poker_game - INFO - 
--- PRE-FLOP BETTING ---
2026-02-04 17:17:43,185 - engine.poker_game - INFO -   aydenbutbetter folds
2026-02-04 17:17:43,186 - engine.poker_game - INFO -   ayden_random_but_not_random calls 10
2026-02-04 17:17:43,186 - engine.poker_game - INFO -   conservative_bot folds
2026-02-04 17:17:43,186 - engine.poker_game - INFO - Community Cards: []
2026-02-04 17:17:43,186 - engine.poker_game - INFO - Pot: 40
2026-02-04 17:17:43,187 - engine.poker_game - INFO - --------------------
2026-02-04 17:17:43,187 - engine.poker_game - INFO - ayden_random_but_not_random wins 10 from side/main pot
2026-02-04 17:17:43,187 - engine.poker_game - WARNING - Pot logic residual: 30
2026-02-04 17:17:43,188 - tournament_runner - INFO - Hand #73 complete on table 1
2026-02-04 17:17:43,188 - tournament_runner - INFO - Starting hand #74 on table 1
2026-02-04 17:17:43,188 - engine.poker_game - INFO - conservative_bot posts small blind: 10
2026-02-04 17:17:43,189 - engine.poker_game - INFO - aydenbutbetter posts big blind: 20
2026-02-04 17:17:43,189 - engine.poker_game - INFO - 
==============================
--- NEW HAND ---
2026-02-04 17:17:43,189 - engine.poker_game - INFO - Dealer: ayden_random_but_not_random
2026-02-04 17:17:43,190 - engine.poker_game - INFO - conservative_bot has PlayerHand(cards=[4♥, 2♠]) (chips: 200)
2026-02-04 17:17:43,190 - engine.poker_game - INFO - aydenbutbetter has PlayerHand(cards=[6♣, 3♥]) (chips: 780)
2026-02-04 17:17:43,190 - engine.poker_game - INFO - ayden_random_but_not_random has PlayerHand(cards=[4♦, 2♥]) (chips: 2880)
2026-02-04 17:17:43,190 - engine.poker_game - INFO - 
--- PRE-FLOP BETTING ---
2026-02-04 17:17:43,191 - engine.poker_game - INFO -   ayden_random_but_not_random folds
2026-02-04 17:17:43,191 - engine.poker_game - INFO -   conservative_bot folds
2026-02-04 17:17:43,191 - engine.poker_game - INFO - Community Cards: []
2026-02-04 17:17:43,191 - engine.poker_game - INFO - Pot: 30
2026-02-04 17:17:43,192 - engine.poker_game - INFO - --------------------
2026-02-04 17:17:43,192 - tournament_runner - INFO - Hand #74 complete on table 1
2026-02-04 17:17:43,192 - tournament_runner - INFO - Starting hand #75 on table 1
2026-02-04 17:17:43,193 - engine.poker_game - INFO - aydenbutbetter posts small blind: 10
2026-02-04 17:17:43,193 - engine.poker_game - INFO - ayden_random_but_not_random posts big blind: 20
2026-02-04 17:17:43,193 - engine.poker_game - INFO - 
==============================
--- NEW HAND ---
2026-02-04 17:17:43,194 - engine.poker_game - INFO - Dealer: conservative_bot
2026-02-04 17:17:43,194 - engine.poker_game - INFO - conservative_bot has PlayerHand(cards=[5♣, 8♦]) (chips: 200)
2026-02-04 17:17:43,194 - engine.poker_game - INFO - aydenbutbetter has PlayerHand(cards=[10♠, 2♥]) (chips: 770)
2026-02-04 17:17:43,195 - engine.poker_game - INFO - ayden_random_but_not_random has PlayerHand(cards=[6♣, 3♣]) (chips: 2860)
2026-02-04 17:17:43,195 - engine.poker_game - INFO - 
--- PRE-FLOP BETTING ---
2026-02-04 17:17:43,195 - engine.poker_game - INFO -   conservative_bot folds
2026-02-04 17:17:43,196 - engine.poker_game - INFO -   aydenbutbetter folds
2026-02-04 17:17:43,196 - engine.poker_game - INFO - Community Cards: []
2026-02-04 17:17:43,196 - engine.poker_game - INFO - Pot: 30
2026-02-04 17:17:43,196 - engine.poker_game - INFO - --------------------
2026-02-04 17:17:43,196 - tournament_runner - INFO - Hand #75 complete on table 1
2026-02-04 17:17:43,197 - tournament_runner - INFO - Starting hand #76 on table 1
2026-02-04 17:17:43,197 - engine.poker_game - INFO - ayden_random_but_not_random posts small blind: 10
2026-02-04 17:17:43,197 - engine.poker_game - INFO - conservative_bot posts big blind: 20
2026-02-04 17:17:43,198 - engine.poker_game - INFO - 
==============================
--- NEW HAND ---
2026-02-04 17:17:43,198 - engine.poker_game - INFO - Dealer: aydenbutbetter
2026-02-04 17:17:43,198 - engine.poker_game - INFO - conservative_bot has PlayerHand(cards=[8♥, 10♣]) (chips: 180)
2026-02-04 17:17:43,198 - engine.poker_game - INFO - aydenbutbetter has PlayerHand(cards=[2♥, 5♣]) (chips: 770)
2026-02-04 17:17:43,199 - engine.poker_game - INFO - ayden_random_but_not_random has PlayerHand(cards=[9♦, 2♠]) (chips: 2850)
2026-02-04 17:17:43,199 - engine.poker_game - INFO - 
--- PRE-FLOP BETTING ---
2026-02-04 17:17:43,199 - engine.poker_game - INFO -   aydenbutbetter folds
2026-02-04 17:17:43,199 - engine.poker_game - INFO -   ayden_random_but_not_random calls 10
2026-02-04 17:17:43,200 - engine.poker_game - INFO -   conservative_bot folds
2026-02-04 17:17:43,200 - engine.poker_game - INFO - Community Cards: []
2026-02-04 17:17:43,200 - engine.poker_game - INFO - Pot: 40
2026-02-04 17:17:43,200 - engine.poker_game - INFO - --------------------
2026-02-04 17:17:43,201 - engine.poker_game - INFO - ayden_random_but_not_random wins 10 from side/main pot
2026-02-04 17:17:43,201 - engine.poker_game - WARNING - Pot logic residual: 30
2026-02-04 17:17:43,201 - tournament_runner - INFO - Hand #76 complete on table 1
2026-02-04 17:17:43,201 - tournament_runner - INFO - Starting hand #77 on table 1
2026-02-04 17:17:43,202 - engine.poker_game - INFO - conservative_bot posts small blind: 10
2026-02-04 17:17:43,202 - engine.poker_game - INFO - aydenbutbetter posts big blind: 20
2026-02-04 17:17:43,202 - engine.poker_game - INFO - 
==============================
--- NEW HAND ---
2026-02-04 17:17:43,202 - engine.poker_game - INFO - Dealer: ayden_random_but_not_random
2026-02-04 17:17:43,203 - engine.poker_game - INFO - conservative_bot has PlayerHand(cards=[J♥, 4♥]) (chips: 170)
2026-02-04 17:17:43,203 - engine.poker_game - INFO - aydenbutbetter has PlayerHand(cards=[4♣, A♠]) (chips: 750)
2026-02-04 17:17:43,203 - engine.poker_game - INFO - ayden_random_but_not_random has PlayerHand(cards=[8♦, 7♦]) (chips: 2880)
2026-02-04 17:17:43,203 - engine.poker_game - INFO - 
--- PRE-FLOP BETTING ---
2026-02-04 17:17:43,204 - engine.poker_game - INFO -   ayden_random_but_not_random folds
2026-02-04 17:17:43,204 - engine.poker_game - INFO -   conservative_bot folds
2026-02-04 17:17:43,204 - engine.poker_game - INFO - Community Cards: []
2026-02-04 17:17:43,205 - engine.poker_game - INFO - Pot: 30
2026-02-04 17:17:43,205 - engine.poker_game - INFO - --------------------
2026-02-04 17:17:43,205 - tournament_runner - INFO - Hand #77 complete on table 1
2026-02-04 17:17:43,205 - tournament_runner - INFO - Starting hand #78 on table 1
2026-02-04 17:17:43,206 - engine.poker_game - INFO - aydenbutbetter posts small blind: 10
2026-02-04 17:17:43,206 - engine.poker_game - INFO - ayden_random_but_not_random posts big blind: 20
2026-02-04 17:17:43,206 - engine.poker_game - INFO - 
==============================
--- NEW HAND ---
2026-02-04 17:17:43,206 - engine.poker_game - INFO - Dealer: conservative_bot
2026-02-04 17:17:43,207 - engine.poker_game - INFO - conservative_bot has PlayerHand(cards=[7♠, K♠]) (chips: 170)
2026-02-04 17:17:43,207 - engine.poker_game - INFO - aydenbutbetter has PlayerHand(cards=[9♥, K♦]) (chips: 740)
2026-02-04 17:17:43,207 - engine.poker_game - INFO - ayden_random_but_not_random has PlayerHand(cards=[K♣, 2♠]) (chips: 2860)
2026-02-04 17:17:43,207 - engine.poker_game - INFO - 
--- PRE-FLOP BETTING ---
2026-02-04 17:17:43,208 - engine.poker_game - INFO -   conservative_bot folds
2026-02-04 17:17:43,208 - engine.poker_game - INFO -   aydenbutbetter folds
2026-02-04 17:17:43,208 - engine.poker_game - INFO - Community Cards: []
2026-02-04 17:17:43,209 - engine.poker_game - INFO - Pot: 30
2026-02-04 17:17:43,209 - engine.poker_game - INFO - --------------------
2026-02-04 17:17:43,209 - tournament_runner - INFO - Hand #78 complete on table 1
2026-02-04 17:17:43,209 - tournament_runner - INFO - Starting hand #79 on table 1
2026-02-04 17:17:43,209 - engine.poker_game - INFO - ayden_random_but_not_random posts small blind: 10
2026-02-04 17:17:43,209 - engine.poker_game - INFO - conservative_bot posts big blind: 20
2026-02-04 17:17:43,209 - engine.poker_game - INFO - 
==============================
--- NEW HAND ---
2026-02-04 17:17:43,209 - engine.poker_game - INFO - Dealer: aydenbutbetter
2026-02-04 17:17:43,209 - engine.poker_game - INFO - conservative_bot has PlayerHand(cards=[6♣, A♥]) (chips: 150)
2026-02-04 17:17:43,210 - engine.poker_game - INFO - aydenbutbetter has PlayerHand(cards=[2♥, 8♦]) (chips: 740)
2026-02-04 17:17:43,210 - engine.poker_game - INFO - ayden_random_but_not_random has PlayerHand(cards=[5♠, 8♥]) (chips: 2850)
2026-02-04 17:17:43,210 - engine.poker_game - INFO - 
--- PRE-FLOP BETTING ---
2026-02-04 17:17:43,210 - engine.poker_game - INFO -   aydenbutbetter folds
2026-02-04 17:17:43,210 - engine.poker_game - INFO -   ayden_random_but_not_random folds
2026-02-04 17:17:43,210 - engine.poker_game - INFO - Community Cards: []
2026-02-04 17:17:43,210 - engine.poker_game - INFO - Pot: 30
2026-02-04 17:17:43,210 - engine.poker_game - INFO - --------------------
2026-02-04 17:17:43,210 - tournament_runner - INFO - Hand #79 complete on table 1
2026-02-04 17:17:43,211 - tournament_runner - INFO - Starting hand #80 on table 1
2026-02-04 17:17:43,211 - engine.poker_game - INFO - conservative_bot posts small blind: 10
2026-02-04 17:17:43,211 - engine.poker_game - INFO - aydenbutbetter posts big blind: 20
2026-02-04 17:17:43,212 - engine.poker_game - INFO - 
==============================
--- NEW HAND ---
2026-02-04 17:17:43,212 - engine.poker_game - INFO - Dealer: ayden_random_but_not_random
2026-02-04 17:17:43,212 - engine.poker_game - INFO - conservative_bot has PlayerHand(cards=[6♠, 2♥]) (chips: 140)
2026-02-04 17:17:43,213 - engine.poker_game - INFO - aydenbutbetter has PlayerHand(cards=[10♦, 4♣]) (chips: 720)
2026-02-04 17:17:43,213 - engine.poker_game - INFO - ayden_random_but_not_random has PlayerHand(cards=[K♠, 7♠]) (chips: 2850)
2026-02-04 17:17:43,213 - engine.poker_game - INFO - 
--- PRE-FLOP BETTING ---
2026-02-04 17:17:43,214 - engine.poker_game - INFO -   ayden_random_but_not_random folds
2026-02-04 17:17:43,214 - engine.poker_game - INFO -   conservative_bot folds
2026-02-04 17:17:43,214 - engine.poker_game - INFO - Community Cards: []
2026-02-04 17:17:43,215 - engine.poker_game - INFO - Pot: 30
2026-02-04 17:17:43,215 - engine.poker_game - INFO - --------------------
2026-02-04 17:17:43,215 - tournament_runner - INFO - Hand #80 complete on table 1
2026-02-04 17:17:43,216 - tournament_runner - INFO - Starting hand #81 on table 1
2026-02-04 17:17:43,216 - engine.poker_game - INFO - aydenbutbetter posts small blind: 10
2026-02-04 17:17:43,216 - engine.poker_game - INFO - ayden_random_but_not_random posts big blind: 20
2026-02-04 17:17:43,216 - engine.poker_game - INFO - 
==============================
--- NEW HAND ---
2026-02-04 17:17:43,217 - engine.poker_game - INFO - Dealer: conservative_bot
2026-02-04 17:17:43,217 - engine.poker_game - INFO - conservative_bot has PlayerHand(cards=[A♠, 2♥]) (chips: 140)
2026-02-04 17:17:43,217 - engine.poker_game - INFO - aydenbutbetter has PlayerHand(cards=[4♣, 4♥]) (chips: 710)
2026-02-04 17:17:43,218 - engine.poker_game - INFO - ayden_random_but_not_random has PlayerHand(cards=[10♥, 7♠]) (chips: 2830)
2026-02-04 17:17:43,218 - engine.poker_game - INFO - 
--- PRE-FLOP BETTING ---
2026-02-04 17:17:43,218 - engine.poker_game - INFO -   conservative_bot folds
2026-02-04 17:17:43,219 - engine.poker_game - INFO -   aydenbutbetter folds
2026-02-04 17:17:43,219 - engine.poker_game - INFO - Community Cards: []
2026-02-04 17:17:43,219 - engine.poker_game - INFO - Pot: 30
2026-02-04 17:17:43,220 - engine.poker_game - INFO - --------------------
2026-02-04 17:17:43,220 - tournament_runner - INFO - Hand #81 complete on table 1
2026-02-04 17:17:43,220 - tournament_runner - INFO - Starting hand #82 on table 1
2026-02-04 17:17:43,220 - engine.poker_game - INFO - ayden_random_but_not_random posts small blind: 10
2026-02-04 17:17:43,221 - engine.poker_game - INFO - conservative_bot posts big blind: 20
2026-02-04 17:17:43,221 - engine.poker_game - INFO - 
==============================
--- NEW HAND ---
2026-02-04 17:17:43,221 - engine.poker_game - INFO - Dealer: aydenbutbetter
2026-02-04 17:17:43,221 - engine.poker_game - INFO - conservative_bot has PlayerHand(cards=[Q♠, J♦]) (chips: 120)
2026-02-04 17:17:43,222 - engine.poker_game - INFO - aydenbutbetter has PlayerHand(cards=[K♦, J♥]) (chips: 710)
2026-02-04 17:17:43,222 - engine.poker_game - INFO - ayden_random_but_not_random has PlayerHand(cards=[5♠, 2♥]) (chips: 2820)
2026-02-04 17:17:43,222 - engine.poker_game - INFO - 
--- PRE-FLOP BETTING ---
2026-02-04 17:17:43,223 - engine.poker_game - INFO -   aydenbutbetter folds
2026-02-04 17:17:43,223 - engine.poker_game - INFO -   ayden_random_but_not_random calls 10
2026-02-04 17:17:43,223 - engine.poker_game - INFO -   conservative_bot raises to 40
2026-02-04 17:17:43,224 - engine.poker_game - INFO -   ayden_random_but_not_random raises to 66
2026-02-04 17:17:43,224 - engine.poker_game - INFO -   conservative_bot raises to 101
2026-02-04 17:17:43,224 - engine.poker_game - INFO -   ayden_random_but_not_random folds
2026-02-04 17:17:43,225 - engine.poker_game - INFO - Community Cards: []
2026-02-04 17:17:43,225 - engine.poker_game - INFO - Pot: 167
2026-02-04 17:17:43,225 - engine.poker_game - INFO - --------------------
2026-02-04 17:17:43,225 - engine.poker_game - INFO - conservative_bot wins 112 from side/main pot
2026-02-04 17:17:43,225 - engine.poker_game - INFO - conservative_bot wins 25 from side/main pot
2026-02-04 17:17:43,226 - engine.poker_game - WARNING - Pot logic residual: 30
2026-02-04 17:17:43,226 - tournament_runner - INFO - Hand #82 complete on table 1
2026-02-04 17:17:43,226 - tournament_runner - INFO - Starting hand #83 on table 1
2026-02-04 17:17:43,227 - engine.poker_game - INFO - conservative_bot posts small blind: 10
2026-02-04 17:17:43,227 - engine.poker_game - INFO - aydenbutbetter posts big blind: 20
2026-02-04 17:17:43,227 - engine.poker_game - INFO - 
==============================
--- NEW HAND ---
2026-02-04 17:17:43,227 - engine.poker_game - INFO - Dealer: ayden_random_but_not_random
2026-02-04 17:17:43,228 - engine.poker_game - INFO - conservative_bot has PlayerHand(cards=[5♣, 2♥]) (chips: 196)
2026-02-04 17:17:43,228 - engine.poker_game - INFO - aydenbutbetter has PlayerHand(cards=[10♥, 5♥]) (chips: 690)
2026-02-04 17:17:43,228 - engine.poker_game - INFO - ayden_random_but_not_random has PlayerHand(cards=[2♣, 4♣]) (chips: 2764)
2026-02-04 17:17:43,228 - engine.poker_game - INFO - 
--- PRE-FLOP BETTING ---
2026-02-04 17:17:43,229 - engine.poker_game - INFO -   ayden_random_but_not_random folds
2026-02-04 17:17:43,229 - engine.poker_game - INFO -   conservative_bot folds
2026-02-04 17:17:43,229 - engine.poker_game - INFO - Community Cards: []
2026-02-04 17:17:43,230 - engine.poker_game - INFO - Pot: 30
2026-02-04 17:17:43,230 - engine.poker_game - INFO - --------------------
2026-02-04 17:17:43,230 - tournament_runner - INFO - Hand #83 complete on table 1
2026-02-04 17:17:43,230 - tournament_runner - INFO - Starting hand #84 on table 1
2026-02-04 17:17:43,231 - engine.poker_game - INFO - aydenbutbetter posts small blind: 10
2026-02-04 17:17:43,231 - engine.poker_game - INFO - ayden_random_but_not_random posts big blind: 20
2026-02-04 17:17:43,231 - engine.poker_game - INFO - 
==============================
--- NEW HAND ---
2026-02-04 17:17:43,231 - engine.poker_game - INFO - Dealer: conservative_bot
2026-02-04 17:17:43,232 - engine.poker_game - INFO - conservative_bot has PlayerHand(cards=[J♠, 9♣]) (chips: 196)
2026-02-04 17:17:43,232 - engine.poker_game - INFO - aydenbutbetter has PlayerHand(cards=[Q♣, 4♥]) (chips: 680)
2026-02-04 17:17:43,232 - engine.poker_game - INFO - ayden_random_but_not_random has PlayerHand(cards=[6♣, 5♦]) (chips: 2744)
2026-02-04 17:17:43,232 - engine.poker_game - INFO - 
--- PRE-FLOP BETTING ---
2026-02-04 17:17:43,233 - engine.poker_game - INFO -   conservative_bot folds
2026-02-04 17:17:43,233 - engine.poker_game - INFO -   aydenbutbetter folds
2026-02-04 17:17:43,233 - engine.poker_game - INFO - Community Cards: []
2026-02-04 17:17:43,234 - engine.poker_game - INFO - Pot: 30
2026-02-04 17:17:43,234 - engine.poker_game - INFO - --------------------
2026-02-04 17:17:43,234 - tournament_runner - INFO - Hand #84 complete on table 1
2026-02-04 17:17:43,234 - tournament_runner - INFO - Starting hand #85 on table 1
2026-02-04 17:17:43,235 - engine.poker_game - INFO - ayden_random_but_not_random posts small blind: 10
2026-02-04 17:17:43,235 - engine.poker_game - INFO - conservative_bot posts big blind: 20
2026-02-04 17:17:43,235 - engine.poker_game - INFO - 
==============================
--- NEW HAND ---
2026-02-04 17:17:43,236 - engine.poker_game - INFO - Dealer: aydenbutbetter
2026-02-04 17:17:43,236 - engine.poker_game - INFO - conservative_bot has PlayerHand(cards=[J♦, 4♥]) (chips: 176)
2026-02-04 17:17:43,236 - engine.poker_game - INFO - aydenbutbetter has PlayerHand(cards=[J♥, Q♠]) (chips: 680)
2026-02-04 17:17:43,236 - engine.poker_game - INFO - ayden_random_but_not_random has PlayerHand(cards=[K♠, 10♥]) (chips: 2734)
2026-02-04 17:17:43,237 - engine.poker_game - INFO - 
--- PRE-FLOP BETTING ---
2026-02-04 17:17:43,237 - engine.poker_game - INFO -   aydenbutbetter folds
2026-02-04 17:17:43,238 - engine.poker_game - INFO -   ayden_random_but_not_random calls 10
2026-02-04 17:17:43,238 - engine.poker_game - INFO -   conservative_bot folds
2026-02-04 17:17:43,238 - engine.poker_game - INFO - Community Cards: []
2026-02-04 17:17:43,238 - engine.poker_game - INFO - Pot: 40
2026-02-04 17:17:43,239 - engine.poker_game - INFO - --------------------
2026-02-04 17:17:43,239 - engine.poker_game - INFO - ayden_random_but_not_random wins 10 from side/main pot
2026-02-04 17:17:43,239 - engine.poker_game - WARNING - Pot logic residual: 30
2026-02-04 17:17:43,239 - tournament_runner - INFO - Hand #85 complete on table 1
2026-02-04 17:17:43,239 - tournament_runner - INFO - Starting hand #86 on table 1
2026-02-04 17:17:43,240 - engine.poker_game - INFO - conservative_bot posts small blind: 10
2026-02-04 17:17:43,240 - engine.poker_game - INFO - aydenbutbetter posts big blind: 20
2026-02-04 17:17:43,240 - engine.poker_game - INFO - 
==============================
--- NEW HAND ---
2026-02-04 17:17:43,241 - engine.poker_game - INFO - Dealer: ayden_random_but_not_random
2026-02-04 17:17:43,241 - engine.poker_game - INFO - conservative_bot has PlayerHand(cards=[K♥, 4♥]) (chips: 166)
2026-02-04 17:17:43,241 - engine.poker_game - INFO - aydenbutbetter has PlayerHand(cards=[A♥, 10♦]) (chips: 660)
2026-02-04 17:17:43,241 - engine.poker_game - INFO - ayden_random_but_not_random has PlayerHand(cards=[10♠, 6♥]) (chips: 2764)
2026-02-04 17:17:43,241 - engine.poker_game - INFO - 
--- PRE-FLOP BETTING ---
2026-02-04 17:17:43,242 - engine.poker_game - INFO -   ayden_random_but_not_random raises to 44
2026-02-04 17:17:43,242 - engine.poker_game - INFO -   conservative_bot folds
2026-02-04 17:17:43,242 - engine.poker_game - INFO -   aydenbutbetter folds
2026-02-04 17:17:43,243 - engine.poker_game - INFO - Community Cards: []
2026-02-04 17:17:43,243 - engine.poker_game - INFO - Pot: 74
2026-02-04 17:17:43,243 - engine.poker_game - INFO - --------------------
2026-02-04 17:17:43,243 - engine.poker_game - INFO - ayden_random_but_not_random wins 44 from side/main pot
2026-02-04 17:17:43,244 - engine.poker_game - WARNING - Pot logic residual: 30
2026-02-04 17:17:43,244 - tournament_runner - INFO - Hand #86 complete on table 1
2026-02-04 17:17:43,244 - tournament_runner - INFO - Starting hand #87 on table 1
2026-02-04 17:17:43,244 - engine.poker_game - INFO - aydenbutbetter posts small blind: 10
2026-02-04 17:17:43,245 - engine.poker_game - INFO - ayden_random_but_not_random posts big blind: 20
2026-02-04 17:17:43,245 - engine.poker_game - INFO - 
==============================
--- NEW HAND ---
2026-02-04 17:17:43,245 - engine.poker_game - INFO - Dealer: conservative_bot
2026-02-04 17:17:43,245 - engine.poker_game - INFO - conservative_bot has PlayerHand(cards=[3♥, 8♦]) (chips: 166)
2026-02-04 17:17:43,246 - engine.poker_game - INFO - aydenbutbetter has PlayerHand(cards=[5♣, 7♠]) (chips: 650)
2026-02-04 17:17:43,246 - engine.poker_game - INFO - ayden_random_but_not_random has PlayerHand(cards=[2♣, 4♠]) (chips: 2774)
2026-02-04 17:17:43,246 - engine.poker_game - INFO - 
--- PRE-FLOP BETTING ---
2026-02-04 17:17:43,246 - engine.poker_game - INFO -   conservative_bot folds
2026-02-04 17:17:43,246 - engine.poker_game - INFO -   aydenbutbetter folds
2026-02-04 17:17:43,247 - engine.poker_game - INFO - Community Cards: []
2026-02-04 17:17:43,247 - engine.poker_game - INFO - Pot: 30
2026-02-04 17:17:43,247 - engine.poker_game - INFO - --------------------
2026-02-04 17:17:43,247 - tournament_runner - INFO - Hand #87 complete on table 1
2026-02-04 17:17:43,248 - tournament_runner - INFO - Starting hand #88 on table 1
2026-02-04 17:17:43,248 - engine.poker_game - INFO - ayden_random_but_not_random posts small blind: 10
2026-02-04 17:17:43,248 - engine.poker_game - INFO - conservative_bot posts big blind: 20
2026-02-04 17:17:43,248 - engine.poker_game - INFO - 
==============================
--- NEW HAND ---
2026-02-04 17:17:43,249 - engine.poker_game - INFO - Dealer: aydenbutbetter
2026-02-04 17:17:43,249 - engine.poker_game - INFO - conservative_bot has PlayerHand(cards=[5♦, 5♣]) (chips: 146)
2026-02-04 17:17:43,249 - engine.poker_game - INFO - aydenbutbetter has PlayerHand(cards=[8♠, K♦]) (chips: 650)
2026-02-04 17:17:43,249 - engine.poker_game - INFO - ayden_random_but_not_random has PlayerHand(cards=[2♦, 8♦]) (chips: 2764)
2026-02-04 17:17:43,250 - engine.poker_game - INFO - 
--- PRE-FLOP BETTING ---
2026-02-04 17:17:43,250 - engine.poker_game - INFO -   aydenbutbetter folds
2026-02-04 17:17:43,250 - engine.poker_game - INFO -   ayden_random_but_not_random goes all-in for 2764
2026-02-04 17:17:43,251 - engine.poker_game - INFO -   conservative_bot folds
2026-02-04 17:17:43,251 - engine.poker_game - INFO - Community Cards: []
2026-02-04 17:17:43,251 - engine.poker_game - INFO - Pot: 2794
2026-02-04 17:17:43,251 - engine.poker_game - INFO - --------------------
2026-02-04 17:17:43,251 - engine.poker_game - INFO - ayden_random_but_not_random wins 2764 from side/main pot
2026-02-04 17:17:43,251 - engine.poker_game - WARNING - Pot logic residual: 30
2026-02-04 17:17:43,251 - tournament_runner - INFO - Hand #88 complete on table 1
2026-02-04 17:17:43,252 - tournament_runner - INFO - Starting hand #89 on table 1
2026-02-04 17:17:43,252 - engine.poker_game - INFO - conservative_bot posts small blind: 10
2026-02-04 17:17:43,252 - engine.poker_game - INFO - aydenbutbetter posts big blind: 20
2026-02-04 17:17:43,252 - engine.poker_game - INFO - 
==============================
--- NEW HAND ---
2026-02-04 17:17:43,253 - engine.poker_game - INFO - Dealer: ayden_random_but_not_random
2026-02-04 17:17:43,253 - engine.poker_game - INFO - conservative_bot has PlayerHand(cards=[Q♠, 2♣]) (chips: 136)
2026-02-04 17:17:43,253 - engine.poker_game - INFO - aydenbutbetter has PlayerHand(cards=[10♣, 8♠]) (chips: 630)
2026-02-04 17:17:43,254 - engine.poker_game - INFO - ayden_random_but_not_random has PlayerHand(cards=[10♥, A♠]) (chips: 2794)
2026-02-04 17:17:43,254 - engine.poker_game - INFO - 
--- PRE-FLOP BETTING ---
2026-02-04 17:17:43,254 - engine.poker_game - INFO -   ayden_random_but_not_random calls 20
2026-02-04 17:17:43,255 - engine.poker_game - INFO -   conservative_bot folds
2026-02-04 17:17:43,255 - engine.poker_game - INFO -   aydenbutbetter folds
2026-02-04 17:17:43,255 - engine.poker_game - INFO - Community Cards: []
2026-02-04 17:17:43,255 - engine.poker_game - INFO - Pot: 50
2026-02-04 17:17:43,255 - engine.poker_game - INFO - --------------------
2026-02-04 17:17:43,256 - engine.poker_game - INFO - ayden_random_but_not_random wins 20 from side/main pot
2026-02-04 17:17:43,256 - engine.poker_game - WARNING - Pot logic residual: 30
2026-02-04 17:17:43,256 - tournament_runner - INFO - Hand #89 complete on table 1
2026-02-04 17:17:43,256 - tournament_runner - INFO - Starting hand #90 on table 1
2026-02-04 17:17:43,257 - engine.poker_game - INFO - aydenbutbetter posts small blind: 10
2026-02-04 17:17:43,257 - engine.poker_game - INFO - ayden_random_but_not_random posts big blind: 20
2026-02-04 17:17:43,257 - engine.poker_game - INFO - 
==============================
--- NEW HAND ---
2026-02-04 17:17:43,257 - engine.poker_game - INFO - Dealer: conservative_bot
2026-02-04 17:17:43,258 - engine.poker_game - INFO - conservative_bot has PlayerHand(cards=[A♦, 7♦]) (chips: 136)
2026-02-04 17:17:43,258 - engine.poker_game - INFO - aydenbutbetter has PlayerHand(cards=[8♣, 9♥]) (chips: 620)
2026-02-04 17:17:43,258 - engine.poker_game - INFO - ayden_random_but_not_random has PlayerHand(cards=[2♠, 5♠]) (chips: 2804)
2026-02-04 17:17:43,258 - engine.poker_game - INFO - 
--- PRE-FLOP BETTING ---
2026-02-04 17:17:43,258 - engine.poker_game - INFO -   conservative_bot folds
2026-02-04 17:17:43,259 - engine.poker_game - INFO -   aydenbutbetter folds
2026-02-04 17:17:43,259 - engine.poker_game - INFO - Community Cards: []
2026-02-04 17:17:43,259 - engine.poker_game - INFO - Pot: 30
2026-02-04 17:17:43,259 - engine.poker_game - INFO - --------------------
2026-02-04 17:17:43,260 - tournament_runner - INFO - Hand #90 complete on table 1
2026-02-04 17:17:43,260 - tournament_runner - INFO - Starting hand #91 on table 1
2026-02-04 17:17:43,260 - engine.poker_game - INFO - ayden_random_but_not_random posts small blind: 10
2026-02-04 17:17:43,261 - engine.poker_game - INFO - conservative_bot posts big blind: 20
2026-02-04 17:17:43,261 - engine.poker_game - INFO - 
==============================
--- NEW HAND ---
2026-02-04 17:17:43,261 - engine.poker_game - INFO - Dealer: aydenbutbetter
2026-02-04 17:17:43,261 - engine.poker_game - INFO - conservative_bot has PlayerHand(cards=[Q♥, 10♣]) (chips: 116)
2026-02-04 17:17:43,262 - engine.poker_game - INFO - aydenbutbetter has PlayerHand(cards=[6♣, 2♠]) (chips: 620)
2026-02-04 17:17:43,262 - engine.poker_game - INFO - ayden_random_but_not_random has PlayerHand(cards=[8♠, 4♠]) (chips: 2794)
2026-02-04 17:17:43,262 - engine.poker_game - INFO - 
--- PRE-FLOP BETTING ---
2026-02-04 17:17:43,262 - engine.poker_game - INFO -   aydenbutbetter folds
2026-02-04 17:17:43,262 - engine.poker_game - INFO -   ayden_random_but_not_random folds
2026-02-04 17:17:43,263 - engine.poker_game - INFO - Community Cards: []
2026-02-04 17:17:43,263 - engine.poker_game - INFO - Pot: 30
2026-02-04 17:17:43,263 - engine.poker_game - INFO - --------------------
2026-02-04 17:17:43,263 - tournament_runner - INFO - Hand #91 complete on table 1
2026-02-04 17:17:43,263 - tournament_runner - INFO - Starting hand #92 on table 1
2026-02-04 17:17:43,263 - engine.poker_game - INFO - conservative_bot posts small blind: 10
2026-02-04 17:17:43,263 - engine.poker_game - INFO - aydenbutbetter posts big blind: 20
2026-02-04 17:17:43,263 - engine.poker_game - INFO - 
==============================
--- NEW HAND ---
2026-02-04 17:17:43,264 - engine.poker_game - INFO - Dealer: ayden_random_but_not_random
2026-02-04 17:17:43,264 - engine.poker_game - INFO - conservative_bot has PlayerHand(cards=[3♠, 4♥]) (chips: 106)
2026-02-04 17:17:43,264 - engine.poker_game - INFO - aydenbutbetter has PlayerHand(cards=[10♥, 6♣]) (chips: 600)
2026-02-04 17:17:43,264 - engine.poker_game - INFO - ayden_random_but_not_random has PlayerHand(cards=[K♣, 7♠]) (chips: 2794)
2026-02-04 17:17:43,265 - engine.poker_game - INFO - 
--- PRE-FLOP BETTING ---
2026-02-04 17:17:43,265 - engine.poker_game - INFO -   ayden_random_but_not_random folds
2026-02-04 17:17:43,265 - engine.poker_game - INFO -   conservative_bot folds
2026-02-04 17:17:43,266 - engine.poker_game - INFO - Community Cards: []
2026-02-04 17:17:43,266 - engine.poker_game - INFO - Pot: 30
2026-02-04 17:17:43,266 - engine.poker_game - INFO - --------------------
2026-02-04 17:17:43,266 - tournament_runner - INFO - Hand #92 complete on table 1
2026-02-04 17:17:43,267 - tournament_runner - INFO - Starting hand #93 on table 1
2026-02-04 17:17:43,267 - engine.poker_game - INFO - aydenbutbetter posts small blind: 10
2026-02-04 17:17:43,267 - engine.poker_game - INFO - ayden_random_but_not_random posts big blind: 20
2026-02-04 17:17:43,268 - engine.poker_game - INFO - 
==============================
--- NEW HAND ---
2026-02-04 17:17:43,268 - engine.poker_game - INFO - Dealer: conservative_bot
2026-02-04 17:17:43,268 - engine.poker_game - INFO - conservative_bot has PlayerHand(cards=[3♣, 7♣]) (chips: 106)
2026-02-04 17:17:43,269 - engine.poker_game - INFO - aydenbutbetter has PlayerHand(cards=[8♠, 2♦]) (chips: 590)
2026-02-04 17:17:43,269 - engine.poker_game - INFO - ayden_random_but_not_random has PlayerHand(cards=[7♠, 5♥]) (chips: 2774)
2026-02-04 17:17:43,269 - engine.poker_game - INFO - 
--- PRE-FLOP BETTING ---
2026-02-04 17:17:43,270 - engine.poker_game - INFO -   conservative_bot folds
2026-02-04 17:17:43,270 - engine.poker_game - INFO -   aydenbutbetter folds
2026-02-04 17:17:43,270 - engine.poker_game - INFO - Community Cards: []
2026-02-04 17:17:43,270 - engine.poker_game - INFO - Pot: 30
2026-02-04 17:17:43,270 - engine.poker_game - INFO - --------------------
2026-02-04 17:17:43,271 - tournament_runner - INFO - Hand #93 complete on table 1
2026-02-04 17:17:43,271 - tournament_runner - INFO - Starting hand #94 on table 1
2026-02-04 17:17:43,271 - engine.poker_game - INFO - ayden_random_but_not_random posts small blind: 10
2026-02-04 17:17:43,272 - engine.poker_game - INFO - conservative_bot posts big blind: 20
2026-02-04 17:17:43,272 - engine.poker_game - INFO - 
==============================
--- NEW HAND ---
2026-02-04 17:17:43,272 - engine.poker_game - INFO - Dealer: aydenbutbetter
2026-02-04 17:17:43,272 - engine.poker_game - INFO - conservative_bot has PlayerHand(cards=[3♠, 10♥]) (chips: 86)
2026-02-04 17:17:43,273 - engine.poker_game - INFO - aydenbutbetter has PlayerHand(cards=[5♥, 4♥]) (chips: 590)
2026-02-04 17:17:43,273 - engine.poker_game - INFO - ayden_random_but_not_random has PlayerHand(cards=[Q♠, Q♥]) (chips: 2764)
2026-02-04 17:17:43,273 - engine.poker_game - INFO - 
--- PRE-FLOP BETTING ---
2026-02-04 17:17:43,274 - bot_manager.aydenbutbetter - WARNING - Bot aydenbutbetter attempted invalid raise amount 10, folding instead
2026-02-04 17:17:43,274 - engine.poker_game - INFO -   aydenbutbetter folds
2026-02-04 17:17:43,274 - engine.poker_game - INFO -   ayden_random_but_not_random folds
2026-02-04 17:17:43,275 - engine.poker_game - INFO - Community Cards: []
2026-02-04 17:17:43,275 - engine.poker_game - INFO - Pot: 30
2026-02-04 17:17:43,275 - engine.poker_game - INFO - --------------------
2026-02-04 17:17:43,275 - tournament_runner - INFO - Hand #94 complete on table 1
2026-02-04 17:17:43,276 - tournament_runner - INFO - Starting hand #95 on table 1
2026-02-04 17:17:43,276 - engine.poker_game - INFO - conservative_bot posts small blind: 10
2026-02-04 17:17:43,276 - engine.poker_game - INFO - aydenbutbetter posts big blind: 20
2026-02-04 17:17:43,276 - engine.poker_game - INFO - 
==============================
--- NEW HAND ---
2026-02-04 17:17:43,277 - engine.poker_game - INFO - Dealer: ayden_random_but_not_random
2026-02-04 17:17:43,277 - engine.poker_game - INFO - conservative_bot has PlayerHand(cards=[J♥, 8♦]) (chips: 76)
2026-02-04 17:17:43,277 - engine.poker_game - INFO - aydenbutbetter has PlayerHand(cards=[9♠, 3♣]) (chips: 570)
2026-02-04 17:17:43,278 - engine.poker_game - INFO - ayden_random_but_not_random has PlayerHand(cards=[2♥, 9♣]) (chips: 2764)
2026-02-04 17:17:43,278 - engine.poker_game - INFO - 
--- PRE-FLOP BETTING ---
2026-02-04 17:17:43,278 - engine.poker_game - INFO -   ayden_random_but_not_random folds
2026-02-04 17:17:43,278 - engine.poker_game - INFO -   conservative_bot folds
2026-02-04 17:17:43,279 - engine.poker_game - INFO - Community Cards: []
2026-02-04 17:17:43,279 - engine.poker_game - INFO - Pot: 30
2026-02-04 17:17:43,279 - engine.poker_game - INFO - --------------------
2026-02-04 17:17:43,279 - tournament_runner - INFO - Hand #95 complete on table 1
2026-02-04 17:17:43,280 - tournament_runner - INFO - Starting hand #96 on table 1
2026-02-04 17:17:43,280 - engine.poker_game - INFO - aydenbutbetter posts small blind: 10
2026-02-04 17:17:43,280 - engine.poker_game - INFO - ayden_random_but_not_random posts big blind: 20
2026-02-04 17:17:43,280 - engine.poker_game - INFO - 
==============================
--- NEW HAND ---
2026-02-04 17:17:43,281 - engine.poker_game - INFO - Dealer: conservative_bot
2026-02-04 17:17:43,281 - engine.poker_game - INFO - conservative_bot has PlayerHand(cards=[2♣, 8♠]) (chips: 76)
2026-02-04 17:17:43,281 - engine.poker_game - INFO - aydenbutbetter has PlayerHand(cards=[3♣, 9♠]) (chips: 560)
2026-02-04 17:17:43,282 - engine.poker_game - INFO - ayden_random_but_not_random has PlayerHand(cards=[Q♦, 10♦]) (chips: 2744)
2026-02-04 17:17:43,282 - engine.poker_game - INFO - 
--- PRE-FLOP BETTING ---
2026-02-04 17:17:43,282 - engine.poker_game - INFO -   conservative_bot folds
2026-02-04 17:17:43,282 - engine.poker_game - INFO -   aydenbutbetter folds
2026-02-04 17:17:43,283 - engine.poker_game - INFO - Community Cards: []
2026-02-04 17:17:43,283 - engine.poker_game - INFO - Pot: 30
2026-02-04 17:17:43,283 - engine.poker_game - INFO - --------------------
2026-02-04 17:17:43,283 - tournament_runner - INFO - Hand #96 complete on table 1
2026-02-04 17:17:43,284 - tournament_runner - INFO - Starting hand #97 on table 1
2026-02-04 17:17:43,284 - engine.poker_game - INFO - ayden_random_but_not_random posts small blind: 10
2026-02-04 17:17:43,284 - engine.poker_game - INFO - conservative_bot posts big blind: 20
2026-02-04 17:17:43,284 - engine.poker_game - INFO - 
==============================
--- NEW HAND ---
2026-02-04 17:17:43,285 - engine.poker_game - INFO - Dealer: aydenbutbetter
2026-02-04 17:17:43,285 - engine.poker_game - INFO - conservative_bot has PlayerHand(cards=[4♣, J♥]) (chips: 56)
2026-02-04 17:17:43,285 - engine.poker_game - INFO - aydenbutbetter has PlayerHand(cards=[Q♠, 8♥]) (chips: 560)
2026-02-04 17:17:43,286 - engine.poker_game - INFO - ayden_random_but_not_random has PlayerHand(cards=[A♠, 8♦]) (chips: 2734)
2026-02-04 17:17:43,286 - engine.poker_game - INFO - 
--- PRE-FLOP BETTING ---
2026-02-04 17:17:43,286 - engine.poker_game - INFO -   aydenbutbetter folds
2026-02-04 17:17:43,286 - engine.poker_game - INFO -   ayden_random_but_not_random raises to 44
2026-02-04 17:17:43,287 - engine.poker_game - INFO -   conservative_bot folds
2026-02-04 17:17:43,287 - engine.poker_game - INFO - Community Cards: []
2026-02-04 17:17:43,287 - engine.poker_game - INFO - Pot: 64
2026-02-04 17:17:43,287 - engine.poker_game - INFO - --------------------
2026-02-04 17:17:43,288 - engine.poker_game - INFO - ayden_random_but_not_random wins 34 from side/main pot
2026-02-04 17:17:43,288 - engine.poker_game - WARNING - Pot logic residual: 30
2026-02-04 17:17:43,288 - tournament_runner - INFO - Hand #97 complete on table 1
2026-02-04 17:17:43,288 - tournament_runner - INFO - Starting hand #98 on table 1
2026-02-04 17:17:43,289 - engine.poker_game - INFO - conservative_bot posts small blind: 10
2026-02-04 17:17:43,289 - engine.poker_game - INFO - aydenbutbetter posts big blind: 20
2026-02-04 17:17:43,289 - engine.poker_game - INFO - 
==============================
--- NEW HAND ---
2026-02-04 17:17:43,289 - engine.poker_game - INFO - Dealer: ayden_random_but_not_random
2026-02-04 17:17:43,290 - engine.poker_game - INFO - conservative_bot has PlayerHand(cards=[A♥, J♠]) (chips: 46)
2026-02-04 17:17:43,290 - engine.poker_game - INFO - aydenbutbetter has PlayerHand(cards=[6♣, 7♥]) (chips: 540)
2026-02-04 17:17:43,290 - engine.poker_game - INFO - ayden_random_but_not_random has PlayerHand(cards=[10♦, 4♥]) (chips: 2764)
2026-02-04 17:17:43,290 - engine.poker_game - INFO - 
--- PRE-FLOP BETTING ---
2026-02-04 17:17:43,290 - engine.poker_game - INFO -   ayden_random_but_not_random calls 20
2026-02-04 17:17:43,290 - engine.poker_game - INFO -   conservative_bot raises to 40
2026-02-04 17:17:43,290 - engine.poker_game - INFO -   aydenbutbetter folds
2026-02-04 17:17:43,291 - engine.poker_game - INFO -   ayden_random_but_not_random goes all-in for 2744
2026-02-04 17:17:43,291 - engine.poker_game - INFO -   conservative_bot folds
2026-02-04 17:17:43,291 - engine.poker_game - INFO - Community Cards: []
2026-02-04 17:17:43,291 - engine.poker_game - INFO - Pot: 2824
2026-02-04 17:17:43,292 - engine.poker_game - INFO - --------------------
2026-02-04 17:17:43,292 - engine.poker_game - INFO - ayden_random_but_not_random wins 60 from side/main pot
2026-02-04 17:17:43,293 - engine.poker_game - INFO - ayden_random_but_not_random wins 2734 from side/main pot
2026-02-04 17:17:43,293 - engine.poker_game - WARNING - Pot logic residual: 30
2026-02-04 17:17:43,294 - tournament_runner - INFO - Hand #98 complete on table 1
2026-02-04 17:17:43,294 - tournament_runner - INFO - Starting hand #99 on table 1
2026-02-04 17:17:43,295 - engine.poker_game - INFO - aydenbutbetter posts small blind: 10
2026-02-04 17:17:43,295 - engine.poker_game - INFO - ayden_random_but_not_random posts big blind: 20
2026-02-04 17:17:43,295 - engine.poker_game - INFO - 
==============================
--- NEW HAND ---
2026-02-04 17:17:43,295 - engine.poker_game - INFO - Dealer: conservative_bot
2026-02-04 17:17:43,296 - engine.poker_game - INFO - conservative_bot has PlayerHand(cards=[2♣, 8♥]) (chips: 16)
2026-02-04 17:17:43,296 - engine.poker_game - INFO - aydenbutbetter has PlayerHand(cards=[4♣, 10♥]) (chips: 530)
2026-02-04 17:17:43,296 - engine.poker_game - INFO - ayden_random_but_not_random has PlayerHand(cards=[A♣, 6♥]) (chips: 2804)
2026-02-04 17:17:43,297 - engine.poker_game - INFO - 
--- PRE-FLOP BETTING ---
2026-02-04 17:17:43,297 - engine.poker_game - INFO -   conservative_bot folds
2026-02-04 17:17:43,297 - engine.poker_game - INFO -   aydenbutbetter folds
2026-02-04 17:17:43,298 - engine.poker_game - INFO - Community Cards: []
2026-02-04 17:17:43,298 - engine.poker_game - INFO - Pot: 30
2026-02-04 17:17:43,298 - engine.poker_game - INFO - --------------------
2026-02-04 17:17:43,298 - tournament_runner - INFO - Hand #99 complete on table 1
2026-02-04 17:17:43,299 - tournament_runner - INFO - Starting hand #100 on table 1
2026-02-04 17:17:43,299 - engine.poker_game - INFO - ayden_random_but_not_random posts small blind: 10
2026-02-04 17:17:43,299 - engine.poker_game - INFO - conservative_bot posts big blind: 16
2026-02-04 17:17:43,300 - engine.poker_game - INFO - 
==============================
--- NEW HAND ---
2026-02-04 17:17:43,300 - engine.poker_game - INFO - Dealer: aydenbutbetter
2026-02-04 17:17:43,300 - engine.poker_game - INFO - conservative_bot has PlayerHand(cards=[6♠, 10♣]) (chips: 0)
2026-02-04 17:17:43,300 - engine.poker_game - INFO - aydenbutbetter has PlayerHand(cards=[7♥, A♣]) (chips: 530)
2026-02-04 17:17:43,300 - engine.poker_game - INFO - ayden_random_but_not_random has PlayerHand(cards=[2♦, 3♠]) (chips: 2794)
2026-02-04 17:17:43,301 - engine.poker_game - INFO - 
--- PRE-FLOP BETTING ---
2026-02-04 17:17:43,301 - engine.poker_game - INFO -   aydenbutbetter folds
2026-02-04 17:17:43,301 - engine.poker_game - INFO -   ayden_random_but_not_random folds
2026-02-04 17:17:43,302 - engine.poker_game - INFO - Community Cards: []
2026-02-04 17:17:43,302 - engine.poker_game - INFO - Pot: 26
2026-02-04 17:17:43,302 - engine.poker_game - INFO - --------------------
2026-02-04 17:17:43,302 - tournament.table_1 - INFO - Player conservative_bot eliminated from table 1 on hand 99
2026-02-04 17:17:43,302 - tournament - INFO - Player conservative_bot eliminated in position 3
2026-02-04 17:17:43,303 - tournament_runner - INFO - Hand #100 complete on table 1
2026-02-04 17:17:43,303 - tournament_runner - INFO - Starting hand #101 on table 1
2026-02-04 17:17:43,303 - engine.poker_game - INFO - aydenbutbetter posts small blind: 10
2026-02-04 17:17:43,303 - engine.poker_game - INFO - ayden_random_but_not_random posts big blind: 20
2026-02-04 17:17:43,303 - engine.poker_game - INFO - 
==============================
--- NEW HAND ---
2026-02-04 17:17:43,303 - engine.poker_game - INFO - Dealer: aydenbutbetter
2026-02-04 17:17:43,303 - engine.poker_game - INFO - aydenbutbetter has PlayerHand(cards=[10♠, 6♥]) (chips: 520)
2026-02-04 17:17:43,303 - engine.poker_game - INFO - ayden_random_but_not_random has PlayerHand(cards=[J♠, 2♦]) (chips: 2774)
2026-02-04 17:17:43,303 - engine.poker_game - INFO - 
--- PRE-FLOP BETTING ---
2026-02-04 17:17:43,304 - engine.poker_game - INFO -   aydenbutbetter folds
2026-02-04 17:17:43,304 - engine.poker_game - INFO - Community Cards: []
2026-02-04 17:17:43,304 - engine.poker_game - INFO - Pot: 30
2026-02-04 17:17:43,304 - engine.poker_game - INFO - --------------------
2026-02-04 17:17:43,304 - tournament_runner - INFO - Hand #101 complete on table 1
2026-02-04 17:17:43,305 - tournament_runner - INFO - Starting hand #102 on table 1
2026-02-04 17:17:43,305 - engine.poker_game - INFO - ayden_random_but_not_random posts small blind: 10
2026-02-04 17:17:43,305 - engine.poker_game - INFO - aydenbutbetter posts big blind: 20
2026-02-04 17:17:43,306 - engine.poker_game - INFO - 
==============================
--- NEW HAND ---
2026-02-04 17:17:43,306 - engine.poker_game - INFO - Dealer: ayden_random_but_not_random
2026-02-04 17:17:43,306 - engine.poker_game - INFO - aydenbutbetter has PlayerHand(cards=[3♦, 5♠]) (chips: 500)
2026-02-04 17:17:43,307 - engine.poker_game - INFO - ayden_random_but_not_random has PlayerHand(cards=[8♠, 8♣]) (chips: 2764)
2026-02-04 17:17:43,307 - engine.poker_game - INFO - 
--- PRE-FLOP BETTING ---
2026-02-04 17:17:43,307 - engine.poker_game - INFO -   ayden_random_but_not_random folds
2026-02-04 17:17:43,307 - engine.poker_game - INFO - Community Cards: []
2026-02-04 17:17:43,308 - engine.poker_game - INFO - Pot: 30
2026-02-04 17:17:43,308 - engine.poker_game - INFO - --------------------
2026-02-04 17:17:43,308 - tournament_runner - INFO - Hand #102 complete on table 1
2026-02-04 17:17:43,309 - tournament_runner - INFO - Starting hand #103 on table 1
2026-02-04 17:17:43,309 - engine.poker_game - INFO - aydenbutbetter posts small blind: 10
2026-02-04 17:17:43,309 - engine.poker_game - INFO - ayden_random_but_not_random posts big blind: 20
2026-02-04 17:17:43,310 - engine.poker_game - INFO - 
==============================
--- NEW HAND ---
2026-02-04 17:17:43,310 - engine.poker_game - INFO - Dealer: aydenbutbetter
2026-02-04 17:17:43,310 - engine.poker_game - INFO - aydenbutbetter has PlayerHand(cards=[Q♣, 5♣]) (chips: 490)
2026-02-04 17:17:43,310 - engine.poker_game - INFO - ayden_random_but_not_random has PlayerHand(cards=[4♥, 7♣]) (chips: 2744)
2026-02-04 17:17:43,311 - engine.poker_game - INFO - 
--- PRE-FLOP BETTING ---
2026-02-04 17:17:43,311 - bot_manager.aydenbutbetter - WARNING - Bot aydenbutbetter attempted invalid raise amount 10, folding instead
2026-02-04 17:17:43,312 - engine.poker_game - INFO -   aydenbutbetter folds
2026-02-04 17:17:43,312 - engine.poker_game - INFO - Community Cards: []
2026-02-04 17:17:43,312 - engine.poker_game - INFO - Pot: 30
2026-02-04 17:17:43,312 - engine.poker_game - INFO - --------------------
2026-02-04 17:17:43,313 - tournament_runner - INFO - Hand #103 complete on table 1
2026-02-04 17:17:43,313 - tournament_runner - INFO - Starting hand #104 on table 1
2026-02-04 17:17:43,313 - engine.poker_game - INFO - ayden_random_but_not_random posts small blind: 10
2026-02-04 17:17:43,314 - engine.poker_game - INFO - aydenbutbetter posts big blind: 20
2026-02-04 17:17:43,314 - engine.poker_game - INFO - 
==============================
--- NEW HAND ---
2026-02-04 17:17:43,314 - engine.poker_game - INFO - Dealer: ayden_random_but_not_random
2026-02-04 17:17:43,314 - engine.poker_game - INFO - aydenbutbetter has PlayerHand(cards=[7♣, A♠]) (chips: 470)
2026-02-04 17:17:43,315 - engine.poker_game - INFO - ayden_random_but_not_random has PlayerHand(cards=[5♦, J♦]) (chips: 2734)
2026-02-04 17:17:43,315 - engine.poker_game - INFO - 
--- PRE-FLOP BETTING ---
2026-02-04 17:17:43,315 - engine.poker_game - INFO -   ayden_random_but_not_random raises to 41
2026-02-04 17:17:43,316 - engine.poker_game - INFO -   aydenbutbetter folds
2026-02-04 17:17:43,316 - engine.poker_game - INFO - Community Cards: []
2026-02-04 17:17:43,316 - engine.poker_game - INFO - Pot: 61
2026-02-04 17:17:43,316 - engine.poker_game - INFO - --------------------
2026-02-04 17:17:43,317 - engine.poker_game - INFO - ayden_random_but_not_random wins 31 from side/main pot
2026-02-04 17:17:43,317 - engine.poker_game - WARNING - Pot logic residual: 30
2026-02-04 17:17:43,317 - tournament_runner - INFO - Hand #104 complete on table 1
2026-02-04 17:17:43,317 - tournament_runner - INFO - Starting hand #105 on table 1
2026-02-04 17:17:43,318 - engine.poker_game - INFO - aydenbutbetter posts small blind: 10
2026-02-04 17:17:43,318 - engine.poker_game - INFO - ayden_random_but_not_random posts big blind: 20
2026-02-04 17:17:43,318 - engine.poker_game - INFO - 
==============================
--- NEW HAND ---
2026-02-04 17:17:43,319 - engine.poker_game - INFO - Dealer: aydenbutbetter
2026-02-04 17:17:43,319 - engine.poker_game - INFO - aydenbutbetter has PlayerHand(cards=[Q♣, 3♥]) (chips: 460)
2026-02-04 17:17:43,319 - engine.poker_game - INFO - ayden_random_but_not_random has PlayerHand(cards=[J♦, 4♣]) (chips: 2744)
2026-02-04 17:17:43,320 - engine.poker_game - INFO - 
--- PRE-FLOP BETTING ---
2026-02-04 17:17:43,320 - engine.poker_game - INFO -   aydenbutbetter folds
2026-02-04 17:17:43,320 - engine.poker_game - INFO - Community Cards: []
2026-02-04 17:17:43,321 - engine.poker_game - INFO - Pot: 30
2026-02-04 17:17:43,321 - engine.poker_game - INFO - --------------------
2026-02-04 17:17:43,321 - tournament_runner - INFO - Hand #105 complete on table 1
2026-02-04 17:17:43,321 - tournament_runner - INFO - Starting hand #106 on table 1
2026-02-04 17:17:43,322 - engine.poker_game - INFO - ayden_random_but_not_random posts small blind: 10
2026-02-04 17:17:43,322 - engine.poker_game - INFO - aydenbutbetter posts big blind: 20
2026-02-04 17:17:43,322 - engine.poker_game - INFO - 
==============================
--- NEW HAND ---
2026-02-04 17:17:43,322 - engine.poker_game - INFO - Dealer: ayden_random_but_not_random
2026-02-04 17:17:43,323 - engine.poker_game - INFO - aydenbutbetter has PlayerHand(cards=[10♠, K♥]) (chips: 440)
2026-02-04 17:17:43,323 - engine.poker_game - INFO - ayden_random_but_not_random has PlayerHand(cards=[3♠, 5♦]) (chips: 2734)
2026-02-04 17:17:43,323 - engine.poker_game - INFO - 
--- PRE-FLOP BETTING ---
2026-02-04 17:17:43,324 - engine.poker_game - INFO -   ayden_random_but_not_random goes all-in for 2734
2026-02-04 17:17:43,324 - engine.poker_game - INFO -   aydenbutbetter folds
2026-02-04 17:17:43,324 - engine.poker_game - INFO - Community Cards: []
2026-02-04 17:17:43,324 - engine.poker_game - INFO - Pot: 2764
2026-02-04 17:17:43,324 - engine.poker_game - INFO - --------------------
2026-02-04 17:17:43,325 - engine.poker_game - INFO - ayden_random_but_not_random wins 2734 from side/main pot
2026-02-04 17:17:43,325 - engine.poker_game - WARNING - Pot logic residual: 30
2026-02-04 17:17:43,325 - tournament_runner - INFO - Hand #106 complete on table 1
2026-02-04 17:17:43,325 - tournament_runner - INFO - Starting hand #107 on table 1
2026-02-04 17:17:43,326 - engine.poker_game - INFO - aydenbutbetter posts small blind: 10
2026-02-04 17:17:43,326 - engine.poker_game - INFO - ayden_random_but_not_random posts big blind: 20
2026-02-04 17:17:43,326 - engine.poker_game - INFO - 
==============================
--- NEW HAND ---
2026-02-04 17:17:43,326 - engine.poker_game - INFO - Dealer: aydenbutbetter
2026-02-04 17:17:43,327 - engine.poker_game - INFO - aydenbutbetter has PlayerHand(cards=[3♦, J♠]) (chips: 430)
2026-02-04 17:17:43,327 - engine.poker_game - INFO - ayden_random_but_not_random has PlayerHand(cards=[Q♦, 3♣]) (chips: 2744)
2026-02-04 17:17:43,327 - engine.poker_game - INFO - 
--- PRE-FLOP BETTING ---
2026-02-04 17:17:43,328 - engine.poker_game - INFO -   aydenbutbetter folds
2026-02-04 17:17:43,328 - engine.poker_game - INFO - Community Cards: []
2026-02-04 17:17:43,328 - engine.poker_game - INFO - Pot: 30
2026-02-04 17:17:43,328 - engine.poker_game - INFO - --------------------
2026-02-04 17:17:43,328 - tournament_runner - INFO - Hand #107 complete on table 1
2026-02-04 17:17:43,329 - tournament_runner - INFO - Starting hand #108 on table 1
2026-02-04 17:17:43,329 - engine.poker_game - INFO - ayden_random_but_not_random posts small blind: 10
2026-02-04 17:17:43,329 - engine.poker_game - INFO - aydenbutbetter posts big blind: 20
2026-02-04 17:17:43,329 - engine.poker_game - INFO - 
==============================
--- NEW HAND ---
2026-02-04 17:17:43,330 - engine.poker_game - INFO - Dealer: ayden_random_but_not_random
2026-02-04 17:17:43,330 - engine.poker_game - INFO - aydenbutbetter has PlayerHand(cards=[8♠, 7♣]) (chips: 410)
2026-02-04 17:17:43,330 - engine.poker_game - INFO - ayden_random_but_not_random has PlayerHand(cards=[A♣, 10♥]) (chips: 2734)
2026-02-04 17:17:43,331 - engine.poker_game - INFO - 
--- PRE-FLOP BETTING ---
2026-02-04 17:17:43,331 - engine.poker_game - INFO -   ayden_random_but_not_random calls 10
2026-02-04 17:17:43,331 - engine.poker_game - INFO -   aydenbutbetter folds
2026-02-04 17:17:43,332 - engine.poker_game - INFO - Community Cards: []
2026-02-04 17:17:43,332 - engine.poker_game - INFO - Pot: 40
2026-02-04 17:17:43,332 - engine.poker_game - INFO - --------------------
2026-02-04 17:17:43,332 - engine.poker_game - INFO - ayden_random_but_not_random wins 10 from side/main pot
2026-02-04 17:17:43,332 - engine.poker_game - WARNING - Pot logic residual: 30
2026-02-04 17:17:43,333 - tournament_runner - INFO - Hand #108 complete on table 1
2026-02-04 17:17:43,333 - tournament_runner - INFO - Starting hand #109 on table 1
2026-02-04 17:17:43,333 - engine.poker_game - INFO - aydenbutbetter posts small blind: 10
2026-02-04 17:17:43,333 - engine.poker_game - INFO - ayden_random_but_not_random posts big blind: 20
2026-02-04 17:17:43,334 - engine.poker_game - INFO - 
==============================
--- NEW HAND ---
2026-02-04 17:17:43,334 - engine.poker_game - INFO - Dealer: aydenbutbetter
2026-02-04 17:17:43,334 - engine.poker_game - INFO - aydenbutbetter has PlayerHand(cards=[6♦, Q♦]) (chips: 400)
2026-02-04 17:17:43,335 - engine.poker_game - INFO - ayden_random_but_not_random has PlayerHand(cards=[K♠, K♣]) (chips: 2744)
2026-02-04 17:17:43,335 - engine.poker_game - INFO - 
--- PRE-FLOP BETTING ---
2026-02-04 17:17:43,335 - bot_manager.aydenbutbetter - WARNING - Bot aydenbutbetter attempted invalid raise amount 10, folding instead
2026-02-04 17:17:43,335 - engine.poker_game - INFO -   aydenbutbetter folds
2026-02-04 17:17:43,336 - engine.poker_game - INFO - Community Cards: []
2026-02-04 17:17:43,336 - engine.poker_game - INFO - Pot: 30
2026-02-04 17:17:43,336 - engine.poker_game - INFO - --------------------
2026-02-04 17:17:43,336 - tournament_runner - INFO - Hand #109 complete on table 1
2026-02-04 17:17:43,336 - tournament_runner - INFO - Starting hand #110 on table 1
2026-02-04 17:17:43,336 - engine.poker_game - INFO - ayden_random_but_not_random posts small blind: 10
2026-02-04 17:17:43,336 - engine.poker_game - INFO - aydenbutbetter posts big blind: 20
2026-02-04 17:17:43,336 - engine.poker_game - INFO - 
==============================
--- NEW HAND ---
2026-02-04 17:17:43,336 - engine.poker_game - INFO - Dealer: ayden_random_but_not_random
2026-02-04 17:17:43,336 - engine.poker_game - INFO - aydenbutbetter has PlayerHand(cards=[K♠, J♣]) (chips: 380)
2026-02-04 17:17:43,337 - engine.poker_game - INFO - ayden_random_but_not_random has PlayerHand(cards=[10♦, 2♣]) (chips: 2734)
2026-02-04 17:17:43,337 - engine.poker_game - INFO - 
--- PRE-FLOP BETTING ---
2026-02-04 17:17:43,337 - engine.poker_game - INFO -   ayden_random_but_not_random goes all-in for 2734
2026-02-04 17:17:43,337 - engine.poker_game - INFO -   aydenbutbetter folds
2026-02-04 17:17:43,337 - engine.poker_game - INFO - Community Cards: []
2026-02-04 17:17:43,337 - engine.poker_game - INFO - Pot: 2764
2026-02-04 17:17:43,337 - engine.poker_game - INFO - --------------------
2026-02-04 17:17:43,337 - engine.poker_game - INFO - ayden_random_but_not_random wins 2734 from side/main pot
2026-02-04 17:17:43,337 - engine.poker_game - WARNING - Pot logic residual: 30
2026-02-04 17:17:43,338 - tournament_runner - INFO - Hand #110 complete on table 1
2026-02-04 17:17:43,338 - tournament_runner - INFO - Starting hand #111 on table 1
2026-02-04 17:17:43,338 - engine.poker_game - INFO - aydenbutbetter posts small blind: 10
2026-02-04 17:17:43,339 - engine.poker_game - INFO - ayden_random_but_not_random posts big blind: 20
2026-02-04 17:17:43,339 - engine.poker_game - INFO - 
==============================
--- NEW HAND ---
2026-02-04 17:17:43,339 - engine.poker_game - INFO - Dealer: aydenbutbetter
2026-02-04 17:17:43,340 - engine.poker_game - INFO - aydenbutbetter has PlayerHand(cards=[2♣, 5♥]) (chips: 370)
2026-02-04 17:17:43,340 - engine.poker_game - INFO - ayden_random_but_not_random has PlayerHand(cards=[J♣, 8♥]) (chips: 2744)
2026-02-04 17:17:43,340 - engine.poker_game - INFO - 
--- PRE-FLOP BETTING ---
2026-02-04 17:17:43,340 - engine.poker_game - INFO -   aydenbutbetter folds
2026-02-04 17:17:43,341 - engine.poker_game - INFO - Community Cards: []
2026-02-04 17:17:43,341 - engine.poker_game - INFO - Pot: 30
2026-02-04 17:17:43,341 - engine.poker_game - INFO - --------------------
2026-02-04 17:17:43,342 - tournament_runner - INFO - Hand #111 complete on table 1
2026-02-04 17:17:43,342 - tournament_runner - INFO - Starting hand #112 on table 1
2026-02-04 17:17:43,342 - engine.poker_game - INFO - ayden_random_but_not_random posts small blind: 10
2026-02-04 17:17:43,342 - engine.poker_game - INFO - aydenbutbetter posts big blind: 20
2026-02-04 17:17:43,343 - engine.poker_game - INFO - 
==============================
--- NEW HAND ---
2026-02-04 17:17:43,343 - engine.poker_game - INFO - Dealer: ayden_random_but_not_random
2026-02-04 17:17:43,343 - engine.poker_game - INFO - aydenbutbetter has PlayerHand(cards=[6♠, K♠]) (chips: 350)
2026-02-04 17:17:43,344 - engine.poker_game - INFO - ayden_random_but_not_random has PlayerHand(cards=[9♦, 2♥]) (chips: 2734)
2026-02-04 17:17:43,344 - engine.poker_game - INFO - 
--- PRE-FLOP BETTING ---
2026-02-04 17:17:43,344 - engine.poker_game - INFO -   ayden_random_but_not_random raises to 42
2026-02-04 17:17:43,345 - bot_manager.aydenbutbetter - WARNING - Bot aydenbutbetter attempted invalid raise amount 20, folding instead
2026-02-04 17:17:43,345 - engine.poker_game - INFO -   aydenbutbetter folds
2026-02-04 17:17:43,345 - engine.poker_game - INFO - Community Cards: []
2026-02-04 17:17:43,345 - engine.poker_game - INFO - Pot: 62
2026-02-04 17:17:43,345 - engine.poker_game - INFO - --------------------
2026-02-04 17:17:43,346 - engine.poker_game - INFO - ayden_random_but_not_random wins 32 from side/main pot
2026-02-04 17:17:43,346 - engine.poker_game - WARNING - Pot logic residual: 30
2026-02-04 17:17:43,346 - tournament_runner - INFO - Hand #112 complete on table 1
2026-02-04 17:17:43,347 - tournament_runner - INFO - Starting hand #113 on table 1
2026-02-04 17:17:43,347 - engine.poker_game - INFO - aydenbutbetter posts small blind: 10
2026-02-04 17:17:43,347 - engine.poker_game - INFO - ayden_random_but_not_random posts big blind: 20
2026-02-04 17:17:43,347 - engine.poker_game - INFO - 
==============================
--- NEW HAND ---
2026-02-04 17:17:43,348 - engine.poker_game - INFO - Dealer: aydenbutbetter
2026-02-04 17:17:43,348 - engine.poker_game - INFO - aydenbutbetter has PlayerHand(cards=[10♣, 6♦]) (chips: 340)
2026-02-04 17:17:43,348 - engine.poker_game - INFO - ayden_random_but_not_random has PlayerHand(cards=[J♥, 6♣]) (chips: 2744)
2026-02-04 17:17:43,348 - engine.poker_game - INFO - 
--- PRE-FLOP BETTING ---
2026-02-04 17:17:43,349 - engine.poker_game - INFO -   aydenbutbetter folds
2026-02-04 17:17:43,349 - engine.poker_game - INFO - Community Cards: []
2026-02-04 17:17:43,349 - engine.poker_game - INFO - Pot: 30
2026-02-04 17:17:43,349 - engine.poker_game - INFO - --------------------
2026-02-04 17:17:43,350 - tournament_runner - INFO - Hand #113 complete on table 1
2026-02-04 17:17:43,350 - tournament_runner - INFO - Starting hand #114 on table 1
2026-02-04 17:17:43,351 - engine.poker_game - INFO - ayden_random_but_not_random posts small blind: 10
2026-02-04 17:17:43,351 - engine.poker_game - INFO - aydenbutbetter posts big blind: 20
2026-02-04 17:17:43,351 - engine.poker_game - INFO - 
==============================
--- NEW HAND ---
2026-02-04 17:17:43,351 - engine.poker_game - INFO - Dealer: ayden_random_but_not_random
2026-02-04 17:17:43,352 - engine.poker_game - INFO - aydenbutbetter has PlayerHand(cards=[9♣, 10♠]) (chips: 320)
2026-02-04 17:17:43,352 - engine.poker_game - INFO - ayden_random_but_not_random has PlayerHand(cards=[Q♥, 6♥]) (chips: 2734)
2026-02-04 17:17:43,352 - engine.poker_game - INFO - 
--- PRE-FLOP BETTING ---
2026-02-04 17:17:43,352 - engine.poker_game - INFO -   ayden_random_but_not_random goes all-in for 2734
2026-02-04 17:17:43,353 - engine.poker_game - INFO -   aydenbutbetter folds
2026-02-04 17:17:43,353 - engine.poker_game - INFO - Community Cards: []
2026-02-04 17:17:43,353 - engine.poker_game - INFO - Pot: 2764
2026-02-04 17:17:43,353 - engine.poker_game - INFO - --------------------
2026-02-04 17:17:43,354 - engine.poker_game - INFO - ayden_random_but_not_random wins 2734 from side/main pot
2026-02-04 17:17:43,354 - engine.poker_game - WARNING - Pot logic residual: 30
2026-02-04 17:17:43,354 - tournament_runner - INFO - Hand #114 complete on table 1
2026-02-04 17:17:43,355 - tournament_runner - INFO - Starting hand #115 on table 1
2026-02-04 17:17:43,355 - engine.poker_game - INFO - aydenbutbetter posts small blind: 10
2026-02-04 17:17:43,355 - engine.poker_game - INFO - ayden_random_but_not_random posts big blind: 20
2026-02-04 17:17:43,355 - engine.poker_game - INFO - 
==============================
--- NEW HAND ---
2026-02-04 17:17:43,356 - engine.poker_game - INFO - Dealer: aydenbutbetter
2026-02-04 17:17:43,356 - engine.poker_game - INFO - aydenbutbetter has PlayerHand(cards=[8♠, J♥]) (chips: 310)
2026-02-04 17:17:43,356 - engine.poker_game - INFO - ayden_random_but_not_random has PlayerHand(cards=[K♣, 6♥]) (chips: 2744)
2026-02-04 17:17:43,356 - engine.poker_game - INFO - 
--- PRE-FLOP BETTING ---
2026-02-04 17:17:43,357 - engine.poker_game - INFO -   aydenbutbetter folds
2026-02-04 17:17:43,357 - engine.poker_game - INFO - Community Cards: []
2026-02-04 17:17:43,357 - engine.poker_game - INFO - Pot: 30
2026-02-04 17:17:43,357 - engine.poker_game - INFO - --------------------
2026-02-04 17:17:43,358 - tournament_runner - INFO - Hand #115 complete on table 1
2026-02-04 17:17:43,358 - tournament_runner - INFO - Starting hand #116 on table 1
2026-02-04 17:17:43,358 - engine.poker_game - INFO - ayden_random_but_not_random posts small blind: 10
2026-02-04 17:17:43,358 - engine.poker_game - INFO - aydenbutbetter posts big blind: 20
2026-02-04 17:17:43,359 - engine.poker_game - INFO - 
==============================
--- NEW HAND ---
2026-02-04 17:17:43,359 - engine.poker_game - INFO - Dealer: ayden_random_but_not_random
2026-02-04 17:17:43,359 - engine.poker_game - INFO - aydenbutbetter has PlayerHand(cards=[2♦, 4♦]) (chips: 290)
2026-02-04 17:17:43,359 - engine.poker_game - INFO - ayden_random_but_not_random has PlayerHand(cards=[A♣, 10♥]) (chips: 2734)
2026-02-04 17:17:43,360 - engine.poker_game - INFO - 
--- PRE-FLOP BETTING ---
2026-02-04 17:17:43,360 - engine.poker_game - INFO -   ayden_random_but_not_random raises to 43
2026-02-04 17:17:43,360 - bot_manager.aydenbutbetter - WARNING - Bot aydenbutbetter attempted invalid raise amount 21, folding instead
2026-02-04 17:17:43,360 - engine.poker_game - INFO -   aydenbutbetter folds
2026-02-04 17:17:43,361 - engine.poker_game - INFO - Community Cards: []
2026-02-04 17:17:43,361 - engine.poker_game - INFO - Pot: 63
2026-02-04 17:17:43,361 - engine.poker_game - INFO - --------------------
2026-02-04 17:17:43,361 - engine.poker_game - INFO - ayden_random_but_not_random wins 33 from side/main pot
2026-02-04 17:17:43,362 - engine.poker_game - WARNING - Pot logic residual: 30
2026-02-04 17:17:43,362 - tournament_runner - INFO - Hand #116 complete on table 1
2026-02-04 17:17:43,362 - tournament_runner - INFO - Starting hand #117 on table 1
2026-02-04 17:17:43,363 - engine.poker_game - INFO - aydenbutbetter posts small blind: 10
2026-02-04 17:17:43,363 - engine.poker_game - INFO - ayden_random_but_not_random posts big blind: 20
2026-02-04 17:17:43,363 - engine.poker_game - INFO - 
==============================
--- NEW HAND ---
2026-02-04 17:17:43,363 - engine.poker_game - INFO - Dealer: aydenbutbetter
2026-02-04 17:17:43,364 - engine.poker_game - INFO - aydenbutbetter has PlayerHand(cards=[K♦, 5♠]) (chips: 280)
2026-02-04 17:17:43,364 - engine.poker_game - INFO - ayden_random_but_not_random has PlayerHand(cards=[A♦, 9♥]) (chips: 2744)
2026-02-04 17:17:43,364 - engine.poker_game - INFO - 
--- PRE-FLOP BETTING ---
2026-02-04 17:17:43,364 - engine.poker_game - INFO -   aydenbutbetter folds
2026-02-04 17:17:43,364 - engine.poker_game - INFO - Community Cards: []
2026-02-04 17:17:43,365 - engine.poker_game - INFO - Pot: 30
2026-02-04 17:17:43,365 - engine.poker_game - INFO - --------------------
2026-02-04 17:17:43,365 - tournament_runner - INFO - Hand #117 complete on table 1
2026-02-04 17:17:43,366 - tournament_runner - INFO - Starting hand #118 on table 1
2026-02-04 17:17:43,366 - engine.poker_game - INFO - ayden_random_but_not_random posts small blind: 10
2026-02-04 17:17:43,366 - engine.poker_game - INFO - aydenbutbetter posts big blind: 20
2026-02-04 17:17:43,366 - engine.poker_game - INFO - 
==============================
--- NEW HAND ---
2026-02-04 17:17:43,367 - engine.poker_game - INFO - Dealer: ayden_random_but_not_random
2026-02-04 17:17:43,367 - engine.poker_game - INFO - aydenbutbetter has PlayerHand(cards=[7♥, 2♣]) (chips: 260)
2026-02-04 17:17:43,367 - engine.poker_game - INFO - ayden_random_but_not_random has PlayerHand(cards=[2♦, A♠]) (chips: 2734)
2026-02-04 17:17:43,367 - engine.poker_game - INFO - 
--- PRE-FLOP BETTING ---
2026-02-04 17:17:43,368 - engine.poker_game - INFO -   ayden_random_but_not_random folds
2026-02-04 17:17:43,368 - engine.poker_game - INFO - Community Cards: []
2026-02-04 17:17:43,368 - engine.poker_game - INFO - Pot: 30
2026-02-04 17:17:43,368 - engine.poker_game - INFO - --------------------
2026-02-04 17:17:43,369 - tournament_runner - INFO - Hand #118 complete on table 1
2026-02-04 17:17:43,369 - tournament_runner - INFO - Starting hand #119 on table 1
2026-02-04 17:17:43,369 - engine.poker_game - INFO - aydenbutbetter posts small blind: 10
2026-02-04 17:17:43,369 - engine.poker_game - INFO - ayden_random_but_not_random posts big blind: 20
2026-02-04 17:17:43,370 - engine.poker_game - INFO - 
==============================
--- NEW HAND ---
2026-02-04 17:17:43,370 - engine.poker_game - INFO - Dealer: aydenbutbetter
2026-02-04 17:17:43,370 - engine.poker_game - INFO - aydenbutbetter has PlayerHand(cards=[10♣, K♣]) (chips: 250)
2026-02-04 17:17:43,370 - engine.poker_game - INFO - ayden_random_but_not_random has PlayerHand(cards=[J♣, 8♥]) (chips: 2714)
2026-02-04 17:17:43,371 - engine.poker_game - INFO - 
--- PRE-FLOP BETTING ---
2026-02-04 17:17:43,371 - bot_manager.aydenbutbetter - WARNING - Bot aydenbutbetter attempted invalid raise amount 10, folding instead
2026-02-04 17:17:43,371 - engine.poker_game - INFO -   aydenbutbetter folds
2026-02-04 17:17:43,371 - engine.poker_game - INFO - Community Cards: []
2026-02-04 17:17:43,372 - engine.poker_game - INFO - Pot: 30
2026-02-04 17:17:43,372 - engine.poker_game - INFO - --------------------
2026-02-04 17:17:43,372 - tournament_runner - INFO - Hand #119 complete on table 1
2026-02-04 17:17:43,372 - tournament_runner - INFO - Starting hand #120 on table 1
2026-02-04 17:17:43,373 - engine.poker_game - INFO - ayden_random_but_not_random posts small blind: 10
2026-02-04 17:17:43,373 - engine.poker_game - INFO - aydenbutbetter posts big blind: 20
2026-02-04 17:17:43,373 - engine.poker_game - INFO - 
==============================
--- NEW HAND ---
2026-02-04 17:17:43,373 - engine.poker_game - INFO - Dealer: ayden_random_but_not_random
2026-02-04 17:17:43,374 - engine.poker_game - INFO - aydenbutbetter has PlayerHand(cards=[10♣, A♣]) (chips: 230)
2026-02-04 17:17:43,374 - engine.poker_game - INFO - ayden_random_but_not_random has PlayerHand(cards=[K♠, 9♣]) (chips: 2704)
2026-02-04 17:17:43,374 - engine.poker_game - INFO - 
--- PRE-FLOP BETTING ---
2026-02-04 17:17:43,374 - engine.poker_game - INFO -   ayden_random_but_not_random calls 10
2026-02-04 17:17:43,375 - engine.poker_game - INFO -   aydenbutbetter checks
2026-02-04 17:17:43,375 - engine.poker_game - INFO - Community Cards: []
2026-02-04 17:17:43,375 - engine.poker_game - INFO - Pot: 40
2026-02-04 17:17:43,376 - engine.poker_game - INFO - --------------------
2026-02-04 17:17:43,376 - engine.poker_game - INFO - FLOP: [A♦, Q♠, 8♣]
2026-02-04 17:17:43,376 - engine.poker_game - INFO - 
--- FLOP BETTING ---
2026-02-04 17:17:43,376 - engine.poker_game - INFO -   aydenbutbetter folds
2026-02-04 17:17:43,377 - engine.poker_game - INFO - Community Cards: [A♦, Q♠, 8♣]
2026-02-04 17:17:43,377 - engine.poker_game - INFO - Pot: 40
2026-02-04 17:17:43,377 - engine.poker_game - INFO - --------------------
2026-02-04 17:17:43,377 - engine.poker_game - INFO - ayden_random_but_not_random wins 10 from side/main pot
2026-02-04 17:17:43,378 - engine.poker_game - WARNING - Pot logic residual: 30
2026-02-04 17:17:43,378 - tournament_runner - INFO - Hand #120 complete on table 1
2026-02-04 17:17:43,378 - tournament_runner - INFO - Starting hand #121 on table 1
2026-02-04 17:17:43,379 - engine.poker_game - INFO - aydenbutbetter posts small blind: 10
2026-02-04 17:17:43,379 - engine.poker_game - INFO - ayden_random_but_not_random posts big blind: 20
2026-02-04 17:17:43,379 - engine.poker_game - INFO - 
==============================
--- NEW HAND ---
2026-02-04 17:17:43,379 - engine.poker_game - INFO - Dealer: aydenbutbetter
2026-02-04 17:17:43,380 - engine.poker_game - INFO - aydenbutbetter has PlayerHand(cards=[9♥, 6♠]) (chips: 220)
2026-02-04 17:17:43,380 - engine.poker_game - INFO - ayden_random_but_not_random has PlayerHand(cards=[10♠, Q♣]) (chips: 2714)
2026-02-04 17:17:43,380 - engine.poker_game - INFO - 
--- PRE-FLOP BETTING ---
2026-02-04 17:17:43,381 - engine.poker_game - INFO -   aydenbutbetter folds
2026-02-04 17:17:43,381 - engine.poker_game - INFO - Community Cards: []
2026-02-04 17:17:43,381 - engine.poker_game - INFO - Pot: 30
2026-02-04 17:17:43,381 - engine.poker_game - INFO - --------------------
2026-02-04 17:17:43,382 - tournament_runner - INFO - Hand #121 complete on table 1
2026-02-04 17:17:43,382 - tournament_runner - INFO - Starting hand #122 on table 1
2026-02-04 17:17:43,382 - engine.poker_game - INFO - ayden_random_but_not_random posts small blind: 10
2026-02-04 17:17:43,382 - engine.poker_game - INFO - aydenbutbetter posts big blind: 20
2026-02-04 17:17:43,383 - engine.poker_game - INFO - 
==============================
--- NEW HAND ---
2026-02-04 17:17:43,383 - engine.poker_game - INFO - Dealer: ayden_random_but_not_random
2026-02-04 17:17:43,383 - engine.poker_game - INFO - aydenbutbetter has PlayerHand(cards=[7♦, Q♠]) (chips: 200)
2026-02-04 17:17:43,383 - engine.poker_game - INFO - ayden_random_but_not_random has PlayerHand(cards=[A♦, 7♠]) (chips: 2704)
2026-02-04 17:17:43,384 - engine.poker_game - INFO - 
--- PRE-FLOP BETTING ---
2026-02-04 17:17:43,384 - engine.poker_game - INFO -   ayden_random_but_not_random folds
2026-02-04 17:17:43,384 - engine.poker_game - INFO - Community Cards: []
2026-02-04 17:17:43,385 - engine.poker_game - INFO - Pot: 30
2026-02-04 17:17:43,385 - engine.poker_game - INFO - --------------------
2026-02-04 17:17:43,385 - tournament_runner - INFO - Hand #122 complete on table 1
2026-02-04 17:17:43,386 - tournament_runner - INFO - Starting hand #123 on table 1
2026-02-04 17:17:43,386 - engine.poker_game - INFO - aydenbutbetter posts small blind: 10
2026-02-04 17:17:43,386 - engine.poker_game - INFO - ayden_random_but_not_random posts big blind: 20
2026-02-04 17:17:43,386 - engine.poker_game - INFO - 
==============================
--- NEW HAND ---
2026-02-04 17:17:43,387 - engine.poker_game - INFO - Dealer: aydenbutbetter
2026-02-04 17:17:43,387 - engine.poker_game - INFO - aydenbutbetter has PlayerHand(cards=[10♣, J♦]) (chips: 190)
2026-02-04 17:17:43,387 - engine.poker_game - INFO - ayden_random_but_not_random has PlayerHand(cards=[5♦, 4♦]) (chips: 2684)
2026-02-04 17:17:43,387 - engine.poker_game - INFO - 
--- PRE-FLOP BETTING ---
2026-02-04 17:17:43,388 - engine.poker_game - INFO -   aydenbutbetter folds
2026-02-04 17:17:43,388 - engine.poker_game - INFO - Community Cards: []
2026-02-04 17:17:43,388 - engine.poker_game - INFO - Pot: 30
2026-02-04 17:17:43,388 - engine.poker_game - INFO - --------------------
2026-02-04 17:17:43,389 - tournament_runner - INFO - Hand #123 complete on table 1
2026-02-04 17:17:43,389 - tournament_runner - INFO - Starting hand #124 on table 1
2026-02-04 17:17:43,389 - engine.poker_game - INFO - ayden_random_but_not_random posts small blind: 10
2026-02-04 17:17:43,389 - engine.poker_game - INFO - aydenbutbetter posts big blind: 20
2026-02-04 17:17:43,390 - engine.poker_game - INFO - 
==============================
--- NEW HAND ---
2026-02-04 17:17:43,390 - engine.poker_game - INFO - Dealer: ayden_random_but_not_random
2026-02-04 17:17:43,390 - engine.poker_game - INFO - aydenbutbetter has PlayerHand(cards=[Q♦, 7♠]) (chips: 170)
2026-02-04 17:17:43,391 - engine.poker_game - INFO - ayden_random_but_not_random has PlayerHand(cards=[7♥, Q♣]) (chips: 2674)
2026-02-04 17:17:43,391 - engine.poker_game - INFO - 
--- PRE-FLOP BETTING ---
2026-02-04 17:17:43,391 - engine.poker_game - INFO -   ayden_random_but_not_random folds
2026-02-04 17:17:43,392 - engine.poker_game - INFO - Community Cards: []
2026-02-04 17:17:43,392 - engine.poker_game - INFO - Pot: 30
2026-02-04 17:17:43,392 - engine.poker_game - INFO - --------------------
2026-02-04 17:17:43,392 - tournament_runner - INFO - Hand #124 complete on table 1
2026-02-04 17:17:43,393 - tournament_runner - INFO - Starting hand #125 on table 1
2026-02-04 17:17:43,393 - engine.poker_game - INFO - aydenbutbetter posts small blind: 10
2026-02-04 17:17:43,393 - engine.poker_game - INFO - ayden_random_but_not_random posts big blind: 20
2026-02-04 17:17:43,393 - engine.poker_game - INFO - 
==============================
--- NEW HAND ---
2026-02-04 17:17:43,394 - engine.poker_game - INFO - Dealer: aydenbutbetter
2026-02-04 17:17:43,394 - engine.poker_game - INFO - aydenbutbetter has PlayerHand(cards=[J♦, 10♥]) (chips: 160)
2026-02-04 17:17:43,394 - engine.poker_game - INFO - ayden_random_but_not_random has PlayerHand(cards=[8♥, 8♠]) (chips: 2654)
2026-02-04 17:17:43,394 - engine.poker_game - INFO - 
--- PRE-FLOP BETTING ---
2026-02-04 17:17:43,394 - engine.poker_game - INFO -   aydenbutbetter folds
2026-02-04 17:17:43,394 - engine.poker_game - INFO - Community Cards: []
2026-02-04 17:17:43,395 - engine.poker_game - INFO - Pot: 30
2026-02-04 17:17:43,395 - engine.poker_game - INFO - --------------------
2026-02-04 17:17:43,395 - tournament_runner - INFO - Hand #125 complete on table 1
2026-02-04 17:17:43,395 - tournament_runner - INFO - Starting hand #126 on table 1
2026-02-04 17:17:43,395 - engine.poker_game - INFO - ayden_random_but_not_random posts small blind: 10
2026-02-04 17:17:43,395 - engine.poker_game - INFO - aydenbutbetter posts big blind: 20
2026-02-04 17:17:43,395 - engine.poker_game - INFO - 
==============================
--- NEW HAND ---
2026-02-04 17:17:43,396 - engine.poker_game - INFO - Dealer: ayden_random_but_not_random
2026-02-04 17:17:43,397 - engine.poker_game - INFO - aydenbutbetter has PlayerHand(cards=[8♠, J♦]) (chips: 140)
2026-02-04 17:17:43,397 - engine.poker_game - INFO - ayden_random_but_not_random has PlayerHand(cards=[7♠, 9♥]) (chips: 2644)
2026-02-04 17:17:43,397 - engine.poker_game - INFO - 
--- PRE-FLOP BETTING ---
2026-02-04 17:17:43,397 - engine.poker_game - INFO -   ayden_random_but_not_random goes all-in for 2644
2026-02-04 17:17:43,398 - engine.poker_game - INFO -   aydenbutbetter folds
2026-02-04 17:17:43,398 - engine.poker_game - INFO - Community Cards: []
2026-02-04 17:17:43,398 - engine.poker_game - INFO - Pot: 2674
2026-02-04 17:17:43,399 - engine.poker_game - INFO - --------------------
2026-02-04 17:17:43,399 - engine.poker_game - INFO - ayden_random_but_not_random wins 2644 from side/main pot
2026-02-04 17:17:43,399 - engine.poker_game - WARNING - Pot logic residual: 30
2026-02-04 17:17:43,399 - tournament_runner - INFO - Hand #126 complete on table 1
2026-02-04 17:17:43,400 - tournament_runner - INFO - Starting hand #127 on table 1
2026-02-04 17:17:43,400 - engine.poker_game - INFO - aydenbutbetter posts small blind: 10
2026-02-04 17:17:43,400 - engine.poker_game - INFO - ayden_random_but_not_random posts big blind: 20
2026-02-04 17:17:43,401 - engine.poker_game - INFO - 
==============================
--- NEW HAND ---
2026-02-04 17:17:43,401 - engine.poker_game - INFO - Dealer: aydenbutbetter
2026-02-04 17:17:43,401 - engine.poker_game - INFO - aydenbutbetter has PlayerHand(cards=[8♣, 6♥]) (chips: 130)
2026-02-04 17:17:43,402 - engine.poker_game - INFO - ayden_random_but_not_random has PlayerHand(cards=[7♣, Q♣]) (chips: 2654)
2026-02-04 17:17:43,402 - engine.poker_game - INFO - 
--- PRE-FLOP BETTING ---
2026-02-04 17:17:43,402 - engine.poker_game - INFO -   aydenbutbetter folds
2026-02-04 17:17:43,403 - engine.poker_game - INFO - Community Cards: []
2026-02-04 17:17:43,403 - engine.poker_game - INFO - Pot: 30
2026-02-04 17:17:43,403 - engine.poker_game - INFO - --------------------
2026-02-04 17:17:43,403 - tournament_runner - INFO - Hand #127 complete on table 1
2026-02-04 17:17:43,404 - tournament_runner - INFO - Starting hand #128 on table 1
2026-02-04 17:17:43,404 - engine.poker_game - INFO - ayden_random_but_not_random posts small blind: 10
2026-02-04 17:17:43,404 - engine.poker_game - INFO - aydenbutbetter posts big blind: 20
2026-02-04 17:17:43,405 - engine.poker_game - INFO - 
==============================
--- NEW HAND ---
2026-02-04 17:17:43,405 - engine.poker_game - INFO - Dealer: ayden_random_but_not_random
2026-02-04 17:17:43,405 - engine.poker_game - INFO - aydenbutbetter has PlayerHand(cards=[4♠, 4♣]) (chips: 110)
2026-02-04 17:17:43,405 - engine.poker_game - INFO - ayden_random_but_not_random has PlayerHand(cards=[K♥, 8♦]) (chips: 2644)
2026-02-04 17:17:43,406 - engine.poker_game - INFO - 
--- PRE-FLOP BETTING ---
2026-02-04 17:17:43,406 - engine.poker_game - INFO -   ayden_random_but_not_random folds
2026-02-04 17:17:43,407 - engine.poker_game - INFO - Community Cards: []
2026-02-04 17:17:43,407 - engine.poker_game - INFO - Pot: 30
2026-02-04 17:17:43,407 - engine.poker_game - INFO - --------------------
2026-02-04 17:17:43,407 - tournament_runner - INFO - Hand #128 complete on table 1
2026-02-04 17:17:43,408 - tournament_runner - INFO - Starting hand #129 on table 1
2026-02-04 17:17:43,408 - engine.poker_game - INFO - aydenbutbetter posts small blind: 10
2026-02-04 17:17:43,408 - engine.poker_game - INFO - ayden_random_but_not_random posts big blind: 20
2026-02-04 17:17:43,409 - engine.poker_game - INFO - 
==============================
--- NEW HAND ---
2026-02-04 17:17:43,409 - engine.poker_game - INFO - Dealer: aydenbutbetter
2026-02-04 17:17:43,409 - engine.poker_game - INFO - aydenbutbetter has PlayerHand(cards=[9♣, 8♣]) (chips: 100)
2026-02-04 17:17:43,410 - engine.poker_game - INFO - ayden_random_but_not_random has PlayerHand(cards=[K♠, 3♦]) (chips: 2624)
2026-02-04 17:17:43,410 - engine.poker_game - INFO - 
--- PRE-FLOP BETTING ---
2026-02-04 17:17:43,410 - bot_manager.aydenbutbetter - WARNING - Bot aydenbutbetter attempted invalid raise amount 10, folding instead
2026-02-04 17:17:43,410 - engine.poker_game - INFO -   aydenbutbetter folds
2026-02-04 17:17:43,410 - engine.poker_game - INFO - Community Cards: []
2026-02-04 17:17:43,411 - engine.poker_game - INFO - Pot: 30
2026-02-04 17:17:43,411 - engine.poker_game - INFO - --------------------
2026-02-04 17:17:43,411 - tournament_runner - INFO - Hand #129 complete on table 1
2026-02-04 17:17:43,412 - tournament_runner - INFO - Starting hand #130 on table 1
2026-02-04 17:17:43,412 - engine.poker_game - INFO - ayden_random_but_not_random posts small blind: 10
2026-02-04 17:17:43,412 - engine.poker_game - INFO - aydenbutbetter posts big blind: 20
2026-02-04 17:17:43,412 - engine.poker_game - INFO - 
==============================
--- NEW HAND ---
2026-02-04 17:17:43,413 - engine.poker_game - INFO - Dealer: ayden_random_but_not_random
2026-02-04 17:17:43,413 - engine.poker_game - INFO - aydenbutbetter has PlayerHand(cards=[4♠, 4♦]) (chips: 80)
2026-02-04 17:17:43,413 - engine.poker_game - INFO - ayden_random_but_not_random has PlayerHand(cards=[3♠, K♠]) (chips: 2614)
2026-02-04 17:17:43,413 - engine.poker_game - INFO - 
--- PRE-FLOP BETTING ---
2026-02-04 17:17:43,414 - engine.poker_game - INFO -   ayden_random_but_not_random folds
2026-02-04 17:17:43,414 - engine.poker_game - INFO - Community Cards: []
2026-02-04 17:17:43,414 - engine.poker_game - INFO - Pot: 30
2026-02-04 17:17:43,414 - engine.poker_game - INFO - --------------------
2026-02-04 17:17:43,415 - tournament_runner - INFO - Hand #130 complete on table 1
2026-02-04 17:17:43,415 - tournament_runner - INFO - Starting hand #131 on table 1
2026-02-04 17:17:43,415 - engine.poker_game - INFO - aydenbutbetter posts small blind: 10
2026-02-04 17:17:43,416 - engine.poker_game - INFO - ayden_random_but_not_random posts big blind: 20
2026-02-04 17:17:43,416 - engine.poker_game - INFO - 
==============================
--- NEW HAND ---
2026-02-04 17:17:43,416 - engine.poker_game - INFO - Dealer: aydenbutbetter
2026-02-04 17:17:43,416 - engine.poker_game - INFO - aydenbutbetter has PlayerHand(cards=[K♣, 2♥]) (chips: 70)
2026-02-04 17:17:43,417 - engine.poker_game - INFO - ayden_random_but_not_random has PlayerHand(cards=[5♠, Q♣]) (chips: 2594)
2026-02-04 17:17:43,417 - engine.poker_game - INFO - 
--- PRE-FLOP BETTING ---
2026-02-04 17:17:43,417 - engine.poker_game - INFO -   aydenbutbetter folds
2026-02-04 17:17:43,418 - engine.poker_game - INFO - Community Cards: []
2026-02-04 17:17:43,418 - engine.poker_game - INFO - Pot: 30
2026-02-04 17:17:43,418 - engine.poker_game - INFO - --------------------
2026-02-04 17:17:43,418 - tournament_runner - INFO - Hand #131 complete on table 1
2026-02-04 17:17:43,419 - tournament_runner - INFO - Starting hand #132 on table 1
2026-02-04 17:17:43,419 - engine.poker_game - INFO - ayden_random_but_not_random posts small blind: 10
2026-02-04 17:17:43,419 - engine.poker_game - INFO - aydenbutbetter posts big blind: 20
2026-02-04 17:17:43,419 - engine.poker_game - INFO - 
==============================
--- NEW HAND ---
2026-02-04 17:17:43,420 - engine.poker_game - INFO - Dealer: ayden_random_but_not_random
2026-02-04 17:17:43,420 - engine.poker_game - INFO - aydenbutbetter has PlayerHand(cards=[2♣, 4♦]) (chips: 50)
2026-02-04 17:17:43,420 - engine.poker_game - INFO - ayden_random_but_not_random has PlayerHand(cards=[5♣, 6♦]) (chips: 2584)
2026-02-04 17:17:43,420 - engine.poker_game - INFO - 
--- PRE-FLOP BETTING ---
2026-02-04 17:17:43,421 - engine.poker_game - INFO -   ayden_random_but_not_random folds
2026-02-04 17:17:43,421 - engine.poker_game - INFO - Community Cards: []
2026-02-04 17:17:43,421 - engine.poker_game - INFO - Pot: 30
2026-02-04 17:17:43,421 - engine.poker_game - INFO - --------------------
2026-02-04 17:17:43,422 - tournament_runner - INFO - Hand #132 complete on table 1
2026-02-04 17:17:43,422 - tournament_runner - INFO - Starting hand #133 on table 1
2026-02-04 17:17:43,422 - engine.poker_game - INFO - aydenbutbetter posts small blind: 10
2026-02-04 17:17:43,423 - engine.poker_game - INFO - ayden_random_but_not_random posts big blind: 20
2026-02-04 17:17:43,423 - engine.poker_game - INFO - 
==============================
--- NEW HAND ---
2026-02-04 17:17:43,423 - engine.poker_game - INFO - Dealer: aydenbutbetter
2026-02-04 17:17:43,423 - engine.poker_game - INFO - aydenbutbetter has PlayerHand(cards=[Q♠, 5♦]) (chips: 40)
2026-02-04 17:17:43,424 - engine.poker_game - INFO - ayden_random_but_not_random has PlayerHand(cards=[Q♥, A♠]) (chips: 2564)
2026-02-04 17:17:43,424 - engine.poker_game - INFO - 
--- PRE-FLOP BETTING ---
2026-02-04 17:17:43,424 - engine.poker_game - INFO -   aydenbutbetter folds
2026-02-04 17:17:43,425 - engine.poker_game - INFO - Community Cards: []
2026-02-04 17:17:43,425 - engine.poker_game - INFO - Pot: 30
2026-02-04 17:17:43,425 - engine.poker_game - INFO - --------------------
2026-02-04 17:17:43,425 - tournament_runner - INFO - Hand #133 complete on table 1
2026-02-04 17:17:43,426 - tournament_runner - INFO - Starting hand #134 on table 1
2026-02-04 17:17:43,426 - engine.poker_game - INFO - ayden_random_but_not_random posts small blind: 10
2026-02-04 17:17:43,426 - engine.poker_game - INFO - aydenbutbetter posts big blind: 20
2026-02-04 17:17:43,427 - engine.poker_game - INFO - 
==============================
--- NEW HAND ---
2026-02-04 17:17:43,427 - engine.poker_game - INFO - Dealer: ayden_random_but_not_random
2026-02-04 17:17:43,427 - engine.poker_game - INFO - aydenbutbetter has PlayerHand(cards=[2♣, 8♦]) (chips: 20)
2026-02-04 17:17:43,427 - engine.poker_game - INFO - ayden_random_but_not_random has PlayerHand(cards=[Q♥, 3♦]) (chips: 2554)
2026-02-04 17:17:43,428 - engine.poker_game - INFO - 
--- PRE-FLOP BETTING ---
2026-02-04 17:17:43,428 - engine.poker_game - INFO -   ayden_random_but_not_random raises to 41
2026-02-04 17:17:43,428 - engine.poker_game - INFO -   aydenbutbetter folds
2026-02-04 17:17:43,429 - engine.poker_game - INFO - Community Cards: []
2026-02-04 17:17:43,429 - engine.poker_game - INFO - Pot: 61
2026-02-04 17:17:43,429 - engine.poker_game - INFO - --------------------
2026-02-04 17:17:43,429 - engine.poker_game - INFO - ayden_random_but_not_random wins 31 from side/main pot
2026-02-04 17:17:43,429 - engine.poker_game - WARNING - Pot logic residual: 30
2026-02-04 17:17:43,430 - tournament_runner - INFO - Hand #134 complete on table 1
2026-02-04 17:17:43,430 - tournament_runner - INFO - Starting hand #135 on table 1
2026-02-04 17:17:43,430 - engine.poker_game - INFO - aydenbutbetter posts small blind: 10
2026-02-04 17:17:43,431 - engine.poker_game - INFO - ayden_random_but_not_random posts big blind: 20
2026-02-04 17:17:43,431 - engine.poker_game - INFO - 
==============================
--- NEW HAND ---
2026-02-04 17:17:43,431 - engine.poker_game - INFO - Dealer: aydenbutbetter
2026-02-04 17:17:43,431 - engine.poker_game - INFO - aydenbutbetter has PlayerHand(cards=[Q♥, 6♦]) (chips: 10)
2026-02-04 17:17:43,431 - engine.poker_game - INFO - ayden_random_but_not_random has PlayerHand(cards=[2♠, 10♥]) (chips: 2564)
2026-02-04 17:17:43,431 - engine.poker_game - INFO - 
--- PRE-FLOP BETTING ---
2026-02-04 17:17:43,431 - engine.poker_game - INFO -   aydenbutbetter folds
2026-02-04 17:17:43,431 - engine.poker_game - INFO - Community Cards: []
2026-02-04 17:17:43,431 - engine.poker_game - INFO - Pot: 30
2026-02-04 17:17:43,431 - engine.poker_game - INFO - --------------------
2026-02-04 17:17:43,431 - tournament_runner - INFO - Hand #135 complete on table 1
2026-02-04 17:17:43,432 - tournament_runner - INFO - Starting hand #136 on table 1
2026-02-04 17:17:43,432 - engine.poker_game - INFO - ayden_random_but_not_random posts small blind: 10
2026-02-04 17:17:43,432 - engine.poker_game - INFO - aydenbutbetter posts big blind: 10
2026-02-04 17:17:43,432 - engine.poker_game - INFO - 
==============================
--- NEW HAND ---
2026-02-04 17:17:43,432 - engine.poker_game - INFO - Dealer: ayden_random_but_not_random
2026-02-04 17:17:43,432 - engine.poker_game - INFO - aydenbutbetter has PlayerHand(cards=[A♦, 2♥]) (chips: 0)
2026-02-04 17:17:43,433 - engine.poker_game - INFO - ayden_random_but_not_random has PlayerHand(cards=[6♣, K♦]) (chips: 2554)
2026-02-04 17:17:43,433 - engine.poker_game - INFO - 
--- PRE-FLOP BETTING ---
2026-02-04 17:17:43,433 - engine.poker_game - INFO -   ayden_random_but_not_random folds
2026-02-04 17:17:43,434 - engine.poker_game - INFO - Community Cards: []
2026-02-04 17:17:43,434 - engine.poker_game - INFO - Pot: 20
2026-02-04 17:17:43,434 - engine.poker_game - INFO - --------------------
2026-02-04 17:17:43,434 - tournament.table_1 - INFO - Player aydenbutbetter eliminated from table 1 on hand 135
2026-02-04 17:17:43,435 - tournament - INFO - Player aydenbutbetter eliminated in position 2
2026-02-04 17:17:43,435 - tournament - INFO - Tournament complete! Winner: ayden_random_but_not_random
2026-02-04 17:17:43,435 - tournament_runner - INFO - Hand #136 complete on table 1
2026-02-04 17:17:43,436 - tournament_runner - INFO - Tournament results saved to logs/results_20260204_171743.json
