2026-02-04 17:44:05,236 - tournament_runner - INFO - Starting poker tournament...
2026-02-04 17:44:05,236 - bot_manager - INFO - Successfully loaded bot: ayden_random_but_not_random
2026-02-04 17:44:05,236 - bot_manager - INFO - Successfully loaded bot: conservative_bot
2026-02-04 17:44:05,237 - bot_manager - INFO - Successfully loaded bot: random_bot
2026-02-04 17:44:05,237 - bot_manager - INFO - Successfully loaded bot: aggressive_bot
2026-02-04 17:44:05,237 - bot_manager - INFO - Loaded 4 bots successfully
2026-02-04 17:44:05,237 - tournament_runner - INFO - Loaded 4 bots: ['ayden_random_but_not_random', 'conservative_bot', 'random_bot', 'aggressive_bot']
2026-02-04 17:44:05,237 - tournament - INFO - Tournament setup with 1 tables
2026-02-04 17:44:05,237 - tournament - INFO - Table 1: ['aggressive_bot', 'random_bot', 'ayden_random_but_not_random', 'conservative_bot']
2026-02-04 17:44:05,238 - tournament_runner - INFO - Starting hand #1 on table 1
2026-02-04 17:44:05,238 - engine.poker_game - INFO - random_bot posts small blind: 10
2026-02-04 17:44:05,238 - engine.poker_game - INFO - ayden_random_but_not_random posts big blind: 20
2026-02-04 17:44:05,238 - engine.poker_game - INFO - 
==============================
--- NEW HAND ---
2026-02-04 17:44:05,238 - engine.poker_game - INFO - Dealer: aggressive_bot
2026-02-04 17:44:05,238 - engine.poker_game - INFO - aggressive_bot has PlayerHand(cards=[J♣, J♥]) (chips: 1000)
2026-02-04 17:44:05,238 - engine.poker_game - INFO - random_bot has PlayerHand(cards=[3♦, J♦]) (chips: 990)
2026-02-04 17:44:05,239 - engine.poker_game - INFO - ayden_random_but_not_random has PlayerHand(cards=[8♥, A♦]) (chips: 980)
2026-02-04 17:44:05,239 - engine.poker_game - INFO - conservative_bot has PlayerHand(cards=[K♥, 3♥]) (chips: 1000)
2026-02-04 17:44:05,239 - engine.poker_game - INFO - 
--- PRE-FLOP BETTING ---
2026-02-04 17:44:05,239 - engine.poker_game - INFO -   conservative_bot folds
2026-02-04 17:44:05,239 - engine.poker_game - INFO -   aggressive_bot raises to 60
2026-02-04 17:44:05,239 - engine.poker_game - INFO -   random_bot folds
2026-02-04 17:44:05,239 - engine.poker_game - INFO -   ayden_random_but_not_random calls 40
2026-02-04 17:44:05,239 - engine.poker_game - INFO - Community Cards: []
2026-02-04 17:44:05,240 - engine.poker_game - INFO - Pot: 130
2026-02-04 17:44:05,240 - engine.poker_game - INFO - --------------------
2026-02-04 17:44:05,240 - engine.poker_game - INFO - FLOP: [5♠, 9♥, A♠]
2026-02-04 17:44:05,240 - engine.poker_game - INFO - 
--- FLOP BETTING ---
2026-02-04 17:44:05,240 - engine.poker_game - INFO -   ayden_random_but_not_random folds
2026-02-04 17:44:05,240 - engine.poker_game - INFO - Community Cards: [5♠, 9♥, A♠]
2026-02-04 17:44:05,240 - engine.poker_game - INFO - Pot: 130
2026-02-04 17:44:05,240 - engine.poker_game - INFO - --------------------
2026-02-04 17:44:05,240 - engine.poker_game - INFO - aggressive_bot wins 80 from side/main pot
2026-02-04 17:44:05,240 - engine.poker_game - INFO - aggressive_bot wins 20 from side/main pot
2026-02-04 17:44:05,241 - engine.poker_game - WARNING - Pot logic residual: 30
2026-02-04 17:44:05,241 - tournament_runner - INFO - Hand #1 complete on table 1
2026-02-04 17:44:05,241 - tournament_runner - INFO - Starting hand #2 on table 1
2026-02-04 17:44:05,241 - engine.poker_game - INFO - ayden_random_but_not_random posts small blind: 10
2026-02-04 17:44:05,241 - engine.poker_game - INFO - conservative_bot posts big blind: 20
2026-02-04 17:44:05,241 - engine.poker_game - INFO - 
==============================
--- NEW HAND ---
2026-02-04 17:44:05,241 - engine.poker_game - INFO - Dealer: random_bot
2026-02-04 17:44:05,241 - engine.poker_game - INFO - aggressive_bot has PlayerHand(cards=[8♥, 6♦]) (chips: 1070)
2026-02-04 17:44:05,241 - engine.poker_game - INFO - random_bot has PlayerHand(cards=[10♦, A♣]) (chips: 990)
2026-02-04 17:44:05,242 - engine.poker_game - INFO - ayden_random_but_not_random has PlayerHand(cards=[Q♥, 8♦]) (chips: 930)
2026-02-04 17:44:05,242 - engine.poker_game - INFO - conservative_bot has PlayerHand(cards=[10♣, 4♦]) (chips: 980)
2026-02-04 17:44:05,242 - engine.poker_game - INFO - 
--- PRE-FLOP BETTING ---
2026-02-04 17:44:05,242 - engine.poker_game - INFO -   aggressive_bot raises to 60
2026-02-04 17:44:05,242 - engine.poker_game - INFO -   random_bot calls 60
2026-02-04 17:44:05,242 - engine.poker_game - INFO -   ayden_random_but_not_random goes all-in for 930
2026-02-04 17:44:05,242 - engine.poker_game - INFO -   conservative_bot folds
2026-02-04 17:44:05,242 - engine.poker_game - INFO -   aggressive_bot calls 880
2026-02-04 17:44:05,242 - engine.poker_game - INFO -   random_bot goes all-in for 930
2026-02-04 17:44:05,243 - engine.poker_game - INFO -   aggressive_bot calls 50
2026-02-04 17:44:05,243 - engine.poker_game - INFO - Community Cards: []
2026-02-04 17:44:05,243 - engine.poker_game - INFO - Pot: 2940
2026-02-04 17:44:05,243 - engine.poker_game - INFO - --------------------
2026-02-04 17:44:05,243 - engine.poker_game - INFO - FLOP: [10♥, 8♣, 3♥]
2026-02-04 17:44:05,243 - engine.poker_game - INFO - 
--- FLOP BETTING ---
2026-02-04 17:44:05,243 - engine.poker_game - INFO -   aggressive_bot goes all-in with 80
2026-02-04 17:44:05,243 - engine.poker_game - INFO - Community Cards: [10♥, 8♣, 3♥]
2026-02-04 17:44:05,243 - engine.poker_game - INFO - Pot: 3020
2026-02-04 17:44:05,243 - engine.poker_game - INFO - --------------------
2026-02-04 17:44:05,244 - engine.poker_game - INFO - TURN: 8♠
2026-02-04 17:44:05,244 - engine.poker_game - INFO - 
--- TURN BETTING ---
2026-02-04 17:44:05,244 - engine.poker_game - INFO - Community Cards: [10♥, 8♣, 3♥, 8♠]
2026-02-04 17:44:05,244 - engine.poker_game - INFO - Pot: 3020
2026-02-04 17:44:05,244 - engine.poker_game - INFO - --------------------
2026-02-04 17:44:05,244 - engine.poker_game - INFO - RIVER: 3♠
2026-02-04 17:44:05,244 - engine.poker_game - INFO - 
--- RIVER BETTING ---
2026-02-04 17:44:05,244 - engine.poker_game - INFO - Community Cards: [10♥, 8♣, 3♥, 8♠, 3♠]
2026-02-04 17:44:05,244 - engine.poker_game - INFO - Pot: 3020
2026-02-04 17:44:05,244 - engine.poker_game - INFO - --------------------
2026-02-04 17:44:05,244 - engine.poker_game - INFO - 
--- SHOWDOWN ---
2026-02-04 17:44:05,245 - engine.poker_game - INFO -   aggressive_bot: Hand: [8♥, 6♦] -> full_house [8♥, 8♣, 3♥, 8♠, 3♠]
2026-02-04 17:44:05,245 - engine.poker_game - INFO -   random_bot: Hand: [10♦, A♣] -> two_pair [10♦, A♣, 10♥, 8♣, 8♠]
2026-02-04 17:44:05,246 - engine.poker_game - INFO -   ayden_random_but_not_random: Hand: [Q♥, 8♦] -> full_house [8♦, 8♣, 3♥, 8♠, 3♠]
2026-02-04 17:44:05,247 - engine.poker_game - INFO - WINNERS: aggressive_bot, ayden_random_but_not_random
2026-02-04 17:44:05,248 - engine.poker_game - INFO - aggressive_bot wins 1395 from side/main pot
2026-02-04 17:44:05,248 - engine.poker_game - INFO - ayden_random_but_not_random wins 1395 from side/main pot
2026-02-04 17:44:05,248 - engine.poker_game - INFO - aggressive_bot wins 120 from side/main pot
2026-02-04 17:44:05,249 - engine.poker_game - INFO - aggressive_bot wins 80 from side/main pot
2026-02-04 17:44:05,249 - engine.poker_game - WARNING - Pot logic residual: 30
2026-02-04 17:44:05,249 - tournament.table_1 - INFO - Player random_bot eliminated from table 1 on hand 1
2026-02-04 17:44:05,249 - tournament - INFO - Player random_bot eliminated in position 4
2026-02-04 17:44:05,249 - tournament_runner - INFO - Hand #2 complete on table 1
2026-02-04 17:44:05,249 - tournament_runner - INFO - Starting hand #3 on table 1
2026-02-04 17:44:05,249 - engine.poker_game - INFO - aggressive_bot posts small blind: 10
2026-02-04 17:44:05,249 - engine.poker_game - INFO - ayden_random_but_not_random posts big blind: 20
2026-02-04 17:44:05,249 - engine.poker_game - INFO - 
==============================
--- NEW HAND ---
2026-02-04 17:44:05,250 - engine.poker_game - INFO - Dealer: conservative_bot
2026-02-04 17:44:05,250 - engine.poker_game - INFO - aggressive_bot has PlayerHand(cards=[7♦, Q♥]) (chips: 1600)
2026-02-04 17:44:05,250 - engine.poker_game - INFO - ayden_random_but_not_random has PlayerHand(cards=[7♣, 4♦]) (chips: 1390)
2026-02-04 17:44:05,250 - engine.poker_game - INFO - conservative_bot has PlayerHand(cards=[8♠, 4♥]) (chips: 980)
2026-02-04 17:44:05,250 - engine.poker_game - INFO - 
--- PRE-FLOP BETTING ---
2026-02-04 17:44:05,250 - engine.poker_game - INFO -   conservative_bot folds
2026-02-04 17:44:05,250 - engine.poker_game - INFO -   aggressive_bot folds
2026-02-04 17:44:05,250 - engine.poker_game - INFO - Community Cards: []
2026-02-04 17:44:05,250 - engine.poker_game - INFO - Pot: 30
2026-02-04 17:44:05,250 - engine.poker_game - INFO - --------------------
2026-02-04 17:44:05,251 - tournament_runner - INFO - Hand #3 complete on table 1
2026-02-04 17:44:05,251 - tournament_runner - INFO - Starting hand #4 on table 1
2026-02-04 17:44:05,251 - engine.poker_game - INFO - ayden_random_but_not_random posts small blind: 10
2026-02-04 17:44:05,251 - engine.poker_game - INFO - conservative_bot posts big blind: 20
2026-02-04 17:44:05,251 - engine.poker_game - INFO - 
==============================
--- NEW HAND ---
2026-02-04 17:44:05,251 - engine.poker_game - INFO - Dealer: aggressive_bot
2026-02-04 17:44:05,251 - engine.poker_game - INFO - aggressive_bot has PlayerHand(cards=[8♦, 10♣]) (chips: 1600)
2026-02-04 17:44:05,251 - engine.poker_game - INFO - ayden_random_but_not_random has PlayerHand(cards=[2♠, 3♦]) (chips: 1380)
2026-02-04 17:44:05,251 - engine.poker_game - INFO - conservative_bot has PlayerHand(cards=[5♦, K♣]) (chips: 960)
2026-02-04 17:44:05,252 - engine.poker_game - INFO - 
--- PRE-FLOP BETTING ---
2026-02-04 17:44:05,252 - engine.poker_game - INFO -   aggressive_bot raises to 60
2026-02-04 17:44:05,252 - engine.poker_game - INFO -   ayden_random_but_not_random folds
2026-02-04 17:44:05,252 - engine.poker_game - INFO -   conservative_bot folds
2026-02-04 17:44:05,252 - engine.poker_game - INFO - Community Cards: []
2026-02-04 17:44:05,252 - engine.poker_game - INFO - Pot: 90
2026-02-04 17:44:05,252 - engine.poker_game - INFO - --------------------
2026-02-04 17:44:05,252 - engine.poker_game - INFO - aggressive_bot wins 60 from side/main pot
2026-02-04 17:44:05,252 - engine.poker_game - WARNING - Pot logic residual: 30
2026-02-04 17:44:05,252 - tournament_runner - INFO - Hand #4 complete on table 1
2026-02-04 17:44:05,253 - tournament_runner - INFO - Starting hand #5 on table 1
2026-02-04 17:44:05,253 - engine.poker_game - INFO - conservative_bot posts small blind: 10
2026-02-04 17:44:05,253 - engine.poker_game - INFO - aggressive_bot posts big blind: 20
2026-02-04 17:44:05,253 - engine.poker_game - INFO - 
==============================
--- NEW HAND ---
2026-02-04 17:44:05,253 - engine.poker_game - INFO - Dealer: ayden_random_but_not_random
2026-02-04 17:44:05,253 - engine.poker_game - INFO - aggressive_bot has PlayerHand(cards=[A♣, 10♦]) (chips: 1610)
2026-02-04 17:44:05,253 - engine.poker_game - INFO - ayden_random_but_not_random has PlayerHand(cards=[Q♦, J♥]) (chips: 1380)
2026-02-04 17:44:05,253 - engine.poker_game - INFO - conservative_bot has PlayerHand(cards=[Q♥, 3♦]) (chips: 950)
2026-02-04 17:44:05,253 - engine.poker_game - INFO - 
--- PRE-FLOP BETTING ---
2026-02-04 17:44:05,254 - engine.poker_game - INFO -   ayden_random_but_not_random calls 20
2026-02-04 17:44:05,254 - engine.poker_game - INFO -   conservative_bot folds
2026-02-04 17:44:05,254 - engine.poker_game - INFO -   aggressive_bot checks
2026-02-04 17:44:05,254 - engine.poker_game - INFO - Community Cards: []
2026-02-04 17:44:05,254 - engine.poker_game - INFO - Pot: 50
2026-02-04 17:44:05,254 - engine.poker_game - INFO - --------------------
2026-02-04 17:44:05,254 - engine.poker_game - INFO - FLOP: [5♠, 3♣, 8♦]
2026-02-04 17:44:05,254 - engine.poker_game - INFO - 
--- FLOP BETTING ---
2026-02-04 17:44:05,255 - engine.poker_game - INFO -   aggressive_bot raises to 25
2026-02-04 17:44:05,255 - engine.poker_game - INFO -   ayden_random_but_not_random folds
2026-02-04 17:44:05,255 - engine.poker_game - INFO - Community Cards: [5♠, 3♣, 8♦]
2026-02-04 17:44:05,255 - engine.poker_game - INFO - Pot: 75
2026-02-04 17:44:05,255 - engine.poker_game - INFO - --------------------
2026-02-04 17:44:05,255 - engine.poker_game - INFO - aggressive_bot wins 40 from side/main pot
2026-02-04 17:44:05,255 - engine.poker_game - INFO - aggressive_bot wins 5 from side/main pot
2026-02-04 17:44:05,255 - engine.poker_game - WARNING - Pot logic residual: 30
2026-02-04 17:44:05,255 - tournament_runner - INFO - Hand #5 complete on table 1
2026-02-04 17:44:05,256 - tournament_runner - INFO - Starting hand #6 on table 1
2026-02-04 17:44:05,256 - engine.poker_game - INFO - aggressive_bot posts small blind: 10
2026-02-04 17:44:05,256 - engine.poker_game - INFO - ayden_random_but_not_random posts big blind: 20
2026-02-04 17:44:05,256 - engine.poker_game - INFO - 
==============================
--- NEW HAND ---
2026-02-04 17:44:05,256 - engine.poker_game - INFO - Dealer: conservative_bot
2026-02-04 17:44:05,256 - engine.poker_game - INFO - aggressive_bot has PlayerHand(cards=[J♦, Q♦]) (chips: 1650)
2026-02-04 17:44:05,256 - engine.poker_game - INFO - ayden_random_but_not_random has PlayerHand(cards=[8♠, 9♥]) (chips: 1340)
2026-02-04 17:44:05,256 - engine.poker_game - INFO - conservative_bot has PlayerHand(cards=[A♦, 5♣]) (chips: 950)
2026-02-04 17:44:05,256 - engine.poker_game - INFO - 
--- PRE-FLOP BETTING ---
2026-02-04 17:44:05,257 - engine.poker_game - INFO -   conservative_bot folds
2026-02-04 17:44:05,257 - engine.poker_game - INFO -   aggressive_bot calls 10
2026-02-04 17:44:05,257 - engine.poker_game - INFO -   ayden_random_but_not_random folds
2026-02-04 17:44:05,257 - engine.poker_game - INFO - Community Cards: []
2026-02-04 17:44:05,257 - engine.poker_game - INFO - Pot: 40
2026-02-04 17:44:05,257 - engine.poker_game - INFO - --------------------
2026-02-04 17:44:05,257 - engine.poker_game - INFO - aggressive_bot wins 10 from side/main pot
2026-02-04 17:44:05,257 - engine.poker_game - WARNING - Pot logic residual: 30
2026-02-04 17:44:05,257 - tournament_runner - INFO - Hand #6 complete on table 1
2026-02-04 17:44:05,257 - tournament_runner - INFO - Starting hand #7 on table 1
2026-02-04 17:44:05,258 - engine.poker_game - INFO - ayden_random_but_not_random posts small blind: 10
2026-02-04 17:44:05,258 - engine.poker_game - INFO - conservative_bot posts big blind: 20
2026-02-04 17:44:05,258 - engine.poker_game - INFO - 
==============================
--- NEW HAND ---
2026-02-04 17:44:05,258 - engine.poker_game - INFO - Dealer: aggressive_bot
2026-02-04 17:44:05,258 - engine.poker_game - INFO - aggressive_bot has PlayerHand(cards=[9♠, Q♠]) (chips: 1680)
2026-02-04 17:44:05,258 - engine.poker_game - INFO - ayden_random_but_not_random has PlayerHand(cards=[5♥, 5♠]) (chips: 1330)
2026-02-04 17:44:05,258 - engine.poker_game - INFO - conservative_bot has PlayerHand(cards=[8♣, 3♠]) (chips: 930)
2026-02-04 17:44:05,258 - engine.poker_game - INFO - 
--- PRE-FLOP BETTING ---
2026-02-04 17:44:05,258 - engine.poker_game - INFO -   aggressive_bot calls 20
2026-02-04 17:44:05,259 - engine.poker_game - INFO -   ayden_random_but_not_random folds
2026-02-04 17:44:05,259 - engine.poker_game - INFO -   conservative_bot folds
2026-02-04 17:44:05,259 - engine.poker_game - INFO - Community Cards: []
2026-02-04 17:44:05,259 - engine.poker_game - INFO - Pot: 50
2026-02-04 17:44:05,259 - engine.poker_game - INFO - --------------------
2026-02-04 17:44:05,259 - engine.poker_game - INFO - aggressive_bot wins 20 from side/main pot
2026-02-04 17:44:05,259 - engine.poker_game - WARNING - Pot logic residual: 30
2026-02-04 17:44:05,259 - tournament_runner - INFO - Hand #7 complete on table 1
2026-02-04 17:44:05,259 - tournament_runner - INFO - Starting hand #8 on table 1
2026-02-04 17:44:05,260 - engine.poker_game - INFO - conservative_bot posts small blind: 10
2026-02-04 17:44:05,260 - engine.poker_game - INFO - aggressive_bot posts big blind: 20
2026-02-04 17:44:05,260 - engine.poker_game - INFO - 
==============================
--- NEW HAND ---
2026-02-04 17:44:05,260 - engine.poker_game - INFO - Dealer: ayden_random_but_not_random
2026-02-04 17:44:05,260 - engine.poker_game - INFO - aggressive_bot has PlayerHand(cards=[9♥, K♥]) (chips: 1690)
2026-02-04 17:44:05,260 - engine.poker_game - INFO - ayden_random_but_not_random has PlayerHand(cards=[J♦, 2♦]) (chips: 1330)
2026-02-04 17:44:05,260 - engine.poker_game - INFO - conservative_bot has PlayerHand(cards=[4♥, 10♣]) (chips: 920)
2026-02-04 17:44:05,260 - engine.poker_game - INFO - 
--- PRE-FLOP BETTING ---
2026-02-04 17:44:05,260 - engine.poker_game - INFO -   ayden_random_but_not_random folds
2026-02-04 17:44:05,260 - engine.poker_game - INFO -   conservative_bot folds
2026-02-04 17:44:05,261 - engine.poker_game - INFO - Community Cards: []
2026-02-04 17:44:05,261 - engine.poker_game - INFO - Pot: 30
2026-02-04 17:44:05,261 - engine.poker_game - INFO - --------------------
2026-02-04 17:44:05,261 - tournament_runner - INFO - Hand #8 complete on table 1
2026-02-04 17:44:05,261 - tournament_runner - INFO - Starting hand #9 on table 1
2026-02-04 17:44:05,261 - engine.poker_game - INFO - aggressive_bot posts small blind: 10
2026-02-04 17:44:05,261 - engine.poker_game - INFO - ayden_random_but_not_random posts big blind: 20
2026-02-04 17:44:05,261 - engine.poker_game - INFO - 
==============================
--- NEW HAND ---
2026-02-04 17:44:05,261 - engine.poker_game - INFO - Dealer: conservative_bot
2026-02-04 17:44:05,261 - engine.poker_game - INFO - aggressive_bot has PlayerHand(cards=[3♠, 6♦]) (chips: 1680)
2026-02-04 17:44:05,261 - engine.poker_game - INFO - ayden_random_but_not_random has PlayerHand(cards=[3♣, J♣]) (chips: 1310)
2026-02-04 17:44:05,262 - engine.poker_game - INFO - conservative_bot has PlayerHand(cards=[K♦, 6♣]) (chips: 920)
2026-02-04 17:44:05,262 - engine.poker_game - INFO - 
--- PRE-FLOP BETTING ---
2026-02-04 17:44:05,262 - engine.poker_game - INFO -   conservative_bot folds
2026-02-04 17:44:05,262 - engine.poker_game - INFO -   aggressive_bot calls 10
2026-02-04 17:44:05,262 - engine.poker_game - INFO -   ayden_random_but_not_random raises to 48
2026-02-04 17:44:05,262 - engine.poker_game - INFO -   aggressive_bot calls 28
2026-02-04 17:44:05,262 - engine.poker_game - INFO - Community Cards: []
2026-02-04 17:44:05,262 - engine.poker_game - INFO - Pot: 96
2026-02-04 17:44:05,262 - engine.poker_game - INFO - --------------------
2026-02-04 17:44:05,263 - engine.poker_game - INFO - FLOP: [K♥, J♠, 5♣]
2026-02-04 17:44:05,263 - engine.poker_game - INFO - 
--- FLOP BETTING ---
2026-02-04 17:44:05,263 - engine.poker_game - INFO -   ayden_random_but_not_random goes all-in for 1282
2026-02-04 17:44:05,263 - engine.poker_game - INFO -   aggressive_bot folds
2026-02-04 17:44:05,263 - engine.poker_game - INFO - Community Cards: [K♥, J♠, 5♣]
2026-02-04 17:44:05,263 - engine.poker_game - INFO - Pot: 1378
2026-02-04 17:44:05,263 - engine.poker_game - INFO - --------------------
2026-02-04 17:44:05,263 - engine.poker_game - INFO - ayden_random_but_not_random wins 76 from side/main pot
2026-02-04 17:44:05,263 - engine.poker_game - INFO - ayden_random_but_not_random wins 1272 from side/main pot
2026-02-04 17:44:05,264 - engine.poker_game - WARNING - Pot logic residual: 30
2026-02-04 17:44:05,264 - tournament_runner - INFO - Hand #9 complete on table 1
2026-02-04 17:44:05,264 - tournament_runner - INFO - Starting hand #10 on table 1
2026-02-04 17:44:05,264 - engine.poker_game - INFO - conservative_bot posts small blind: 10
2026-02-04 17:44:05,264 - engine.poker_game - INFO - aggressive_bot posts big blind: 20
2026-02-04 17:44:05,264 - engine.poker_game - INFO - 
==============================
--- NEW HAND ---
2026-02-04 17:44:05,264 - engine.poker_game - INFO - Dealer: ayden_random_but_not_random
2026-02-04 17:44:05,264 - engine.poker_game - INFO - aggressive_bot has PlayerHand(cards=[2♣, Q♠]) (chips: 1622)
2026-02-04 17:44:05,264 - engine.poker_game - INFO - ayden_random_but_not_random has PlayerHand(cards=[4♥, 8♣]) (chips: 1378)
2026-02-04 17:44:05,265 - engine.poker_game - INFO - conservative_bot has PlayerHand(cards=[6♥, Q♣]) (chips: 910)
2026-02-04 17:44:05,265 - engine.poker_game - INFO - 
--- PRE-FLOP BETTING ---
2026-02-04 17:44:05,265 - engine.poker_game - INFO -   ayden_random_but_not_random folds
2026-02-04 17:44:05,265 - engine.poker_game - INFO -   conservative_bot folds
2026-02-04 17:44:05,265 - engine.poker_game - INFO - Community Cards: []
2026-02-04 17:44:05,265 - engine.poker_game - INFO - Pot: 30
2026-02-04 17:44:05,265 - engine.poker_game - INFO - --------------------
2026-02-04 17:44:05,265 - tournament_runner - INFO - Hand #10 complete on table 1
2026-02-04 17:44:05,266 - tournament_runner - INFO - Starting hand #11 on table 1
2026-02-04 17:44:05,266 - engine.poker_game - INFO - aggressive_bot posts small blind: 10
2026-02-04 17:44:05,266 - engine.poker_game - INFO - ayden_random_but_not_random posts big blind: 20
2026-02-04 17:44:05,266 - engine.poker_game - INFO - 
==============================
--- NEW HAND ---
2026-02-04 17:44:05,266 - engine.poker_game - INFO - Dealer: conservative_bot
2026-02-04 17:44:05,266 - engine.poker_game - INFO - aggressive_bot has PlayerHand(cards=[7♠, 3♥]) (chips: 1612)
2026-02-04 17:44:05,266 - engine.poker_game - INFO - ayden_random_but_not_random has PlayerHand(cards=[4♥, 2♠]) (chips: 1358)
2026-02-04 17:44:05,266 - engine.poker_game - INFO - conservative_bot has PlayerHand(cards=[K♦, 5♠]) (chips: 910)
2026-02-04 17:44:05,266 - engine.poker_game - INFO - 
--- PRE-FLOP BETTING ---
2026-02-04 17:44:05,267 - engine.poker_game - INFO -   conservative_bot folds
2026-02-04 17:44:05,267 - engine.poker_game - INFO -   aggressive_bot folds
2026-02-04 17:44:05,267 - engine.poker_game - INFO - Community Cards: []
2026-02-04 17:44:05,267 - engine.poker_game - INFO - Pot: 30
2026-02-04 17:44:05,267 - engine.poker_game - INFO - --------------------
2026-02-04 17:44:05,267 - tournament_runner - INFO - Hand #11 complete on table 1
2026-02-04 17:44:05,268 - tournament_runner - INFO - Starting hand #12 on table 1
2026-02-04 17:44:05,268 - engine.poker_game - INFO - ayden_random_but_not_random posts small blind: 10
2026-02-04 17:44:05,268 - engine.poker_game - INFO - conservative_bot posts big blind: 20
2026-02-04 17:44:05,268 - engine.poker_game - INFO - 
==============================
--- NEW HAND ---
2026-02-04 17:44:05,268 - engine.poker_game - INFO - Dealer: aggressive_bot
2026-02-04 17:44:05,268 - engine.poker_game - INFO - aggressive_bot has PlayerHand(cards=[K♥, 6♠]) (chips: 1612)
2026-02-04 17:44:05,268 - engine.poker_game - INFO - ayden_random_but_not_random has PlayerHand(cards=[4♣, 9♠]) (chips: 1348)
2026-02-04 17:44:05,269 - engine.poker_game - INFO - conservative_bot has PlayerHand(cards=[K♣, 3♠]) (chips: 890)
2026-02-04 17:44:05,269 - engine.poker_game - INFO - 
--- PRE-FLOP BETTING ---
2026-02-04 17:44:05,269 - engine.poker_game - INFO -   aggressive_bot calls 20
2026-02-04 17:44:05,269 - engine.poker_game - INFO -   ayden_random_but_not_random calls 10
2026-02-04 17:44:05,269 - engine.poker_game - INFO -   conservative_bot folds
2026-02-04 17:44:05,269 - engine.poker_game - INFO - Community Cards: []
2026-02-04 17:44:05,269 - engine.poker_game - INFO - Pot: 60
2026-02-04 17:44:05,269 - engine.poker_game - INFO - --------------------
2026-02-04 17:44:05,269 - engine.poker_game - INFO - FLOP: [J♦, 8♥, A♦]
2026-02-04 17:44:05,269 - engine.poker_game - INFO - 
--- FLOP BETTING ---
2026-02-04 17:44:05,270 - engine.poker_game - INFO -   ayden_random_but_not_random goes all-in for 1338
2026-02-04 17:44:05,270 - engine.poker_game - INFO -   aggressive_bot folds
2026-02-04 17:44:05,270 - engine.poker_game - INFO - Community Cards: [J♦, 8♥, A♦]
2026-02-04 17:44:05,270 - engine.poker_game - INFO - Pot: 1398
2026-02-04 17:44:05,270 - engine.poker_game - INFO - --------------------
2026-02-04 17:44:05,270 - engine.poker_game - INFO - ayden_random_but_not_random wins 40 from side/main pot
2026-02-04 17:44:05,270 - engine.poker_game - INFO - ayden_random_but_not_random wins 1328 from side/main pot
2026-02-04 17:44:05,270 - engine.poker_game - WARNING - Pot logic residual: 30
2026-02-04 17:44:05,270 - tournament_runner - INFO - Hand #12 complete on table 1
2026-02-04 17:44:05,271 - tournament_runner - INFO - Starting hand #13 on table 1
2026-02-04 17:44:05,271 - engine.poker_game - INFO - conservative_bot posts small blind: 10
2026-02-04 17:44:05,271 - engine.poker_game - INFO - aggressive_bot posts big blind: 20
2026-02-04 17:44:05,271 - engine.poker_game - INFO - 
==============================
--- NEW HAND ---
2026-02-04 17:44:05,271 - engine.poker_game - INFO - Dealer: ayden_random_but_not_random
2026-02-04 17:44:05,271 - engine.poker_game - INFO - aggressive_bot has PlayerHand(cards=[K♥, 5♥]) (chips: 1572)
2026-02-04 17:44:05,271 - engine.poker_game - INFO - ayden_random_but_not_random has PlayerHand(cards=[10♥, A♣]) (chips: 1398)
2026-02-04 17:44:05,271 - engine.poker_game - INFO - conservative_bot has PlayerHand(cards=[J♥, Q♦]) (chips: 880)
2026-02-04 17:44:05,271 - engine.poker_game - INFO - 
--- PRE-FLOP BETTING ---
2026-02-04 17:44:05,271 - engine.poker_game - INFO -   ayden_random_but_not_random folds
2026-02-04 17:44:05,272 - engine.poker_game - INFO -   conservative_bot raises to 40
2026-02-04 17:44:05,272 - engine.poker_game - INFO -   aggressive_bot raises to 60
2026-02-04 17:44:05,272 - engine.poker_game - INFO -   conservative_bot raises to 93
2026-02-04 17:44:05,272 - engine.poker_game - INFO -   aggressive_bot folds
2026-02-04 17:44:05,272 - engine.poker_game - INFO - Community Cards: []
2026-02-04 17:44:05,272 - engine.poker_game - INFO - Pot: 153
2026-02-04 17:44:05,272 - engine.poker_game - INFO - --------------------
2026-02-04 17:44:05,272 - engine.poker_game - INFO - conservative_bot wins 80 from side/main pot
2026-02-04 17:44:05,272 - engine.poker_game - INFO - conservative_bot wins 43 from side/main pot
2026-02-04 17:44:05,272 - engine.poker_game - WARNING - Pot logic residual: 30
2026-02-04 17:44:05,272 - tournament_runner - INFO - Hand #13 complete on table 1
2026-02-04 17:44:05,273 - tournament_runner - INFO - Starting hand #14 on table 1
2026-02-04 17:44:05,273 - engine.poker_game - INFO - aggressive_bot posts small blind: 10
2026-02-04 17:44:05,273 - engine.poker_game - INFO - ayden_random_but_not_random posts big blind: 20
2026-02-04 17:44:05,273 - engine.poker_game - INFO - 
==============================
--- NEW HAND ---
2026-02-04 17:44:05,273 - engine.poker_game - INFO - Dealer: conservative_bot
2026-02-04 17:44:05,273 - engine.poker_game - INFO - aggressive_bot has PlayerHand(cards=[A♦, 9♣]) (chips: 1522)
2026-02-04 17:44:05,273 - engine.poker_game - INFO - ayden_random_but_not_random has PlayerHand(cards=[5♣, 7♦]) (chips: 1378)
2026-02-04 17:44:05,273 - engine.poker_game - INFO - conservative_bot has PlayerHand(cards=[10♠, 4♥]) (chips: 950)
2026-02-04 17:44:05,273 - engine.poker_game - INFO - 
--- PRE-FLOP BETTING ---
2026-02-04 17:44:05,274 - engine.poker_game - INFO -   conservative_bot folds
2026-02-04 17:44:05,274 - engine.poker_game - INFO -   aggressive_bot raises to 60
2026-02-04 17:44:05,274 - engine.poker_game - INFO -   ayden_random_but_not_random calls 40
2026-02-04 17:44:05,274 - engine.poker_game - INFO - Community Cards: []
2026-02-04 17:44:05,274 - engine.poker_game - INFO - Pot: 120
2026-02-04 17:44:05,274 - engine.poker_game - INFO - --------------------
2026-02-04 17:44:05,274 - engine.poker_game - INFO - FLOP: [10♥, 6♣, 5♥]
2026-02-04 17:44:05,274 - engine.poker_game - INFO - 
--- FLOP BETTING ---
2026-02-04 17:44:05,275 - engine.poker_game - INFO -   ayden_random_but_not_random checks
2026-02-04 17:44:05,275 - engine.poker_game - INFO -   aggressive_bot checks
2026-02-04 17:44:05,275 - engine.poker_game - INFO - Community Cards: [10♥, 6♣, 5♥]
2026-02-04 17:44:05,275 - engine.poker_game - INFO - Pot: 120
2026-02-04 17:44:05,275 - engine.poker_game - INFO - --------------------
2026-02-04 17:44:05,275 - engine.poker_game - INFO - TURN: 6♠
2026-02-04 17:44:05,275 - engine.poker_game - INFO - 
--- TURN BETTING ---
2026-02-04 17:44:05,275 - engine.poker_game - INFO -   ayden_random_but_not_random raises to 118
2026-02-04 17:44:05,276 - engine.poker_game - INFO -   aggressive_bot raises to 238
2026-02-04 17:44:05,276 - engine.poker_game - INFO -   ayden_random_but_not_random raises to 503
2026-02-04 17:44:05,276 - engine.poker_game - INFO -   aggressive_bot raises to 861
2026-02-04 17:44:05,276 - engine.poker_game - INFO -   ayden_random_but_not_random goes all-in for 835
2026-02-04 17:44:05,277 - engine.poker_game - INFO -   aggressive_bot calls 477
2026-02-04 17:44:05,277 - engine.poker_game - INFO - Community Cards: [10♥, 6♣, 5♥, 6♠]
2026-02-04 17:44:05,277 - engine.poker_game - INFO - Pot: 2796
2026-02-04 17:44:05,277 - engine.poker_game - INFO - --------------------
2026-02-04 17:44:05,277 - engine.poker_game - INFO - RIVER: 10♦
2026-02-04 17:44:05,277 - engine.poker_game - INFO - 
--- RIVER BETTING ---
2026-02-04 17:44:05,278 - engine.poker_game - INFO -   aggressive_bot goes all-in with 134
2026-02-04 17:44:05,278 - engine.poker_game - INFO - Community Cards: [10♥, 6♣, 5♥, 6♠, 10♦]
2026-02-04 17:44:05,278 - engine.poker_game - INFO - Pot: 2930
2026-02-04 17:44:05,278 - engine.poker_game - INFO - --------------------
2026-02-04 17:44:05,278 - engine.poker_game - INFO - 
--- SHOWDOWN ---
2026-02-04 17:44:05,278 - engine.poker_game - INFO -   aggressive_bot: Hand: [A♦, 9♣] -> two_pair [A♦, 10♥, 6♣, 6♠, 10♦]
2026-02-04 17:44:05,279 - engine.poker_game - INFO -   ayden_random_but_not_random: Hand: [5♣, 7♦] -> two_pair [7♦, 10♥, 6♣, 6♠, 10♦]
2026-02-04 17:44:05,280 - engine.poker_game - INFO - WINNERS: aggressive_bot
2026-02-04 17:44:05,281 - engine.poker_game - INFO - aggressive_bot wins 2756 from side/main pot
2026-02-04 17:44:05,281 - engine.poker_game - INFO - aggressive_bot wins 144 from side/main pot
2026-02-04 17:44:05,282 - engine.poker_game - WARNING - Pot logic residual: 30
2026-02-04 17:44:05,282 - tournament.table_1 - INFO - Player ayden_random_but_not_random eliminated from table 1 on hand 13
2026-02-04 17:44:05,282 - tournament - INFO - Player ayden_random_but_not_random eliminated in position 3
2026-02-04 17:44:05,282 - tournament_runner - INFO - Hand #14 complete on table 1
2026-02-04 17:44:05,282 - tournament_runner - INFO - Starting hand #15 on table 1
2026-02-04 17:44:05,282 - engine.poker_game - INFO - conservative_bot posts small blind: 10
2026-02-04 17:44:05,282 - engine.poker_game - INFO - aggressive_bot posts big blind: 20
2026-02-04 17:44:05,282 - engine.poker_game - INFO - 
==============================
--- NEW HAND ---
2026-02-04 17:44:05,282 - engine.poker_game - INFO - Dealer: conservative_bot
2026-02-04 17:44:05,282 - engine.poker_game - INFO - aggressive_bot has PlayerHand(cards=[A♥, 6♠]) (chips: 2910)
2026-02-04 17:44:05,283 - engine.poker_game - INFO - conservative_bot has PlayerHand(cards=[5♦, 7♥]) (chips: 940)
2026-02-04 17:44:05,283 - engine.poker_game - INFO - 
--- PRE-FLOP BETTING ---
2026-02-04 17:44:05,283 - engine.poker_game - INFO -   conservative_bot folds
2026-02-04 17:44:05,283 - engine.poker_game - INFO - Community Cards: []
2026-02-04 17:44:05,283 - engine.poker_game - INFO - Pot: 30
2026-02-04 17:44:05,283 - engine.poker_game - INFO - --------------------
2026-02-04 17:44:05,283 - tournament_runner - INFO - Hand #15 complete on table 1
2026-02-04 17:44:05,283 - tournament_runner - INFO - Starting hand #16 on table 1
2026-02-04 17:44:05,284 - engine.poker_game - INFO - aggressive_bot posts small blind: 10
2026-02-04 17:44:05,284 - engine.poker_game - INFO - conservative_bot posts big blind: 20
2026-02-04 17:44:05,284 - engine.poker_game - INFO - 
==============================
--- NEW HAND ---
2026-02-04 17:44:05,284 - engine.poker_game - INFO - Dealer: aggressive_bot
2026-02-04 17:44:05,284 - engine.poker_game - INFO - aggressive_bot has PlayerHand(cards=[5♣, 4♥]) (chips: 2900)
2026-02-04 17:44:05,284 - engine.poker_game - INFO - conservative_bot has PlayerHand(cards=[K♦, 5♦]) (chips: 920)
2026-02-04 17:44:05,284 - engine.poker_game - INFO - 
--- PRE-FLOP BETTING ---
2026-02-04 17:44:05,284 - engine.poker_game - INFO -   aggressive_bot raises to 60
2026-02-04 17:44:05,284 - engine.poker_game - INFO -   conservative_bot folds
2026-02-04 17:44:05,285 - engine.poker_game - INFO - Community Cards: []
2026-02-04 17:44:05,285 - engine.poker_game - INFO - Pot: 80
2026-02-04 17:44:05,285 - engine.poker_game - INFO - --------------------
2026-02-04 17:44:05,285 - engine.poker_game - INFO - aggressive_bot wins 50 from side/main pot
2026-02-04 17:44:05,285 - engine.poker_game - WARNING - Pot logic residual: 30
2026-02-04 17:44:05,285 - tournament_runner - INFO - Hand #16 complete on table 1
2026-02-04 17:44:05,285 - tournament_runner - INFO - Starting hand #17 on table 1
2026-02-04 17:44:05,285 - engine.poker_game - INFO - conservative_bot posts small blind: 10
2026-02-04 17:44:05,285 - engine.poker_game - INFO - aggressive_bot posts big blind: 20
2026-02-04 17:44:05,286 - engine.poker_game - INFO - 
==============================
--- NEW HAND ---
2026-02-04 17:44:05,286 - engine.poker_game - INFO - Dealer: conservative_bot
2026-02-04 17:44:05,286 - engine.poker_game - INFO - aggressive_bot has PlayerHand(cards=[6♠, 4♦]) (chips: 2910)
2026-02-04 17:44:05,286 - engine.poker_game - INFO - conservative_bot has PlayerHand(cards=[9♥, Q♥]) (chips: 910)
2026-02-04 17:44:05,286 - engine.poker_game - INFO - 
--- PRE-FLOP BETTING ---
2026-02-04 17:44:05,286 - engine.poker_game - INFO -   conservative_bot folds
2026-02-04 17:44:05,286 - engine.poker_game - INFO - Community Cards: []
2026-02-04 17:44:05,286 - engine.poker_game - INFO - Pot: 30
2026-02-04 17:44:05,286 - engine.poker_game - INFO - --------------------
2026-02-04 17:44:05,286 - tournament_runner - INFO - Hand #17 complete on table 1
2026-02-04 17:44:05,287 - tournament_runner - INFO - Starting hand #18 on table 1
2026-02-04 17:44:05,287 - engine.poker_game - INFO - aggressive_bot posts small blind: 10
2026-02-04 17:44:05,287 - engine.poker_game - INFO - conservative_bot posts big blind: 20
2026-02-04 17:44:05,287 - engine.poker_game - INFO - 
==============================
--- NEW HAND ---
2026-02-04 17:44:05,287 - engine.poker_game - INFO - Dealer: aggressive_bot
2026-02-04 17:44:05,287 - engine.poker_game - INFO - aggressive_bot has PlayerHand(cards=[4♠, 10♦]) (chips: 2900)
2026-02-04 17:44:05,287 - engine.poker_game - INFO - conservative_bot has PlayerHand(cards=[8♠, 2♠]) (chips: 890)
2026-02-04 17:44:05,287 - engine.poker_game - INFO - 
--- PRE-FLOP BETTING ---
2026-02-04 17:44:05,287 - engine.poker_game - INFO -   aggressive_bot raises to 80
2026-02-04 17:44:05,288 - engine.poker_game - INFO -   conservative_bot folds
2026-02-04 17:44:05,288 - engine.poker_game - INFO - Community Cards: []
2026-02-04 17:44:05,288 - engine.poker_game - INFO - Pot: 100
2026-02-04 17:44:05,288 - engine.poker_game - INFO - --------------------
2026-02-04 17:44:05,288 - engine.poker_game - INFO - aggressive_bot wins 70 from side/main pot
2026-02-04 17:44:05,288 - engine.poker_game - WARNING - Pot logic residual: 30
2026-02-04 17:44:05,288 - tournament_runner - INFO - Hand #18 complete on table 1
2026-02-04 17:44:05,288 - tournament_runner - INFO - Starting hand #19 on table 1
2026-02-04 17:44:05,288 - engine.poker_game - INFO - conservative_bot posts small blind: 10
2026-02-04 17:44:05,288 - engine.poker_game - INFO - aggressive_bot posts big blind: 20
2026-02-04 17:44:05,288 - engine.poker_game - INFO - 
==============================
--- NEW HAND ---
2026-02-04 17:44:05,288 - engine.poker_game - INFO - Dealer: conservative_bot
2026-02-04 17:44:05,289 - engine.poker_game - INFO - aggressive_bot has PlayerHand(cards=[4♠, J♠]) (chips: 2910)
2026-02-04 17:44:05,289 - engine.poker_game - INFO - conservative_bot has PlayerHand(cards=[10♥, 3♣]) (chips: 880)
2026-02-04 17:44:05,289 - engine.poker_game - INFO - 
--- PRE-FLOP BETTING ---
2026-02-04 17:44:05,289 - engine.poker_game - INFO -   conservative_bot folds
2026-02-04 17:44:05,289 - engine.poker_game - INFO - Community Cards: []
2026-02-04 17:44:05,289 - engine.poker_game - INFO - Pot: 30
2026-02-04 17:44:05,289 - engine.poker_game - INFO - --------------------
2026-02-04 17:44:05,289 - tournament_runner - INFO - Hand #19 complete on table 1
2026-02-04 17:44:05,289 - tournament_runner - INFO - Starting hand #20 on table 1
2026-02-04 17:44:05,289 - engine.poker_game - INFO - aggressive_bot posts small blind: 10
2026-02-04 17:44:05,290 - engine.poker_game - INFO - conservative_bot posts big blind: 20
2026-02-04 17:44:05,290 - engine.poker_game - INFO - 
==============================
--- NEW HAND ---
2026-02-04 17:44:05,290 - engine.poker_game - INFO - Dealer: aggressive_bot
2026-02-04 17:44:05,290 - engine.poker_game - INFO - aggressive_bot has PlayerHand(cards=[Q♣, 8♠]) (chips: 2900)
2026-02-04 17:44:05,290 - engine.poker_game - INFO - conservative_bot has PlayerHand(cards=[5♥, J♣]) (chips: 860)
2026-02-04 17:44:05,290 - engine.poker_game - INFO - 
--- PRE-FLOP BETTING ---
2026-02-04 17:44:05,290 - engine.poker_game - INFO -   aggressive_bot calls 10
2026-02-04 17:44:05,290 - engine.poker_game - INFO -   conservative_bot folds
2026-02-04 17:44:05,290 - engine.poker_game - INFO - Community Cards: []
2026-02-04 17:44:05,290 - engine.poker_game - INFO - Pot: 40
2026-02-04 17:44:05,291 - engine.poker_game - INFO - --------------------
2026-02-04 17:44:05,291 - engine.poker_game - INFO - aggressive_bot wins 10 from side/main pot
2026-02-04 17:44:05,291 - engine.poker_game - WARNING - Pot logic residual: 30
2026-02-04 17:44:05,291 - tournament_runner - INFO - Hand #20 complete on table 1
2026-02-04 17:44:05,291 - tournament_runner - INFO - Starting hand #21 on table 1
2026-02-04 17:44:05,291 - engine.poker_game - INFO - conservative_bot posts small blind: 10
2026-02-04 17:44:05,291 - engine.poker_game - INFO - aggressive_bot posts big blind: 20
2026-02-04 17:44:05,291 - engine.poker_game - INFO - 
==============================
--- NEW HAND ---
2026-02-04 17:44:05,291 - engine.poker_game - INFO - Dealer: conservative_bot
2026-02-04 17:44:05,292 - engine.poker_game - INFO - aggressive_bot has PlayerHand(cards=[6♠, 5♥]) (chips: 2910)
2026-02-04 17:44:05,292 - engine.poker_game - INFO - conservative_bot has PlayerHand(cards=[J♥, 3♠]) (chips: 850)
2026-02-04 17:44:05,292 - engine.poker_game - INFO - 
--- PRE-FLOP BETTING ---
2026-02-04 17:44:05,292 - engine.poker_game - INFO -   conservative_bot folds
2026-02-04 17:44:05,292 - engine.poker_game - INFO - Community Cards: []
2026-02-04 17:44:05,292 - engine.poker_game - INFO - Pot: 30
2026-02-04 17:44:05,292 - engine.poker_game - INFO - --------------------
2026-02-04 17:44:05,292 - tournament_runner - INFO - Hand #21 complete on table 1
2026-02-04 17:44:05,292 - tournament_runner - INFO - Starting hand #22 on table 1
2026-02-04 17:44:05,293 - engine.poker_game - INFO - aggressive_bot posts small blind: 10
2026-02-04 17:44:05,293 - engine.poker_game - INFO - conservative_bot posts big blind: 20
2026-02-04 17:44:05,293 - engine.poker_game - INFO - 
==============================
--- NEW HAND ---
2026-02-04 17:44:05,293 - engine.poker_game - INFO - Dealer: aggressive_bot
2026-02-04 17:44:05,293 - engine.poker_game - INFO - aggressive_bot has PlayerHand(cards=[7♣, 6♠]) (chips: 2900)
2026-02-04 17:44:05,293 - engine.poker_game - INFO - conservative_bot has PlayerHand(cards=[Q♦, 10♣]) (chips: 830)
2026-02-04 17:44:05,293 - engine.poker_game - INFO - 
--- PRE-FLOP BETTING ---
2026-02-04 17:44:05,293 - engine.poker_game - INFO -   aggressive_bot raises to 60
2026-02-04 17:44:05,293 - engine.poker_game - INFO -   conservative_bot folds
2026-02-04 17:44:05,293 - engine.poker_game - INFO - Community Cards: []
2026-02-04 17:44:05,294 - engine.poker_game - INFO - Pot: 80
2026-02-04 17:44:05,294 - engine.poker_game - INFO - --------------------
2026-02-04 17:44:05,294 - engine.poker_game - INFO - aggressive_bot wins 50 from side/main pot
2026-02-04 17:44:05,294 - engine.poker_game - WARNING - Pot logic residual: 30
2026-02-04 17:44:05,294 - tournament_runner - INFO - Hand #22 complete on table 1
2026-02-04 17:44:05,294 - tournament_runner - INFO - Starting hand #23 on table 1
2026-02-04 17:44:05,294 - engine.poker_game - INFO - conservative_bot posts small blind: 10
2026-02-04 17:44:05,294 - engine.poker_game - INFO - aggressive_bot posts big blind: 20
2026-02-04 17:44:05,294 - engine.poker_game - INFO - 
==============================
--- NEW HAND ---
2026-02-04 17:44:05,294 - engine.poker_game - INFO - Dealer: conservative_bot
2026-02-04 17:44:05,295 - engine.poker_game - INFO - aggressive_bot has PlayerHand(cards=[J♠, 7♦]) (chips: 2910)
2026-02-04 17:44:05,295 - engine.poker_game - INFO - conservative_bot has PlayerHand(cards=[3♠, 9♣]) (chips: 820)
2026-02-04 17:44:05,295 - engine.poker_game - INFO - 
--- PRE-FLOP BETTING ---
2026-02-04 17:44:05,295 - engine.poker_game - INFO -   conservative_bot folds
2026-02-04 17:44:05,295 - engine.poker_game - INFO - Community Cards: []
2026-02-04 17:44:05,295 - engine.poker_game - INFO - Pot: 30
2026-02-04 17:44:05,295 - engine.poker_game - INFO - --------------------
2026-02-04 17:44:05,295 - tournament_runner - INFO - Hand #23 complete on table 1
2026-02-04 17:44:05,295 - tournament_runner - INFO - Starting hand #24 on table 1
2026-02-04 17:44:05,296 - engine.poker_game - INFO - aggressive_bot posts small blind: 10
2026-02-04 17:44:05,296 - engine.poker_game - INFO - conservative_bot posts big blind: 20
2026-02-04 17:44:05,296 - engine.poker_game - INFO - 
==============================
--- NEW HAND ---
2026-02-04 17:44:05,296 - engine.poker_game - INFO - Dealer: aggressive_bot
2026-02-04 17:44:05,296 - engine.poker_game - INFO - aggressive_bot has PlayerHand(cards=[5♦, 4♣]) (chips: 2900)
2026-02-04 17:44:05,296 - engine.poker_game - INFO - conservative_bot has PlayerHand(cards=[3♦, 8♠]) (chips: 800)
2026-02-04 17:44:05,296 - engine.poker_game - INFO - 
--- PRE-FLOP BETTING ---
2026-02-04 17:44:05,296 - engine.poker_game - INFO -   aggressive_bot raises to 80
2026-02-04 17:44:05,296 - engine.poker_game - INFO -   conservative_bot folds
2026-02-04 17:44:05,296 - engine.poker_game - INFO - Community Cards: []
2026-02-04 17:44:05,297 - engine.poker_game - INFO - Pot: 100
2026-02-04 17:44:05,297 - engine.poker_game - INFO - --------------------
2026-02-04 17:44:05,297 - engine.poker_game - INFO - aggressive_bot wins 70 from side/main pot
2026-02-04 17:44:05,297 - engine.poker_game - WARNING - Pot logic residual: 30
2026-02-04 17:44:05,297 - tournament_runner - INFO - Hand #24 complete on table 1
2026-02-04 17:44:05,297 - tournament_runner - INFO - Starting hand #25 on table 1
2026-02-04 17:44:05,298 - engine.poker_game - INFO - conservative_bot posts small blind: 10
2026-02-04 17:44:05,298 - engine.poker_game - INFO - aggressive_bot posts big blind: 20
2026-02-04 17:44:05,298 - engine.poker_game - INFO - 
==============================
--- NEW HAND ---
2026-02-04 17:44:05,298 - engine.poker_game - INFO - Dealer: conservative_bot
2026-02-04 17:44:05,298 - engine.poker_game - INFO - aggressive_bot has PlayerHand(cards=[Q♣, 6♥]) (chips: 2910)
2026-02-04 17:44:05,298 - engine.poker_game - INFO - conservative_bot has PlayerHand(cards=[10♥, Q♠]) (chips: 790)
2026-02-04 17:44:05,298 - engine.poker_game - INFO - 
--- PRE-FLOP BETTING ---
2026-02-04 17:44:05,298 - engine.poker_game - INFO -   conservative_bot folds
2026-02-04 17:44:05,298 - engine.poker_game - INFO - Community Cards: []
2026-02-04 17:44:05,298 - engine.poker_game - INFO - Pot: 30
2026-02-04 17:44:05,298 - engine.poker_game - INFO - --------------------
2026-02-04 17:44:05,299 - tournament_runner - INFO - Hand #25 complete on table 1
2026-02-04 17:44:05,299 - tournament_runner - INFO - Starting hand #26 on table 1
2026-02-04 17:44:05,299 - engine.poker_game - INFO - aggressive_bot posts small blind: 10
2026-02-04 17:44:05,299 - engine.poker_game - INFO - conservative_bot posts big blind: 20
2026-02-04 17:44:05,299 - engine.poker_game - INFO - 
==============================
--- NEW HAND ---
2026-02-04 17:44:05,299 - engine.poker_game - INFO - Dealer: aggressive_bot
2026-02-04 17:44:05,299 - engine.poker_game - INFO - aggressive_bot has PlayerHand(cards=[Q♦, Q♣]) (chips: 2900)
2026-02-04 17:44:05,299 - engine.poker_game - INFO - conservative_bot has PlayerHand(cards=[3♠, J♦]) (chips: 770)
2026-02-04 17:44:05,299 - engine.poker_game - INFO - 
--- PRE-FLOP BETTING ---
2026-02-04 17:44:05,300 - engine.poker_game - INFO -   aggressive_bot calls 10
2026-02-04 17:44:05,300 - engine.poker_game - INFO -   conservative_bot folds
2026-02-04 17:44:05,300 - engine.poker_game - INFO - Community Cards: []
2026-02-04 17:44:05,300 - engine.poker_game - INFO - Pot: 40
2026-02-04 17:44:05,300 - engine.poker_game - INFO - --------------------
2026-02-04 17:44:05,300 - engine.poker_game - INFO - aggressive_bot wins 10 from side/main pot
2026-02-04 17:44:05,300 - engine.poker_game - WARNING - Pot logic residual: 30
2026-02-04 17:44:05,300 - tournament_runner - INFO - Hand #26 complete on table 1
2026-02-04 17:44:05,300 - tournament_runner - INFO - Starting hand #27 on table 1
2026-02-04 17:44:05,301 - engine.poker_game - INFO - conservative_bot posts small blind: 10
2026-02-04 17:44:05,301 - engine.poker_game - INFO - aggressive_bot posts big blind: 20
2026-02-04 17:44:05,301 - engine.poker_game - INFO - 
==============================
--- NEW HAND ---
2026-02-04 17:44:05,301 - engine.poker_game - INFO - Dealer: conservative_bot
2026-02-04 17:44:05,301 - engine.poker_game - INFO - aggressive_bot has PlayerHand(cards=[J♠, 8♠]) (chips: 2910)
2026-02-04 17:44:05,301 - engine.poker_game - INFO - conservative_bot has PlayerHand(cards=[7♦, J♥]) (chips: 760)
2026-02-04 17:44:05,301 - engine.poker_game - INFO - 
--- PRE-FLOP BETTING ---
2026-02-04 17:44:05,301 - engine.poker_game - INFO -   conservative_bot folds
2026-02-04 17:44:05,301 - engine.poker_game - INFO - Community Cards: []
2026-02-04 17:44:05,301 - engine.poker_game - INFO - Pot: 30
2026-02-04 17:44:05,302 - engine.poker_game - INFO - --------------------
2026-02-04 17:44:05,302 - tournament_runner - INFO - Hand #27 complete on table 1
2026-02-04 17:44:05,302 - tournament_runner - INFO - Starting hand #28 on table 1
2026-02-04 17:44:05,302 - engine.poker_game - INFO - aggressive_bot posts small blind: 10
2026-02-04 17:44:05,302 - engine.poker_game - INFO - conservative_bot posts big blind: 20
2026-02-04 17:44:05,302 - engine.poker_game - INFO - 
==============================
--- NEW HAND ---
2026-02-04 17:44:05,302 - engine.poker_game - INFO - Dealer: aggressive_bot
2026-02-04 17:44:05,302 - engine.poker_game - INFO - aggressive_bot has PlayerHand(cards=[Q♠, J♥]) (chips: 2900)
2026-02-04 17:44:05,302 - engine.poker_game - INFO - conservative_bot has PlayerHand(cards=[10♠, Q♥]) (chips: 740)
2026-02-04 17:44:05,302 - engine.poker_game - INFO - 
--- PRE-FLOP BETTING ---
2026-02-04 17:44:05,302 - engine.poker_game - INFO -   aggressive_bot folds
2026-02-04 17:44:05,303 - engine.poker_game - INFO - Community Cards: []
2026-02-04 17:44:05,303 - engine.poker_game - INFO - Pot: 30
2026-02-04 17:44:05,303 - engine.poker_game - INFO - --------------------
2026-02-04 17:44:05,303 - tournament_runner - INFO - Hand #28 complete on table 1
2026-02-04 17:44:05,303 - tournament_runner - INFO - Starting hand #29 on table 1
2026-02-04 17:44:05,303 - engine.poker_game - INFO - conservative_bot posts small blind: 10
2026-02-04 17:44:05,303 - engine.poker_game - INFO - aggressive_bot posts big blind: 20
2026-02-04 17:44:05,303 - engine.poker_game - INFO - 
==============================
--- NEW HAND ---
2026-02-04 17:44:05,303 - engine.poker_game - INFO - Dealer: conservative_bot
2026-02-04 17:44:05,303 - engine.poker_game - INFO - aggressive_bot has PlayerHand(cards=[7♥, 7♣]) (chips: 2880)
2026-02-04 17:44:05,303 - engine.poker_game - INFO - conservative_bot has PlayerHand(cards=[A♣, 8♣]) (chips: 730)
2026-02-04 17:44:05,304 - engine.poker_game - INFO - 
--- PRE-FLOP BETTING ---
2026-02-04 17:44:05,304 - engine.poker_game - INFO -   conservative_bot folds
2026-02-04 17:44:05,304 - engine.poker_game - INFO - Community Cards: []
2026-02-04 17:44:05,304 - engine.poker_game - INFO - Pot: 30
2026-02-04 17:44:05,304 - engine.poker_game - INFO - --------------------
2026-02-04 17:44:05,304 - tournament_runner - INFO - Hand #29 complete on table 1
2026-02-04 17:44:05,304 - tournament_runner - INFO - Starting hand #30 on table 1
2026-02-04 17:44:05,304 - engine.poker_game - INFO - aggressive_bot posts small blind: 10
2026-02-04 17:44:05,304 - engine.poker_game - INFO - conservative_bot posts big blind: 20
2026-02-04 17:44:05,304 - engine.poker_game - INFO - 
==============================
--- NEW HAND ---
2026-02-04 17:44:05,305 - engine.poker_game - INFO - Dealer: aggressive_bot
2026-02-04 17:44:05,305 - engine.poker_game - INFO - aggressive_bot has PlayerHand(cards=[Q♥, 5♣]) (chips: 2870)
2026-02-04 17:44:05,305 - engine.poker_game - INFO - conservative_bot has PlayerHand(cards=[2♥, 10♣]) (chips: 710)
2026-02-04 17:44:05,305 - engine.poker_game - INFO - 
--- PRE-FLOP BETTING ---
2026-02-04 17:44:05,305 - engine.poker_game - INFO -   aggressive_bot calls 10
2026-02-04 17:44:05,305 - engine.poker_game - INFO -   conservative_bot folds
2026-02-04 17:44:05,305 - engine.poker_game - INFO - Community Cards: []
2026-02-04 17:44:05,306 - engine.poker_game - INFO - Pot: 40
2026-02-04 17:44:05,306 - engine.poker_game - INFO - --------------------
2026-02-04 17:44:05,306 - engine.poker_game - INFO - aggressive_bot wins 10 from side/main pot
2026-02-04 17:44:05,306 - engine.poker_game - WARNING - Pot logic residual: 30
2026-02-04 17:44:05,306 - tournament_runner - INFO - Hand #30 complete on table 1
2026-02-04 17:44:05,307 - tournament_runner - INFO - Starting hand #31 on table 1
2026-02-04 17:44:05,307 - engine.poker_game - INFO - conservative_bot posts small blind: 10
2026-02-04 17:44:05,307 - engine.poker_game - INFO - aggressive_bot posts big blind: 20
2026-02-04 17:44:05,307 - engine.poker_game - INFO - 
==============================
--- NEW HAND ---
2026-02-04 17:44:05,307 - engine.poker_game - INFO - Dealer: conservative_bot
2026-02-04 17:44:05,307 - engine.poker_game - INFO - aggressive_bot has PlayerHand(cards=[8♥, 2♣]) (chips: 2880)
2026-02-04 17:44:05,307 - engine.poker_game - INFO - conservative_bot has PlayerHand(cards=[A♣, 7♦]) (chips: 700)
2026-02-04 17:44:05,307 - engine.poker_game - INFO - 
--- PRE-FLOP BETTING ---
2026-02-04 17:44:05,308 - engine.poker_game - INFO -   conservative_bot folds
2026-02-04 17:44:05,308 - engine.poker_game - INFO - Community Cards: []
2026-02-04 17:44:05,308 - engine.poker_game - INFO - Pot: 30
2026-02-04 17:44:05,308 - engine.poker_game - INFO - --------------------
2026-02-04 17:44:05,308 - tournament_runner - INFO - Hand #31 complete on table 1
2026-02-04 17:44:05,308 - tournament_runner - INFO - Starting hand #32 on table 1
2026-02-04 17:44:05,308 - engine.poker_game - INFO - aggressive_bot posts small blind: 10
2026-02-04 17:44:05,308 - engine.poker_game - INFO - conservative_bot posts big blind: 20
2026-02-04 17:44:05,308 - engine.poker_game - INFO - 
==============================
--- NEW HAND ---
2026-02-04 17:44:05,308 - engine.poker_game - INFO - Dealer: aggressive_bot
2026-02-04 17:44:05,309 - engine.poker_game - INFO - aggressive_bot has PlayerHand(cards=[K♥, 9♥]) (chips: 2870)
2026-02-04 17:44:05,309 - engine.poker_game - INFO - conservative_bot has PlayerHand(cards=[A♠, K♣]) (chips: 680)
2026-02-04 17:44:05,309 - engine.poker_game - INFO - 
--- PRE-FLOP BETTING ---
2026-02-04 17:44:05,309 - engine.poker_game - INFO -   aggressive_bot folds
2026-02-04 17:44:05,309 - engine.poker_game - INFO - Community Cards: []
2026-02-04 17:44:05,309 - engine.poker_game - INFO - Pot: 30
2026-02-04 17:44:05,309 - engine.poker_game - INFO - --------------------
2026-02-04 17:44:05,309 - tournament_runner - INFO - Hand #32 complete on table 1
2026-02-04 17:44:05,309 - tournament_runner - INFO - Starting hand #33 on table 1
2026-02-04 17:44:05,310 - engine.poker_game - INFO - conservative_bot posts small blind: 10
2026-02-04 17:44:05,310 - engine.poker_game - INFO - aggressive_bot posts big blind: 20
2026-02-04 17:44:05,310 - engine.poker_game - INFO - 
==============================
--- NEW HAND ---
2026-02-04 17:44:05,310 - engine.poker_game - INFO - Dealer: conservative_bot
2026-02-04 17:44:05,310 - engine.poker_game - INFO - aggressive_bot has PlayerHand(cards=[6♥, 3♥]) (chips: 2850)
2026-02-04 17:44:05,310 - engine.poker_game - INFO - conservative_bot has PlayerHand(cards=[A♠, 8♥]) (chips: 670)
2026-02-04 17:44:05,310 - engine.poker_game - INFO - 
--- PRE-FLOP BETTING ---
2026-02-04 17:44:05,310 - engine.poker_game - INFO -   conservative_bot folds
2026-02-04 17:44:05,310 - engine.poker_game - INFO - Community Cards: []
2026-02-04 17:44:05,310 - engine.poker_game - INFO - Pot: 30
2026-02-04 17:44:05,310 - engine.poker_game - INFO - --------------------
2026-02-04 17:44:05,311 - tournament_runner - INFO - Hand #33 complete on table 1
2026-02-04 17:44:05,311 - tournament_runner - INFO - Starting hand #34 on table 1
2026-02-04 17:44:05,311 - engine.poker_game - INFO - aggressive_bot posts small blind: 10
2026-02-04 17:44:05,311 - engine.poker_game - INFO - conservative_bot posts big blind: 20
2026-02-04 17:44:05,311 - engine.poker_game - INFO - 
==============================
--- NEW HAND ---
2026-02-04 17:44:05,311 - engine.poker_game - INFO - Dealer: aggressive_bot
2026-02-04 17:44:05,311 - engine.poker_game - INFO - aggressive_bot has PlayerHand(cards=[Q♣, J♥]) (chips: 2840)
2026-02-04 17:44:05,311 - engine.poker_game - INFO - conservative_bot has PlayerHand(cards=[3♦, 8♥]) (chips: 650)
2026-02-04 17:44:05,311 - engine.poker_game - INFO - 
--- PRE-FLOP BETTING ---
2026-02-04 17:44:05,311 - engine.poker_game - INFO -   aggressive_bot calls 10
2026-02-04 17:44:05,312 - engine.poker_game - INFO -   conservative_bot folds
2026-02-04 17:44:05,312 - engine.poker_game - INFO - Community Cards: []
2026-02-04 17:44:05,312 - engine.poker_game - INFO - Pot: 40
2026-02-04 17:44:05,312 - engine.poker_game - INFO - --------------------
2026-02-04 17:44:05,312 - engine.poker_game - INFO - aggressive_bot wins 10 from side/main pot
2026-02-04 17:44:05,312 - engine.poker_game - WARNING - Pot logic residual: 30
2026-02-04 17:44:05,312 - tournament_runner - INFO - Hand #34 complete on table 1
2026-02-04 17:44:05,312 - tournament_runner - INFO - Starting hand #35 on table 1
2026-02-04 17:44:05,312 - engine.poker_game - INFO - conservative_bot posts small blind: 10
2026-02-04 17:44:05,313 - engine.poker_game - INFO - aggressive_bot posts big blind: 20
2026-02-04 17:44:05,313 - engine.poker_game - INFO - 
==============================
--- NEW HAND ---
2026-02-04 17:44:05,313 - engine.poker_game - INFO - Dealer: conservative_bot
2026-02-04 17:44:05,313 - engine.poker_game - INFO - aggressive_bot has PlayerHand(cards=[6♦, A♥]) (chips: 2850)
2026-02-04 17:44:05,313 - engine.poker_game - INFO - conservative_bot has PlayerHand(cards=[Q♣, 10♣]) (chips: 640)
2026-02-04 17:44:05,313 - engine.poker_game - INFO - 
--- PRE-FLOP BETTING ---
2026-02-04 17:44:05,313 - engine.poker_game - INFO -   conservative_bot folds
2026-02-04 17:44:05,313 - engine.poker_game - INFO - Community Cards: []
2026-02-04 17:44:05,313 - engine.poker_game - INFO - Pot: 30
2026-02-04 17:44:05,313 - engine.poker_game - INFO - --------------------
2026-02-04 17:44:05,313 - tournament_runner - INFO - Hand #35 complete on table 1
2026-02-04 17:44:05,314 - tournament_runner - INFO - Starting hand #36 on table 1
2026-02-04 17:44:05,314 - engine.poker_game - INFO - aggressive_bot posts small blind: 10
2026-02-04 17:44:05,314 - engine.poker_game - INFO - conservative_bot posts big blind: 20
2026-02-04 17:44:05,314 - engine.poker_game - INFO - 
==============================
--- NEW HAND ---
2026-02-04 17:44:05,314 - engine.poker_game - INFO - Dealer: aggressive_bot
2026-02-04 17:44:05,314 - engine.poker_game - INFO - aggressive_bot has PlayerHand(cards=[10♠, K♠]) (chips: 2840)
2026-02-04 17:44:05,314 - engine.poker_game - INFO - conservative_bot has PlayerHand(cards=[5♠, 4♠]) (chips: 620)
2026-02-04 17:44:05,316 - engine.poker_game - INFO - 
--- PRE-FLOP BETTING ---
2026-02-04 17:44:05,317 - engine.poker_game - INFO -   aggressive_bot raises to 80
2026-02-04 17:44:05,317 - engine.poker_game - INFO -   conservative_bot folds
2026-02-04 17:44:05,317 - engine.poker_game - INFO - Community Cards: []
2026-02-04 17:44:05,318 - engine.poker_game - INFO - Pot: 100
2026-02-04 17:44:05,318 - engine.poker_game - INFO - --------------------
2026-02-04 17:44:05,318 - engine.poker_game - INFO - aggressive_bot wins 70 from side/main pot
2026-02-04 17:44:05,318 - engine.poker_game - WARNING - Pot logic residual: 30
2026-02-04 17:44:05,318 - tournament_runner - INFO - Hand #36 complete on table 1
2026-02-04 17:44:05,318 - tournament_runner - INFO - Starting hand #37 on table 1
2026-02-04 17:44:05,318 - engine.poker_game - INFO - conservative_bot posts small blind: 10
2026-02-04 17:44:05,318 - engine.poker_game - INFO - aggressive_bot posts big blind: 20
2026-02-04 17:44:05,319 - engine.poker_game - INFO - 
==============================
--- NEW HAND ---
2026-02-04 17:44:05,319 - engine.poker_game - INFO - Dealer: conservative_bot
2026-02-04 17:44:05,319 - engine.poker_game - INFO - aggressive_bot has PlayerHand(cards=[3♣, Q♠]) (chips: 2850)
2026-02-04 17:44:05,319 - engine.poker_game - INFO - conservative_bot has PlayerHand(cards=[4♥, J♠]) (chips: 610)
2026-02-04 17:44:05,319 - engine.poker_game - INFO - 
--- PRE-FLOP BETTING ---
2026-02-04 17:44:05,319 - engine.poker_game - INFO -   conservative_bot folds
2026-02-04 17:44:05,319 - engine.poker_game - INFO - Community Cards: []
2026-02-04 17:44:05,321 - engine.poker_game - INFO - Pot: 30
2026-02-04 17:44:05,321 - engine.poker_game - INFO - --------------------
2026-02-04 17:44:05,321 - tournament_runner - INFO - Hand #37 complete on table 1
2026-02-04 17:44:05,321 - tournament_runner - INFO - Starting hand #38 on table 1
2026-02-04 17:44:05,321 - engine.poker_game - INFO - aggressive_bot posts small blind: 10
2026-02-04 17:44:05,321 - engine.poker_game - INFO - conservative_bot posts big blind: 20
2026-02-04 17:44:05,321 - engine.poker_game - INFO - 
==============================
--- NEW HAND ---
2026-02-04 17:44:05,321 - engine.poker_game - INFO - Dealer: aggressive_bot
2026-02-04 17:44:05,322 - engine.poker_game - INFO - aggressive_bot has PlayerHand(cards=[8♥, 4♠]) (chips: 2840)
2026-02-04 17:44:05,322 - engine.poker_game - INFO - conservative_bot has PlayerHand(cards=[9♠, K♠]) (chips: 590)
2026-02-04 17:44:05,322 - engine.poker_game - INFO - 
--- PRE-FLOP BETTING ---
2026-02-04 17:44:05,322 - engine.poker_game - INFO -   aggressive_bot calls 10
2026-02-04 17:44:05,323 - engine.poker_game - INFO -   conservative_bot folds
2026-02-04 17:44:05,323 - engine.poker_game - INFO - Community Cards: []
2026-02-04 17:44:05,323 - engine.poker_game - INFO - Pot: 40
2026-02-04 17:44:05,324 - engine.poker_game - INFO - --------------------
2026-02-04 17:44:05,324 - engine.poker_game - INFO - aggressive_bot wins 10 from side/main pot
2026-02-04 17:44:05,324 - engine.poker_game - WARNING - Pot logic residual: 30
2026-02-04 17:44:05,324 - tournament_runner - INFO - Hand #38 complete on table 1
2026-02-04 17:44:05,325 - tournament_runner - INFO - Starting hand #39 on table 1
2026-02-04 17:44:05,325 - engine.poker_game - INFO - conservative_bot posts small blind: 10
2026-02-04 17:44:05,325 - engine.poker_game - INFO - aggressive_bot posts big blind: 20
2026-02-04 17:44:05,325 - engine.poker_game - INFO - 
==============================
--- NEW HAND ---
2026-02-04 17:44:05,326 - engine.poker_game - INFO - Dealer: conservative_bot
2026-02-04 17:44:05,326 - engine.poker_game - INFO - aggressive_bot has PlayerHand(cards=[5♥, 2♥]) (chips: 2850)
2026-02-04 17:44:05,326 - engine.poker_game - INFO - conservative_bot has PlayerHand(cards=[8♦, K♣]) (chips: 580)
2026-02-04 17:44:05,326 - engine.poker_game - INFO - 
--- PRE-FLOP BETTING ---
2026-02-04 17:44:05,327 - engine.poker_game - INFO -   conservative_bot folds
2026-02-04 17:44:05,327 - engine.poker_game - INFO - Community Cards: []
2026-02-04 17:44:05,327 - engine.poker_game - INFO - Pot: 30
2026-02-04 17:44:05,328 - engine.poker_game - INFO - --------------------
2026-02-04 17:44:05,329 - tournament_runner - INFO - Hand #39 complete on table 1
2026-02-04 17:44:05,329 - tournament_runner - INFO - Starting hand #40 on table 1
2026-02-04 17:44:05,329 - engine.poker_game - INFO - aggressive_bot posts small blind: 10
2026-02-04 17:44:05,329 - engine.poker_game - INFO - conservative_bot posts big blind: 20
2026-02-04 17:44:05,329 - engine.poker_game - INFO - 
==============================
--- NEW HAND ---
2026-02-04 17:44:05,330 - engine.poker_game - INFO - Dealer: aggressive_bot
2026-02-04 17:44:05,330 - engine.poker_game - INFO - aggressive_bot has PlayerHand(cards=[9♦, 4♣]) (chips: 2840)
2026-02-04 17:44:05,330 - engine.poker_game - INFO - conservative_bot has PlayerHand(cards=[Q♥, K♦]) (chips: 560)
2026-02-04 17:44:05,330 - engine.poker_game - INFO - 
--- PRE-FLOP BETTING ---
2026-02-04 17:44:05,331 - engine.poker_game - INFO -   aggressive_bot calls 10
2026-02-04 17:44:05,331 - engine.poker_game - INFO -   conservative_bot raises to 40
2026-02-04 17:44:05,331 - engine.poker_game - INFO -   aggressive_bot raises to 60
2026-02-04 17:44:05,331 - engine.poker_game - INFO -   conservative_bot raises to 93
2026-02-04 17:44:05,332 - engine.poker_game - INFO -   aggressive_bot raises to 126
2026-02-04 17:44:05,332 - engine.poker_game - INFO -   conservative_bot raises to 199
2026-02-04 17:44:05,332 - engine.poker_game - INFO -   aggressive_bot raises to 272
2026-02-04 17:44:05,332 - engine.poker_game - INFO -   conservative_bot raises to 429
2026-02-04 17:44:05,332 - engine.poker_game - INFO -   aggressive_bot calls 157
2026-02-04 17:44:05,333 - engine.poker_game - INFO - Community Cards: []
2026-02-04 17:44:05,333 - engine.poker_game - INFO - Pot: 858
2026-02-04 17:44:05,333 - engine.poker_game - INFO - --------------------
2026-02-04 17:44:05,334 - engine.poker_game - INFO - FLOP: [A♥, 6♦, 3♠]
2026-02-04 17:44:05,334 - engine.poker_game - INFO - 
--- FLOP BETTING ---
2026-02-04 17:44:05,334 - engine.poker_game - INFO -   conservative_bot goes all-in with 151
2026-02-04 17:44:05,334 - engine.poker_game - INFO -   aggressive_bot folds
2026-02-04 17:44:05,334 - engine.poker_game - INFO - Community Cards: [A♥, 6♦, 3♠]
2026-02-04 17:44:05,335 - engine.poker_game - INFO - Pot: 1009
2026-02-04 17:44:05,335 - engine.poker_game - INFO - --------------------
2026-02-04 17:44:05,335 - engine.poker_game - INFO - conservative_bot wins 838 from side/main pot
2026-02-04 17:44:05,335 - engine.poker_game - INFO - conservative_bot wins 141 from side/main pot
2026-02-04 17:44:05,335 - engine.poker_game - WARNING - Pot logic residual: 30
2026-02-04 17:44:05,335 - tournament_runner - INFO - Hand #40 complete on table 1
2026-02-04 17:44:05,335 - tournament_runner - INFO - Starting hand #41 on table 1
2026-02-04 17:44:05,336 - engine.poker_game - INFO - conservative_bot posts small blind: 10
2026-02-04 17:44:05,336 - engine.poker_game - INFO - aggressive_bot posts big blind: 20
2026-02-04 17:44:05,336 - engine.poker_game - INFO - 
==============================
--- NEW HAND ---
2026-02-04 17:44:05,336 - engine.poker_game - INFO - Dealer: conservative_bot
2026-02-04 17:44:05,337 - engine.poker_game - INFO - aggressive_bot has PlayerHand(cards=[4♠, 6♠]) (chips: 2401)
2026-02-04 17:44:05,337 - engine.poker_game - INFO - conservative_bot has PlayerHand(cards=[7♥, K♣]) (chips: 999)
2026-02-04 17:44:05,337 - engine.poker_game - INFO - 
--- PRE-FLOP BETTING ---
2026-02-04 17:44:05,337 - engine.poker_game - INFO -   conservative_bot folds
2026-02-04 17:44:05,338 - engine.poker_game - INFO - Community Cards: []
2026-02-04 17:44:05,338 - engine.poker_game - INFO - Pot: 30
2026-02-04 17:44:05,338 - engine.poker_game - INFO - --------------------
2026-02-04 17:44:05,339 - tournament_runner - INFO - Hand #41 complete on table 1
2026-02-04 17:44:05,339 - tournament_runner - INFO - Starting hand #42 on table 1
2026-02-04 17:44:05,339 - engine.poker_game - INFO - aggressive_bot posts small blind: 10
2026-02-04 17:44:05,339 - engine.poker_game - INFO - conservative_bot posts big blind: 20
2026-02-04 17:44:05,339 - engine.poker_game - INFO - 
==============================
--- NEW HAND ---
2026-02-04 17:44:05,339 - engine.poker_game - INFO - Dealer: aggressive_bot
2026-02-04 17:44:05,339 - engine.poker_game - INFO - aggressive_bot has PlayerHand(cards=[K♠, 8♥]) (chips: 2391)
2026-02-04 17:44:05,340 - engine.poker_game - INFO - conservative_bot has PlayerHand(cards=[4♦, K♦]) (chips: 979)
2026-02-04 17:44:05,340 - engine.poker_game - INFO - 
--- PRE-FLOP BETTING ---
2026-02-04 17:44:05,340 - engine.poker_game - INFO -   aggressive_bot raises to 80
2026-02-04 17:44:05,340 - engine.poker_game - INFO -   conservative_bot folds
2026-02-04 17:44:05,340 - engine.poker_game - INFO - Community Cards: []
2026-02-04 17:44:05,340 - engine.poker_game - INFO - Pot: 100
2026-02-04 17:44:05,340 - engine.poker_game - INFO - --------------------
2026-02-04 17:44:05,341 - engine.poker_game - INFO - aggressive_bot wins 70 from side/main pot
2026-02-04 17:44:05,341 - engine.poker_game - WARNING - Pot logic residual: 30
2026-02-04 17:44:05,341 - tournament_runner - INFO - Hand #42 complete on table 1
2026-02-04 17:44:05,341 - tournament_runner - INFO - Starting hand #43 on table 1
2026-02-04 17:44:05,342 - engine.poker_game - INFO - conservative_bot posts small blind: 10
2026-02-04 17:44:05,342 - engine.poker_game - INFO - aggressive_bot posts big blind: 20
2026-02-04 17:44:05,342 - engine.poker_game - INFO - 
==============================
--- NEW HAND ---
2026-02-04 17:44:05,343 - engine.poker_game - INFO - Dealer: conservative_bot
2026-02-04 17:44:05,343 - engine.poker_game - INFO - aggressive_bot has PlayerHand(cards=[2♣, Q♠]) (chips: 2401)
2026-02-04 17:44:05,343 - engine.poker_game - INFO - conservative_bot has PlayerHand(cards=[J♣, A♣]) (chips: 969)
2026-02-04 17:44:05,343 - engine.poker_game - INFO - 
--- PRE-FLOP BETTING ---
2026-02-04 17:44:05,343 - engine.poker_game - INFO -   conservative_bot raises to 40
2026-02-04 17:44:05,344 - engine.poker_game - INFO -   aggressive_bot raises to 80
2026-02-04 17:44:05,344 - engine.poker_game - INFO -   conservative_bot raises to 120
2026-02-04 17:44:05,344 - engine.poker_game - INFO -   aggressive_bot folds
2026-02-04 17:44:05,344 - engine.poker_game - INFO - Community Cards: []
2026-02-04 17:44:05,344 - engine.poker_game - INFO - Pot: 200
2026-02-04 17:44:05,345 - engine.poker_game - INFO - --------------------
2026-02-04 17:44:05,345 - engine.poker_game - INFO - conservative_bot wins 120 from side/main pot
2026-02-04 17:44:05,345 - engine.poker_game - INFO - conservative_bot wins 50 from side/main pot
2026-02-04 17:44:05,346 - engine.poker_game - WARNING - Pot logic residual: 30
2026-02-04 17:44:05,346 - tournament_runner - INFO - Hand #43 complete on table 1
2026-02-04 17:44:05,346 - tournament_runner - INFO - Starting hand #44 on table 1
2026-02-04 17:44:05,346 - engine.poker_game - INFO - aggressive_bot posts small blind: 10
2026-02-04 17:44:05,346 - engine.poker_game - INFO - conservative_bot posts big blind: 20
2026-02-04 17:44:05,347 - engine.poker_game - INFO - 
==============================
--- NEW HAND ---
2026-02-04 17:44:05,347 - engine.poker_game - INFO - Dealer: aggressive_bot
2026-02-04 17:44:05,347 - engine.poker_game - INFO - aggressive_bot has PlayerHand(cards=[7♠, J♣]) (chips: 2331)
2026-02-04 17:44:05,347 - engine.poker_game - INFO - conservative_bot has PlayerHand(cards=[8♦, 9♣]) (chips: 1039)
2026-02-04 17:44:05,347 - engine.poker_game - INFO - 
--- PRE-FLOP BETTING ---
2026-02-04 17:44:05,347 - engine.poker_game - INFO -   aggressive_bot calls 10
2026-02-04 17:44:05,348 - engine.poker_game - INFO -   conservative_bot folds
2026-02-04 17:44:05,348 - engine.poker_game - INFO - Community Cards: []
2026-02-04 17:44:05,348 - engine.poker_game - INFO - Pot: 40
2026-02-04 17:44:05,348 - engine.poker_game - INFO - --------------------
2026-02-04 17:44:05,349 - engine.poker_game - INFO - aggressive_bot wins 10 from side/main pot
2026-02-04 17:44:05,349 - engine.poker_game - WARNING - Pot logic residual: 30
2026-02-04 17:44:05,349 - tournament_runner - INFO - Hand #44 complete on table 1
2026-02-04 17:44:05,349 - tournament_runner - INFO - Starting hand #45 on table 1
2026-02-04 17:44:05,349 - engine.poker_game - INFO - conservative_bot posts small blind: 10
2026-02-04 17:44:05,349 - engine.poker_game - INFO - aggressive_bot posts big blind: 20
2026-02-04 17:44:05,350 - engine.poker_game - INFO - 
==============================
--- NEW HAND ---
2026-02-04 17:44:05,350 - engine.poker_game - INFO - Dealer: conservative_bot
2026-02-04 17:44:05,350 - engine.poker_game - INFO - aggressive_bot has PlayerHand(cards=[A♣, 2♦]) (chips: 2341)
2026-02-04 17:44:05,350 - engine.poker_game - INFO - conservative_bot has PlayerHand(cards=[10♦, 7♣]) (chips: 1029)
2026-02-04 17:44:05,350 - engine.poker_game - INFO - 
--- PRE-FLOP BETTING ---
2026-02-04 17:44:05,350 - engine.poker_game - INFO -   conservative_bot folds
2026-02-04 17:44:05,350 - engine.poker_game - INFO - Community Cards: []
2026-02-04 17:44:05,351 - engine.poker_game - INFO - Pot: 30
2026-02-04 17:44:05,351 - engine.poker_game - INFO - --------------------
2026-02-04 17:44:05,351 - tournament_runner - INFO - Hand #45 complete on table 1
2026-02-04 17:44:05,351 - tournament_runner - INFO - Starting hand #46 on table 1
2026-02-04 17:44:05,352 - engine.poker_game - INFO - aggressive_bot posts small blind: 10
2026-02-04 17:44:05,352 - engine.poker_game - INFO - conservative_bot posts big blind: 20
2026-02-04 17:44:05,352 - engine.poker_game - INFO - 
==============================
--- NEW HAND ---
2026-02-04 17:44:05,353 - engine.poker_game - INFO - Dealer: aggressive_bot
2026-02-04 17:44:05,353 - engine.poker_game - INFO - aggressive_bot has PlayerHand(cards=[J♠, 3♠]) (chips: 2331)
2026-02-04 17:44:05,353 - engine.poker_game - INFO - conservative_bot has PlayerHand(cards=[9♠, 4♥]) (chips: 1009)
2026-02-04 17:44:05,354 - engine.poker_game - INFO - 
--- PRE-FLOP BETTING ---
2026-02-04 17:44:05,354 - engine.poker_game - INFO -   aggressive_bot calls 10
2026-02-04 17:44:05,354 - engine.poker_game - INFO -   conservative_bot folds
2026-02-04 17:44:05,354 - engine.poker_game - INFO - Community Cards: []
2026-02-04 17:44:05,354 - engine.poker_game - INFO - Pot: 40
2026-02-04 17:44:05,354 - engine.poker_game - INFO - --------------------
2026-02-04 17:44:05,354 - engine.poker_game - INFO - aggressive_bot wins 10 from side/main pot
2026-02-04 17:44:05,355 - engine.poker_game - WARNING - Pot logic residual: 30
2026-02-04 17:44:05,355 - tournament_runner - INFO - Hand #46 complete on table 1
2026-02-04 17:44:05,355 - tournament_runner - INFO - Starting hand #47 on table 1
2026-02-04 17:44:05,355 - engine.poker_game - INFO - conservative_bot posts small blind: 10
2026-02-04 17:44:05,355 - engine.poker_game - INFO - aggressive_bot posts big blind: 20
2026-02-04 17:44:05,355 - engine.poker_game - INFO - 
==============================
--- NEW HAND ---
2026-02-04 17:44:05,356 - engine.poker_game - INFO - Dealer: conservative_bot
2026-02-04 17:44:05,356 - engine.poker_game - INFO - aggressive_bot has PlayerHand(cards=[5♥, Q♠]) (chips: 2341)
2026-02-04 17:44:05,357 - engine.poker_game - INFO - conservative_bot has PlayerHand(cards=[10♠, 2♣]) (chips: 999)
2026-02-04 17:44:05,357 - engine.poker_game - INFO - 
--- PRE-FLOP BETTING ---
2026-02-04 17:44:05,357 - engine.poker_game - INFO -   conservative_bot folds
2026-02-04 17:44:05,357 - engine.poker_game - INFO - Community Cards: []
2026-02-04 17:44:05,358 - engine.poker_game - INFO - Pot: 30
2026-02-04 17:44:05,358 - engine.poker_game - INFO - --------------------
2026-02-04 17:44:05,358 - tournament_runner - INFO - Hand #47 complete on table 1
2026-02-04 17:44:05,358 - tournament_runner - INFO - Starting hand #48 on table 1
2026-02-04 17:44:05,358 - engine.poker_game - INFO - aggressive_bot posts small blind: 10
2026-02-04 17:44:05,358 - engine.poker_game - INFO - conservative_bot posts big blind: 20
2026-02-04 17:44:05,358 - engine.poker_game - INFO - 
==============================
--- NEW HAND ---
2026-02-04 17:44:05,358 - engine.poker_game - INFO - Dealer: aggressive_bot
2026-02-04 17:44:05,358 - engine.poker_game - INFO - aggressive_bot has PlayerHand(cards=[Q♥, 4♣]) (chips: 2331)
2026-02-04 17:44:05,358 - engine.poker_game - INFO - conservative_bot has PlayerHand(cards=[4♦, 2♣]) (chips: 979)
2026-02-04 17:44:05,359 - engine.poker_game - INFO - 
--- PRE-FLOP BETTING ---
2026-02-04 17:44:05,359 - engine.poker_game - INFO -   aggressive_bot raises to 60
2026-02-04 17:44:05,359 - engine.poker_game - INFO -   conservative_bot folds
2026-02-04 17:44:05,359 - engine.poker_game - INFO - Community Cards: []
2026-02-04 17:44:05,359 - engine.poker_game - INFO - Pot: 80
2026-02-04 17:44:05,359 - engine.poker_game - INFO - --------------------
2026-02-04 17:44:05,359 - engine.poker_game - INFO - aggressive_bot wins 50 from side/main pot
2026-02-04 17:44:05,360 - engine.poker_game - WARNING - Pot logic residual: 30
2026-02-04 17:44:05,360 - tournament_runner - INFO - Hand #48 complete on table 1
2026-02-04 17:44:05,360 - tournament_runner - INFO - Starting hand #49 on table 1
2026-02-04 17:44:05,361 - engine.poker_game - INFO - conservative_bot posts small blind: 10
2026-02-04 17:44:05,361 - engine.poker_game - INFO - aggressive_bot posts big blind: 20
2026-02-04 17:44:05,361 - engine.poker_game - INFO - 
==============================
--- NEW HAND ---
2026-02-04 17:44:05,361 - engine.poker_game - INFO - Dealer: conservative_bot
2026-02-04 17:44:05,361 - engine.poker_game - INFO - aggressive_bot has PlayerHand(cards=[3♥, K♣]) (chips: 2341)
2026-02-04 17:44:05,362 - engine.poker_game - INFO - conservative_bot has PlayerHand(cards=[A♠, 3♦]) (chips: 969)
2026-02-04 17:44:05,362 - engine.poker_game - INFO - 
--- PRE-FLOP BETTING ---
2026-02-04 17:44:05,362 - engine.poker_game - INFO -   conservative_bot folds
2026-02-04 17:44:05,362 - engine.poker_game - INFO - Community Cards: []
2026-02-04 17:44:05,363 - engine.poker_game - INFO - Pot: 30
2026-02-04 17:44:05,363 - engine.poker_game - INFO - --------------------
2026-02-04 17:44:05,363 - tournament_runner - INFO - Hand #49 complete on table 1
2026-02-04 17:44:05,363 - tournament_runner - INFO - Starting hand #50 on table 1
2026-02-04 17:44:05,364 - engine.poker_game - INFO - aggressive_bot posts small blind: 10
2026-02-04 17:44:05,364 - engine.poker_game - INFO - conservative_bot posts big blind: 20
2026-02-04 17:44:05,364 - engine.poker_game - INFO - 
==============================
--- NEW HAND ---
2026-02-04 17:44:05,365 - engine.poker_game - INFO - Dealer: aggressive_bot
2026-02-04 17:44:05,365 - engine.poker_game - INFO - aggressive_bot has PlayerHand(cards=[8♣, 9♥]) (chips: 2331)
2026-02-04 17:44:05,365 - engine.poker_game - INFO - conservative_bot has PlayerHand(cards=[Q♦, 8♠]) (chips: 949)
2026-02-04 17:44:05,365 - engine.poker_game - INFO - 
--- PRE-FLOP BETTING ---
2026-02-04 17:44:05,365 - engine.poker_game - INFO -   aggressive_bot raises to 60
2026-02-04 17:44:05,366 - engine.poker_game - INFO -   conservative_bot folds
2026-02-04 17:44:05,366 - engine.poker_game - INFO - Community Cards: []
2026-02-04 17:44:05,366 - engine.poker_game - INFO - Pot: 80
2026-02-04 17:44:05,366 - engine.poker_game - INFO - --------------------
2026-02-04 17:44:05,367 - engine.poker_game - INFO - aggressive_bot wins 50 from side/main pot
2026-02-04 17:44:05,367 - engine.poker_game - WARNING - Pot logic residual: 30
2026-02-04 17:44:05,367 - tournament_runner - INFO - Hand #50 complete on table 1
2026-02-04 17:44:05,367 - tournament_runner - INFO - Starting hand #51 on table 1
2026-02-04 17:44:05,367 - engine.poker_game - INFO - conservative_bot posts small blind: 10
2026-02-04 17:44:05,368 - engine.poker_game - INFO - aggressive_bot posts big blind: 20
2026-02-04 17:44:05,368 - engine.poker_game - INFO - 
==============================
--- NEW HAND ---
2026-02-04 17:44:05,368 - engine.poker_game - INFO - Dealer: conservative_bot
2026-02-04 17:44:05,368 - engine.poker_game - INFO - aggressive_bot has PlayerHand(cards=[5♣, 4♦]) (chips: 2341)
2026-02-04 17:44:05,368 - engine.poker_game - INFO - conservative_bot has PlayerHand(cards=[3♥, 6♣]) (chips: 939)
2026-02-04 17:44:05,368 - engine.poker_game - INFO - 
--- PRE-FLOP BETTING ---
2026-02-04 17:44:05,368 - engine.poker_game - INFO -   conservative_bot folds
2026-02-04 17:44:05,368 - engine.poker_game - INFO - Community Cards: []
2026-02-04 17:44:05,370 - engine.poker_game - INFO - Pot: 30
2026-02-04 17:44:05,370 - engine.poker_game - INFO - --------------------
2026-02-04 17:44:05,370 - tournament_runner - INFO - Hand #51 complete on table 1
2026-02-04 17:44:05,370 - tournament_runner - INFO - Starting hand #52 on table 1
2026-02-04 17:44:05,371 - engine.poker_game - INFO - aggressive_bot posts small blind: 10
2026-02-04 17:44:05,371 - engine.poker_game - INFO - conservative_bot posts big blind: 20
2026-02-04 17:44:05,371 - engine.poker_game - INFO - 
==============================
--- NEW HAND ---
2026-02-04 17:44:05,371 - engine.poker_game - INFO - Dealer: aggressive_bot
2026-02-04 17:44:05,371 - engine.poker_game - INFO - aggressive_bot has PlayerHand(cards=[8♦, 6♥]) (chips: 2331)
2026-02-04 17:44:05,371 - engine.poker_game - INFO - conservative_bot has PlayerHand(cards=[4♣, 4♠]) (chips: 919)
2026-02-04 17:44:05,371 - engine.poker_game - INFO - 
--- PRE-FLOP BETTING ---
2026-02-04 17:44:05,371 - engine.poker_game - INFO -   aggressive_bot raises to 80
2026-02-04 17:44:05,371 - engine.poker_game - INFO -   conservative_bot folds
2026-02-04 17:44:05,372 - engine.poker_game - INFO - Community Cards: []
2026-02-04 17:44:05,372 - engine.poker_game - INFO - Pot: 100
2026-02-04 17:44:05,372 - engine.poker_game - INFO - --------------------
2026-02-04 17:44:05,372 - engine.poker_game - INFO - aggressive_bot wins 70 from side/main pot
2026-02-04 17:44:05,372 - engine.poker_game - WARNING - Pot logic residual: 30
2026-02-04 17:44:05,372 - tournament_runner - INFO - Hand #52 complete on table 1
2026-02-04 17:44:05,372 - tournament_runner - INFO - Starting hand #53 on table 1
2026-02-04 17:44:05,373 - engine.poker_game - INFO - conservative_bot posts small blind: 10
2026-02-04 17:44:05,373 - engine.poker_game - INFO - aggressive_bot posts big blind: 20
2026-02-04 17:44:05,373 - engine.poker_game - INFO - 
==============================
--- NEW HAND ---
2026-02-04 17:44:05,373 - engine.poker_game - INFO - Dealer: conservative_bot
2026-02-04 17:44:05,373 - engine.poker_game - INFO - aggressive_bot has PlayerHand(cards=[7♣, 8♦]) (chips: 2341)
2026-02-04 17:44:05,373 - engine.poker_game - INFO - conservative_bot has PlayerHand(cards=[6♥, 5♦]) (chips: 909)
2026-02-04 17:44:05,374 - engine.poker_game - INFO - 
--- PRE-FLOP BETTING ---
2026-02-04 17:44:05,374 - engine.poker_game - INFO -   conservative_bot folds
2026-02-04 17:44:05,374 - engine.poker_game - INFO - Community Cards: []
2026-02-04 17:44:05,375 - engine.poker_game - INFO - Pot: 30
2026-02-04 17:44:05,376 - engine.poker_game - INFO - --------------------
2026-02-04 17:44:05,376 - tournament_runner - INFO - Hand #53 complete on table 1
2026-02-04 17:44:05,376 - tournament_runner - INFO - Starting hand #54 on table 1
2026-02-04 17:44:05,377 - engine.poker_game - INFO - aggressive_bot posts small blind: 10
2026-02-04 17:44:05,377 - engine.poker_game - INFO - conservative_bot posts big blind: 20
2026-02-04 17:44:05,377 - engine.poker_game - INFO - 
==============================
--- NEW HAND ---
2026-02-04 17:44:05,377 - engine.poker_game - INFO - Dealer: aggressive_bot
2026-02-04 17:44:05,377 - engine.poker_game - INFO - aggressive_bot has PlayerHand(cards=[4♠, 6♥]) (chips: 2331)
2026-02-04 17:44:05,378 - engine.poker_game - INFO - conservative_bot has PlayerHand(cards=[5♦, A♥]) (chips: 889)
2026-02-04 17:44:05,378 - engine.poker_game - INFO - 
--- PRE-FLOP BETTING ---
2026-02-04 17:44:05,378 - engine.poker_game - INFO -   aggressive_bot calls 10
2026-02-04 17:44:05,378 - engine.poker_game - INFO -   conservative_bot folds
2026-02-04 17:44:05,378 - engine.poker_game - INFO - Community Cards: []
2026-02-04 17:44:05,378 - engine.poker_game - INFO - Pot: 40
2026-02-04 17:44:05,378 - engine.poker_game - INFO - --------------------
2026-02-04 17:44:05,379 - engine.poker_game - INFO - aggressive_bot wins 10 from side/main pot
2026-02-04 17:44:05,380 - engine.poker_game - WARNING - Pot logic residual: 30
2026-02-04 17:44:05,380 - tournament_runner - INFO - Hand #54 complete on table 1
2026-02-04 17:44:05,381 - tournament_runner - INFO - Starting hand #55 on table 1
2026-02-04 17:44:05,381 - engine.poker_game - INFO - conservative_bot posts small blind: 10
2026-02-04 17:44:05,381 - engine.poker_game - INFO - aggressive_bot posts big blind: 20
2026-02-04 17:44:05,381 - engine.poker_game - INFO - 
==============================
--- NEW HAND ---
2026-02-04 17:44:05,381 - engine.poker_game - INFO - Dealer: conservative_bot
2026-02-04 17:44:05,381 - engine.poker_game - INFO - aggressive_bot has PlayerHand(cards=[8♦, 7♥]) (chips: 2341)
2026-02-04 17:44:05,382 - engine.poker_game - INFO - conservative_bot has PlayerHand(cards=[10♥, Q♥]) (chips: 879)
2026-02-04 17:44:05,382 - engine.poker_game - INFO - 
--- PRE-FLOP BETTING ---
2026-02-04 17:44:05,382 - engine.poker_game - INFO -   conservative_bot folds
2026-02-04 17:44:05,384 - engine.poker_game - INFO - Community Cards: []
2026-02-04 17:44:05,384 - engine.poker_game - INFO - Pot: 30
2026-02-04 17:44:05,384 - engine.poker_game - INFO - --------------------
2026-02-04 17:44:05,384 - tournament_runner - INFO - Hand #55 complete on table 1
2026-02-04 17:44:05,385 - tournament_runner - INFO - Starting hand #56 on table 1
2026-02-04 17:44:05,385 - engine.poker_game - INFO - aggressive_bot posts small blind: 10
2026-02-04 17:44:05,385 - engine.poker_game - INFO - conservative_bot posts big blind: 20
2026-02-04 17:44:05,385 - engine.poker_game - INFO - 
==============================
--- NEW HAND ---
2026-02-04 17:44:05,385 - engine.poker_game - INFO - Dealer: aggressive_bot
2026-02-04 17:44:05,385 - engine.poker_game - INFO - aggressive_bot has PlayerHand(cards=[J♣, A♦]) (chips: 2331)
2026-02-04 17:44:05,385 - engine.poker_game - INFO - conservative_bot has PlayerHand(cards=[10♥, 4♦]) (chips: 859)
2026-02-04 17:44:05,386 - engine.poker_game - INFO - 
--- PRE-FLOP BETTING ---
2026-02-04 17:44:05,386 - engine.poker_game - INFO -   aggressive_bot raises to 60
2026-02-04 17:44:05,386 - engine.poker_game - INFO -   conservative_bot folds
2026-02-04 17:44:05,386 - engine.poker_game - INFO - Community Cards: []
2026-02-04 17:44:05,386 - engine.poker_game - INFO - Pot: 80
2026-02-04 17:44:05,386 - engine.poker_game - INFO - --------------------
2026-02-04 17:44:05,387 - engine.poker_game - INFO - aggressive_bot wins 50 from side/main pot
2026-02-04 17:44:05,387 - engine.poker_game - WARNING - Pot logic residual: 30
2026-02-04 17:44:05,387 - tournament_runner - INFO - Hand #56 complete on table 1
2026-02-04 17:44:05,387 - tournament_runner - INFO - Starting hand #57 on table 1
2026-02-04 17:44:05,387 - engine.poker_game - INFO - conservative_bot posts small blind: 10
2026-02-04 17:44:05,388 - engine.poker_game - INFO - aggressive_bot posts big blind: 20
2026-02-04 17:44:05,388 - engine.poker_game - INFO - 
==============================
--- NEW HAND ---
2026-02-04 17:44:05,388 - engine.poker_game - INFO - Dealer: conservative_bot
2026-02-04 17:44:05,389 - engine.poker_game - INFO - aggressive_bot has PlayerHand(cards=[9♥, 6♣]) (chips: 2341)
2026-02-04 17:44:05,389 - engine.poker_game - INFO - conservative_bot has PlayerHand(cards=[3♦, J♦]) (chips: 849)
2026-02-04 17:44:05,390 - engine.poker_game - INFO - 
--- PRE-FLOP BETTING ---
2026-02-04 17:44:05,390 - engine.poker_game - INFO -   conservative_bot folds
2026-02-04 17:44:05,390 - engine.poker_game - INFO - Community Cards: []
2026-02-04 17:44:05,390 - engine.poker_game - INFO - Pot: 30
2026-02-04 17:44:05,390 - engine.poker_game - INFO - --------------------
2026-02-04 17:44:05,390 - tournament_runner - INFO - Hand #57 complete on table 1
2026-02-04 17:44:05,390 - tournament_runner - INFO - Starting hand #58 on table 1
2026-02-04 17:44:05,391 - engine.poker_game - INFO - aggressive_bot posts small blind: 10
2026-02-04 17:44:05,391 - engine.poker_game - INFO - conservative_bot posts big blind: 20
2026-02-04 17:44:05,392 - engine.poker_game - INFO - 
==============================
--- NEW HAND ---
2026-02-04 17:44:05,392 - engine.poker_game - INFO - Dealer: aggressive_bot
2026-02-04 17:44:05,393 - engine.poker_game - INFO - aggressive_bot has PlayerHand(cards=[2♦, Q♠]) (chips: 2331)
2026-02-04 17:44:05,393 - engine.poker_game - INFO - conservative_bot has PlayerHand(cards=[6♦, 8♠]) (chips: 829)
2026-02-04 17:44:05,393 - engine.poker_game - INFO - 
--- PRE-FLOP BETTING ---
2026-02-04 17:44:05,393 - engine.poker_game - INFO -   aggressive_bot calls 10
2026-02-04 17:44:05,393 - engine.poker_game - INFO -   conservative_bot folds
2026-02-04 17:44:05,394 - engine.poker_game - INFO - Community Cards: []
2026-02-04 17:44:05,394 - engine.poker_game - INFO - Pot: 40
2026-02-04 17:44:05,394 - engine.poker_game - INFO - --------------------
2026-02-04 17:44:05,394 - engine.poker_game - INFO - aggressive_bot wins 10 from side/main pot
2026-02-04 17:44:05,394 - engine.poker_game - WARNING - Pot logic residual: 30
2026-02-04 17:44:05,394 - tournament_runner - INFO - Hand #58 complete on table 1
2026-02-04 17:44:05,395 - tournament_runner - INFO - Starting hand #59 on table 1
2026-02-04 17:44:05,395 - engine.poker_game - INFO - conservative_bot posts small blind: 10
2026-02-04 17:44:05,395 - engine.poker_game - INFO - aggressive_bot posts big blind: 20
2026-02-04 17:44:05,396 - engine.poker_game - INFO - 
==============================
--- NEW HAND ---
2026-02-04 17:44:05,396 - engine.poker_game - INFO - Dealer: conservative_bot
2026-02-04 17:44:05,397 - engine.poker_game - INFO - aggressive_bot has PlayerHand(cards=[J♠, 7♦]) (chips: 2341)
2026-02-04 17:44:05,397 - engine.poker_game - INFO - conservative_bot has PlayerHand(cards=[A♦, 5♣]) (chips: 819)
2026-02-04 17:44:05,398 - engine.poker_game - INFO - 
--- PRE-FLOP BETTING ---
2026-02-04 17:44:05,398 - engine.poker_game - INFO -   conservative_bot folds
2026-02-04 17:44:05,398 - engine.poker_game - INFO - Community Cards: []
2026-02-04 17:44:05,398 - engine.poker_game - INFO - Pot: 30
2026-02-04 17:44:05,398 - engine.poker_game - INFO - --------------------
2026-02-04 17:44:05,398 - tournament_runner - INFO - Hand #59 complete on table 1
2026-02-04 17:44:05,399 - tournament_runner - INFO - Starting hand #60 on table 1
2026-02-04 17:44:05,399 - engine.poker_game - INFO - aggressive_bot posts small blind: 10
2026-02-04 17:44:05,399 - engine.poker_game - INFO - conservative_bot posts big blind: 20
2026-02-04 17:44:05,399 - engine.poker_game - INFO - 
==============================
--- NEW HAND ---
2026-02-04 17:44:05,399 - engine.poker_game - INFO - Dealer: aggressive_bot
2026-02-04 17:44:05,399 - engine.poker_game - INFO - aggressive_bot has PlayerHand(cards=[J♠, 4♣]) (chips: 2331)
2026-02-04 17:44:05,400 - engine.poker_game - INFO - conservative_bot has PlayerHand(cards=[5♣, 6♦]) (chips: 799)
2026-02-04 17:44:05,400 - engine.poker_game - INFO - 
--- PRE-FLOP BETTING ---
2026-02-04 17:44:05,401 - engine.poker_game - INFO -   aggressive_bot calls 10
2026-02-04 17:44:05,401 - engine.poker_game - INFO -   conservative_bot folds
2026-02-04 17:44:05,402 - engine.poker_game - INFO - Community Cards: []
2026-02-04 17:44:05,402 - engine.poker_game - INFO - Pot: 40
2026-02-04 17:44:05,402 - engine.poker_game - INFO - --------------------
2026-02-04 17:44:05,402 - engine.poker_game - INFO - aggressive_bot wins 10 from side/main pot
2026-02-04 17:44:05,403 - engine.poker_game - WARNING - Pot logic residual: 30
2026-02-04 17:44:05,403 - tournament_runner - INFO - Hand #60 complete on table 1
2026-02-04 17:44:05,403 - tournament_runner - INFO - Starting hand #61 on table 1
2026-02-04 17:44:05,403 - engine.poker_game - INFO - conservative_bot posts small blind: 10
2026-02-04 17:44:05,404 - engine.poker_game - INFO - aggressive_bot posts big blind: 20
2026-02-04 17:44:05,404 - engine.poker_game - INFO - 
==============================
--- NEW HAND ---
2026-02-04 17:44:05,404 - engine.poker_game - INFO - Dealer: conservative_bot
2026-02-04 17:44:05,405 - engine.poker_game - INFO - aggressive_bot has PlayerHand(cards=[6♦, 7♠]) (chips: 2341)
2026-02-04 17:44:05,405 - engine.poker_game - INFO - conservative_bot has PlayerHand(cards=[Q♠, K♠]) (chips: 789)
2026-02-04 17:44:05,405 - engine.poker_game - INFO - 
--- PRE-FLOP BETTING ---
2026-02-04 17:44:05,405 - engine.poker_game - INFO -   conservative_bot raises to 40
2026-02-04 17:44:05,405 - engine.poker_game - INFO -   aggressive_bot calls 20
2026-02-04 17:44:05,405 - engine.poker_game - INFO - Community Cards: []
2026-02-04 17:44:05,405 - engine.poker_game - INFO - Pot: 80
2026-02-04 17:44:05,405 - engine.poker_game - INFO - --------------------
2026-02-04 17:44:05,406 - engine.poker_game - INFO - FLOP: [8♣, K♣, J♥]
2026-02-04 17:44:05,406 - engine.poker_game - INFO - 
--- FLOP BETTING ---
2026-02-04 17:44:05,406 - engine.poker_game - INFO -   aggressive_bot checks
2026-02-04 17:44:05,406 - engine.poker_game - INFO -   conservative_bot raises to 26
2026-02-04 17:44:05,407 - engine.poker_game - INFO -   aggressive_bot folds
2026-02-04 17:44:05,407 - engine.poker_game - INFO - Community Cards: [8♣, K♣, J♥]
2026-02-04 17:44:05,408 - engine.poker_game - INFO - Pot: 106
2026-02-04 17:44:05,408 - engine.poker_game - INFO - --------------------
2026-02-04 17:44:05,409 - engine.poker_game - INFO - conservative_bot wins 40 from side/main pot
2026-02-04 17:44:05,409 - engine.poker_game - INFO - conservative_bot wins 36 from side/main pot
2026-02-04 17:44:05,409 - engine.poker_game - WARNING - Pot logic residual: 30
2026-02-04 17:44:05,409 - tournament_runner - INFO - Hand #61 complete on table 1
2026-02-04 17:44:05,409 - tournament_runner - INFO - Starting hand #62 on table 1
2026-02-04 17:44:05,410 - engine.poker_game - INFO - aggressive_bot posts small blind: 10
2026-02-04 17:44:05,410 - engine.poker_game - INFO - conservative_bot posts big blind: 20
2026-02-04 17:44:05,410 - engine.poker_game - INFO - 
==============================
--- NEW HAND ---
2026-02-04 17:44:05,410 - engine.poker_game - INFO - Dealer: aggressive_bot
2026-02-04 17:44:05,410 - engine.poker_game - INFO - aggressive_bot has PlayerHand(cards=[7♦, 10♦]) (chips: 2311)
2026-02-04 17:44:05,410 - engine.poker_game - INFO - conservative_bot has PlayerHand(cards=[7♥, A♣]) (chips: 819)
2026-02-04 17:44:05,410 - engine.poker_game - INFO - 
--- PRE-FLOP BETTING ---
2026-02-04 17:44:05,410 - engine.poker_game - INFO -   aggressive_bot raises to 60
2026-02-04 17:44:05,411 - engine.poker_game - INFO -   conservative_bot folds
2026-02-04 17:44:05,411 - engine.poker_game - INFO - Community Cards: []
2026-02-04 17:44:05,412 - engine.poker_game - INFO - Pot: 80
2026-02-04 17:44:05,412 - engine.poker_game - INFO - --------------------
2026-02-04 17:44:05,413 - engine.poker_game - INFO - aggressive_bot wins 50 from side/main pot
2026-02-04 17:44:05,413 - engine.poker_game - WARNING - Pot logic residual: 30
2026-02-04 17:44:05,413 - tournament_runner - INFO - Hand #62 complete on table 1
2026-02-04 17:44:05,413 - tournament_runner - INFO - Starting hand #63 on table 1
2026-02-04 17:44:05,413 - engine.poker_game - INFO - conservative_bot posts small blind: 10
2026-02-04 17:44:05,413 - engine.poker_game - INFO - aggressive_bot posts big blind: 20
2026-02-04 17:44:05,413 - engine.poker_game - INFO - 
==============================
--- NEW HAND ---
2026-02-04 17:44:05,414 - engine.poker_game - INFO - Dealer: conservative_bot
2026-02-04 17:44:05,414 - engine.poker_game - INFO - aggressive_bot has PlayerHand(cards=[6♥, A♥]) (chips: 2321)
2026-02-04 17:44:05,414 - engine.poker_game - INFO - conservative_bot has PlayerHand(cards=[K♥, 7♣]) (chips: 809)
2026-02-04 17:44:05,414 - engine.poker_game - INFO - 
--- PRE-FLOP BETTING ---
2026-02-04 17:44:05,414 - engine.poker_game - INFO -   conservative_bot folds
2026-02-04 17:44:05,414 - engine.poker_game - INFO - Community Cards: []
2026-02-04 17:44:05,415 - engine.poker_game - INFO - Pot: 30
2026-02-04 17:44:05,415 - engine.poker_game - INFO - --------------------
2026-02-04 17:44:05,415 - tournament_runner - INFO - Hand #63 complete on table 1
2026-02-04 17:44:05,416 - tournament_runner - INFO - Starting hand #64 on table 1
2026-02-04 17:44:05,416 - engine.poker_game - INFO - aggressive_bot posts small blind: 10
2026-02-04 17:44:05,417 - engine.poker_game - INFO - conservative_bot posts big blind: 20
2026-02-04 17:44:05,417 - engine.poker_game - INFO - 
==============================
--- NEW HAND ---
2026-02-04 17:44:05,417 - engine.poker_game - INFO - Dealer: aggressive_bot
2026-02-04 17:44:05,417 - engine.poker_game - INFO - aggressive_bot has PlayerHand(cards=[8♠, K♦]) (chips: 2311)
2026-02-04 17:44:05,417 - engine.poker_game - INFO - conservative_bot has PlayerHand(cards=[6♦, 5♦]) (chips: 789)
2026-02-04 17:44:05,418 - engine.poker_game - INFO - 
--- PRE-FLOP BETTING ---
2026-02-04 17:44:05,418 - engine.poker_game - INFO -   aggressive_bot raises to 80
2026-02-04 17:44:05,418 - engine.poker_game - INFO -   conservative_bot folds
2026-02-04 17:44:05,418 - engine.poker_game - INFO - Community Cards: []
2026-02-04 17:44:05,419 - engine.poker_game - INFO - Pot: 100
2026-02-04 17:44:05,419 - engine.poker_game - INFO - --------------------
2026-02-04 17:44:05,419 - engine.poker_game - INFO - aggressive_bot wins 70 from side/main pot
2026-02-04 17:44:05,419 - engine.poker_game - WARNING - Pot logic residual: 30
2026-02-04 17:44:05,419 - tournament_runner - INFO - Hand #64 complete on table 1
2026-02-04 17:44:05,419 - tournament_runner - INFO - Starting hand #65 on table 1
2026-02-04 17:44:05,419 - engine.poker_game - INFO - conservative_bot posts small blind: 10
2026-02-04 17:44:05,419 - engine.poker_game - INFO - aggressive_bot posts big blind: 20
2026-02-04 17:44:05,419 - engine.poker_game - INFO - 
==============================
--- NEW HAND ---
2026-02-04 17:44:05,419 - engine.poker_game - INFO - Dealer: conservative_bot
2026-02-04 17:44:05,419 - engine.poker_game - INFO - aggressive_bot has PlayerHand(cards=[8♠, K♥]) (chips: 2321)
2026-02-04 17:44:05,419 - engine.poker_game - INFO - conservative_bot has PlayerHand(cards=[4♠, 6♦]) (chips: 779)
2026-02-04 17:44:05,419 - engine.poker_game - INFO - 
--- PRE-FLOP BETTING ---
2026-02-04 17:44:05,420 - engine.poker_game - INFO -   conservative_bot folds
2026-02-04 17:44:05,420 - engine.poker_game - INFO - Community Cards: []
2026-02-04 17:44:05,420 - engine.poker_game - INFO - Pot: 30
2026-02-04 17:44:05,420 - engine.poker_game - INFO - --------------------
2026-02-04 17:44:05,420 - tournament_runner - INFO - Hand #65 complete on table 1
2026-02-04 17:44:05,420 - tournament_runner - INFO - Starting hand #66 on table 1
2026-02-04 17:44:05,420 - engine.poker_game - INFO - aggressive_bot posts small blind: 10
2026-02-04 17:44:05,421 - engine.poker_game - INFO - conservative_bot posts big blind: 20
2026-02-04 17:44:05,421 - engine.poker_game - INFO - 
==============================
--- NEW HAND ---
2026-02-04 17:44:05,422 - engine.poker_game - INFO - Dealer: aggressive_bot
2026-02-04 17:44:05,422 - engine.poker_game - INFO - aggressive_bot has PlayerHand(cards=[10♥, 5♥]) (chips: 2311)
2026-02-04 17:44:05,423 - engine.poker_game - INFO - conservative_bot has PlayerHand(cards=[10♦, J♣]) (chips: 759)
2026-02-04 17:44:05,423 - engine.poker_game - INFO - 
--- PRE-FLOP BETTING ---
2026-02-04 17:44:05,423 - engine.poker_game - INFO -   aggressive_bot raises to 80
2026-02-04 17:44:05,423 - engine.poker_game - INFO -   conservative_bot folds
2026-02-04 17:44:05,424 - engine.poker_game - INFO - Community Cards: []
2026-02-04 17:44:05,424 - engine.poker_game - INFO - Pot: 100
2026-02-04 17:44:05,425 - engine.poker_game - INFO - --------------------
2026-02-04 17:44:05,425 - engine.poker_game - INFO - aggressive_bot wins 70 from side/main pot
2026-02-04 17:44:05,425 - engine.poker_game - WARNING - Pot logic residual: 30
2026-02-04 17:44:05,425 - tournament_runner - INFO - Hand #66 complete on table 1
2026-02-04 17:44:05,425 - tournament_runner - INFO - Starting hand #67 on table 1
2026-02-04 17:44:05,425 - engine.poker_game - INFO - conservative_bot posts small blind: 10
2026-02-04 17:44:05,425 - engine.poker_game - INFO - aggressive_bot posts big blind: 20
2026-02-04 17:44:05,426 - engine.poker_game - INFO - 
==============================
--- NEW HAND ---
2026-02-04 17:44:05,426 - engine.poker_game - INFO - Dealer: conservative_bot
2026-02-04 17:44:05,426 - engine.poker_game - INFO - aggressive_bot has PlayerHand(cards=[Q♠, 2♥]) (chips: 2321)
2026-02-04 17:44:05,426 - engine.poker_game - INFO - conservative_bot has PlayerHand(cards=[10♦, 6♥]) (chips: 749)
2026-02-04 17:44:05,426 - engine.poker_game - INFO - 
--- PRE-FLOP BETTING ---
2026-02-04 17:44:05,426 - engine.poker_game - INFO -   conservative_bot folds
2026-02-04 17:44:05,426 - engine.poker_game - INFO - Community Cards: []
2026-02-04 17:44:05,426 - engine.poker_game - INFO - Pot: 30
2026-02-04 17:44:05,426 - engine.poker_game - INFO - --------------------
2026-02-04 17:44:05,426 - tournament_runner - INFO - Hand #67 complete on table 1
2026-02-04 17:44:05,427 - tournament_runner - INFO - Starting hand #68 on table 1
2026-02-04 17:44:05,427 - engine.poker_game - INFO - aggressive_bot posts small blind: 10
2026-02-04 17:44:05,427 - engine.poker_game - INFO - conservative_bot posts big blind: 20
2026-02-04 17:44:05,427 - engine.poker_game - INFO - 
==============================
--- NEW HAND ---
2026-02-04 17:44:05,427 - engine.poker_game - INFO - Dealer: aggressive_bot
2026-02-04 17:44:05,428 - engine.poker_game - INFO - aggressive_bot has PlayerHand(cards=[Q♠, 6♣]) (chips: 2311)
2026-02-04 17:44:05,428 - engine.poker_game - INFO - conservative_bot has PlayerHand(cards=[5♥, J♥]) (chips: 729)
2026-02-04 17:44:05,428 - engine.poker_game - INFO - 
--- PRE-FLOP BETTING ---
2026-02-04 17:44:05,428 - engine.poker_game - INFO -   aggressive_bot raises to 80
2026-02-04 17:44:05,428 - engine.poker_game - INFO -   conservative_bot folds
2026-02-04 17:44:05,428 - engine.poker_game - INFO - Community Cards: []
2026-02-04 17:44:05,429 - engine.poker_game - INFO - Pot: 100
2026-02-04 17:44:05,430 - engine.poker_game - INFO - --------------------
2026-02-04 17:44:05,430 - engine.poker_game - INFO - aggressive_bot wins 70 from side/main pot
2026-02-04 17:44:05,431 - engine.poker_game - WARNING - Pot logic residual: 30
2026-02-04 17:44:05,431 - tournament_runner - INFO - Hand #68 complete on table 1
2026-02-04 17:44:05,431 - tournament_runner - INFO - Starting hand #69 on table 1
2026-02-04 17:44:05,432 - engine.poker_game - INFO - conservative_bot posts small blind: 10
2026-02-04 17:44:05,432 - engine.poker_game - INFO - aggressive_bot posts big blind: 20
2026-02-04 17:44:05,432 - engine.poker_game - INFO - 
==============================
--- NEW HAND ---
2026-02-04 17:44:05,432 - engine.poker_game - INFO - Dealer: conservative_bot
2026-02-04 17:44:05,433 - engine.poker_game - INFO - aggressive_bot has PlayerHand(cards=[10♥, 10♦]) (chips: 2321)
2026-02-04 17:44:05,433 - engine.poker_game - INFO - conservative_bot has PlayerHand(cards=[6♦, J♣]) (chips: 719)
2026-02-04 17:44:05,433 - engine.poker_game - INFO - 
--- PRE-FLOP BETTING ---
2026-02-04 17:44:05,434 - engine.poker_game - INFO -   conservative_bot folds
2026-02-04 17:44:05,434 - engine.poker_game - INFO - Community Cards: []
2026-02-04 17:44:05,435 - engine.poker_game - INFO - Pot: 30
2026-02-04 17:44:05,435 - engine.poker_game - INFO - --------------------
2026-02-04 17:44:05,435 - tournament_runner - INFO - Hand #69 complete on table 1
2026-02-04 17:44:05,435 - tournament_runner - INFO - Starting hand #70 on table 1
2026-02-04 17:44:05,435 - engine.poker_game - INFO - aggressive_bot posts small blind: 10
2026-02-04 17:44:05,436 - engine.poker_game - INFO - conservative_bot posts big blind: 20
2026-02-04 17:44:05,436 - engine.poker_game - INFO - 
==============================
--- NEW HAND ---
2026-02-04 17:44:05,436 - engine.poker_game - INFO - Dealer: aggressive_bot
2026-02-04 17:44:05,437 - engine.poker_game - INFO - aggressive_bot has PlayerHand(cards=[7♦, 9♠]) (chips: 2311)
2026-02-04 17:44:05,437 - engine.poker_game - INFO - conservative_bot has PlayerHand(cards=[3♠, 5♣]) (chips: 699)
2026-02-04 17:44:05,437 - engine.poker_game - INFO - 
--- PRE-FLOP BETTING ---
2026-02-04 17:44:05,437 - engine.poker_game - INFO -   aggressive_bot raises to 60
2026-02-04 17:44:05,437 - engine.poker_game - INFO -   conservative_bot folds
2026-02-04 17:44:05,437 - engine.poker_game - INFO - Community Cards: []
2026-02-04 17:44:05,437 - engine.poker_game - INFO - Pot: 80
2026-02-04 17:44:05,438 - engine.poker_game - INFO - --------------------
2026-02-04 17:44:05,438 - engine.poker_game - INFO - aggressive_bot wins 50 from side/main pot
2026-02-04 17:44:05,438 - engine.poker_game - WARNING - Pot logic residual: 30
2026-02-04 17:44:05,438 - tournament_runner - INFO - Hand #70 complete on table 1
2026-02-04 17:44:05,438 - tournament_runner - INFO - Starting hand #71 on table 1
2026-02-04 17:44:05,440 - engine.poker_game - INFO - conservative_bot posts small blind: 10
2026-02-04 17:44:05,441 - engine.poker_game - INFO - aggressive_bot posts big blind: 20
2026-02-04 17:44:05,441 - engine.poker_game - INFO - 
==============================
--- NEW HAND ---
2026-02-04 17:44:05,441 - engine.poker_game - INFO - Dealer: conservative_bot
2026-02-04 17:44:05,443 - engine.poker_game - INFO - aggressive_bot has PlayerHand(cards=[J♦, 3♣]) (chips: 2321)
2026-02-04 17:44:05,443 - engine.poker_game - INFO - conservative_bot has PlayerHand(cards=[4♦, 5♣]) (chips: 689)
2026-02-04 17:44:05,443 - engine.poker_game - INFO - 
--- PRE-FLOP BETTING ---
2026-02-04 17:44:05,443 - engine.poker_game - INFO -   conservative_bot folds
2026-02-04 17:44:05,444 - engine.poker_game - INFO - Community Cards: []
2026-02-04 17:44:05,444 - engine.poker_game - INFO - Pot: 30
2026-02-04 17:44:05,444 - engine.poker_game - INFO - --------------------
2026-02-04 17:44:05,444 - tournament_runner - INFO - Hand #71 complete on table 1
2026-02-04 17:44:05,444 - tournament_runner - INFO - Starting hand #72 on table 1
2026-02-04 17:44:05,444 - engine.poker_game - INFO - aggressive_bot posts small blind: 10
2026-02-04 17:44:05,444 - engine.poker_game - INFO - conservative_bot posts big blind: 20
2026-02-04 17:44:05,445 - engine.poker_game - INFO - 
==============================
--- NEW HAND ---
2026-02-04 17:44:05,445 - engine.poker_game - INFO - Dealer: aggressive_bot
2026-02-04 17:44:05,445 - engine.poker_game - INFO - aggressive_bot has PlayerHand(cards=[6♠, Q♣]) (chips: 2311)
2026-02-04 17:44:05,445 - engine.poker_game - INFO - conservative_bot has PlayerHand(cards=[A♥, 9♠]) (chips: 669)
2026-02-04 17:44:05,445 - engine.poker_game - INFO - 
--- PRE-FLOP BETTING ---
2026-02-04 17:44:05,445 - engine.poker_game - INFO -   aggressive_bot calls 10
2026-02-04 17:44:05,445 - engine.poker_game - INFO -   conservative_bot folds
2026-02-04 17:44:05,445 - engine.poker_game - INFO - Community Cards: []
2026-02-04 17:44:05,445 - engine.poker_game - INFO - Pot: 40
2026-02-04 17:44:05,445 - engine.poker_game - INFO - --------------------
2026-02-04 17:44:05,446 - engine.poker_game - INFO - aggressive_bot wins 10 from side/main pot
2026-02-04 17:44:05,446 - engine.poker_game - WARNING - Pot logic residual: 30
2026-02-04 17:44:05,446 - tournament_runner - INFO - Hand #72 complete on table 1
2026-02-04 17:44:05,446 - tournament_runner - INFO - Starting hand #73 on table 1
2026-02-04 17:44:05,449 - engine.poker_game - INFO - conservative_bot posts small blind: 10
2026-02-04 17:44:05,449 - engine.poker_game - INFO - aggressive_bot posts big blind: 20
2026-02-04 17:44:05,449 - engine.poker_game - INFO - 
==============================
--- NEW HAND ---
2026-02-04 17:44:05,449 - engine.poker_game - INFO - Dealer: conservative_bot
2026-02-04 17:44:05,450 - engine.poker_game - INFO - aggressive_bot has PlayerHand(cards=[10♥, K♦]) (chips: 2321)
2026-02-04 17:44:05,450 - engine.poker_game - INFO - conservative_bot has PlayerHand(cards=[Q♣, 8♣]) (chips: 659)
2026-02-04 17:44:05,450 - engine.poker_game - INFO - 
--- PRE-FLOP BETTING ---
2026-02-04 17:44:05,450 - engine.poker_game - INFO -   conservative_bot folds
2026-02-04 17:44:05,450 - engine.poker_game - INFO - Community Cards: []
2026-02-04 17:44:05,450 - engine.poker_game - INFO - Pot: 30
2026-02-04 17:44:05,450 - engine.poker_game - INFO - --------------------
2026-02-04 17:44:05,450 - tournament_runner - INFO - Hand #73 complete on table 1
2026-02-04 17:44:05,450 - tournament_runner - INFO - Starting hand #74 on table 1
2026-02-04 17:44:05,451 - engine.poker_game - INFO - aggressive_bot posts small blind: 10
2026-02-04 17:44:05,451 - engine.poker_game - INFO - conservative_bot posts big blind: 20
2026-02-04 17:44:05,451 - engine.poker_game - INFO - 
==============================
--- NEW HAND ---
2026-02-04 17:44:05,451 - engine.poker_game - INFO - Dealer: aggressive_bot
2026-02-04 17:44:05,451 - engine.poker_game - INFO - aggressive_bot has PlayerHand(cards=[5♦, 4♠]) (chips: 2311)
2026-02-04 17:44:05,451 - engine.poker_game - INFO - conservative_bot has PlayerHand(cards=[A♣, J♦]) (chips: 639)
2026-02-04 17:44:05,452 - engine.poker_game - INFO - 
--- PRE-FLOP BETTING ---
2026-02-04 17:44:05,453 - engine.poker_game - INFO -   aggressive_bot calls 10
2026-02-04 17:44:05,453 - engine.poker_game - INFO -   conservative_bot raises to 40
2026-02-04 17:44:05,454 - engine.poker_game - INFO -   aggressive_bot folds
2026-02-04 17:44:05,454 - engine.poker_game - INFO - Community Cards: []
2026-02-04 17:44:05,455 - engine.poker_game - INFO - Pot: 60
2026-02-04 17:44:05,455 - engine.poker_game - INFO - --------------------
2026-02-04 17:44:05,456 - engine.poker_game - INFO - conservative_bot wins 20 from side/main pot
2026-02-04 17:44:05,456 - engine.poker_game - INFO - conservative_bot wins 10 from side/main pot
2026-02-04 17:44:05,456 - engine.poker_game - WARNING - Pot logic residual: 30
2026-02-04 17:44:05,457 - tournament_runner - INFO - Hand #74 complete on table 1
2026-02-04 17:44:05,457 - tournament_runner - INFO - Starting hand #75 on table 1
2026-02-04 17:44:05,457 - engine.poker_game - INFO - conservative_bot posts small blind: 10
2026-02-04 17:44:05,457 - engine.poker_game - INFO - aggressive_bot posts big blind: 20
2026-02-04 17:44:05,457 - engine.poker_game - INFO - 
==============================
--- NEW HAND ---
2026-02-04 17:44:05,461 - engine.poker_game - INFO - Dealer: conservative_bot
2026-02-04 17:44:05,461 - engine.poker_game - INFO - aggressive_bot has PlayerHand(cards=[Q♣, 8♦]) (chips: 2281)
2026-02-04 17:44:05,463 - engine.poker_game - INFO - conservative_bot has PlayerHand(cards=[A♦, A♠]) (chips: 669)
2026-02-04 17:44:05,463 - engine.poker_game - INFO - 
--- PRE-FLOP BETTING ---
2026-02-04 17:44:05,463 - engine.poker_game - INFO -   conservative_bot raises to 40
2026-02-04 17:44:05,463 - engine.poker_game - INFO -   aggressive_bot folds
2026-02-04 17:44:05,463 - engine.poker_game - INFO - Community Cards: []
2026-02-04 17:44:05,464 - engine.poker_game - INFO - Pot: 60
2026-02-04 17:44:05,464 - engine.poker_game - INFO - --------------------
2026-02-04 17:44:05,464 - engine.poker_game - INFO - conservative_bot wins 30 from side/main pot
2026-02-04 17:44:05,464 - engine.poker_game - WARNING - Pot logic residual: 30
2026-02-04 17:44:05,464 - tournament_runner - INFO - Hand #75 complete on table 1
2026-02-04 17:44:05,464 - tournament_runner - INFO - Starting hand #76 on table 1
2026-02-04 17:44:05,465 - engine.poker_game - INFO - aggressive_bot posts small blind: 10
2026-02-04 17:44:05,465 - engine.poker_game - INFO - conservative_bot posts big blind: 20
2026-02-04 17:44:05,466 - engine.poker_game - INFO - 
==============================
--- NEW HAND ---
2026-02-04 17:44:05,467 - engine.poker_game - INFO - Dealer: aggressive_bot
2026-02-04 17:44:05,467 - engine.poker_game - INFO - aggressive_bot has PlayerHand(cards=[9♣, 2♦]) (chips: 2271)
2026-02-04 17:44:05,468 - engine.poker_game - INFO - conservative_bot has PlayerHand(cards=[Q♥, 6♠]) (chips: 679)
2026-02-04 17:44:05,468 - engine.poker_game - INFO - 
--- PRE-FLOP BETTING ---
2026-02-04 17:44:05,468 - engine.poker_game - INFO -   aggressive_bot raises to 80
2026-02-04 17:44:05,469 - engine.poker_game - INFO -   conservative_bot folds
2026-02-04 17:44:05,469 - engine.poker_game - INFO - Community Cards: []
2026-02-04 17:44:05,469 - engine.poker_game - INFO - Pot: 100
2026-02-04 17:44:05,469 - engine.poker_game - INFO - --------------------
2026-02-04 17:44:05,469 - engine.poker_game - INFO - aggressive_bot wins 70 from side/main pot
2026-02-04 17:44:05,469 - engine.poker_game - WARNING - Pot logic residual: 30
2026-02-04 17:44:05,473 - tournament_runner - INFO - Hand #76 complete on table 1
2026-02-04 17:44:05,473 - tournament_runner - INFO - Starting hand #77 on table 1
2026-02-04 17:44:05,474 - engine.poker_game - INFO - conservative_bot posts small blind: 10
2026-02-04 17:44:05,474 - engine.poker_game - INFO - aggressive_bot posts big blind: 20
2026-02-04 17:44:05,474 - engine.poker_game - INFO - 
==============================
--- NEW HAND ---
2026-02-04 17:44:05,474 - engine.poker_game - INFO - Dealer: conservative_bot
2026-02-04 17:44:05,475 - engine.poker_game - INFO - aggressive_bot has PlayerHand(cards=[5♠, 8♣]) (chips: 2281)
2026-02-04 17:44:05,476 - engine.poker_game - INFO - conservative_bot has PlayerHand(cards=[J♦, 5♦]) (chips: 669)
2026-02-04 17:44:05,477 - engine.poker_game - INFO - 
--- PRE-FLOP BETTING ---
2026-02-04 17:44:05,479 - engine.poker_game - INFO -   conservative_bot folds
2026-02-04 17:44:05,479 - engine.poker_game - INFO - Community Cards: []
2026-02-04 17:44:05,479 - engine.poker_game - INFO - Pot: 30
2026-02-04 17:44:05,479 - engine.poker_game - INFO - --------------------
2026-02-04 17:44:05,480 - tournament_runner - INFO - Hand #77 complete on table 1
2026-02-04 17:44:05,481 - tournament_runner - INFO - Starting hand #78 on table 1
2026-02-04 17:44:05,483 - engine.poker_game - INFO - aggressive_bot posts small blind: 10
2026-02-04 17:44:05,483 - engine.poker_game - INFO - conservative_bot posts big blind: 20
2026-02-04 17:44:05,484 - engine.poker_game - INFO - 
==============================
--- NEW HAND ---
2026-02-04 17:44:05,484 - engine.poker_game - INFO - Dealer: aggressive_bot
2026-02-04 17:44:05,484 - engine.poker_game - INFO - aggressive_bot has PlayerHand(cards=[2♦, J♦]) (chips: 2271)
2026-02-04 17:44:05,486 - engine.poker_game - INFO - conservative_bot has PlayerHand(cards=[8♠, 3♠]) (chips: 649)
2026-02-04 17:44:05,486 - engine.poker_game - INFO - 
--- PRE-FLOP BETTING ---
2026-02-04 17:44:05,487 - engine.poker_game - INFO -   aggressive_bot folds
2026-02-04 17:44:05,487 - engine.poker_game - INFO - Community Cards: []
2026-02-04 17:44:05,487 - engine.poker_game - INFO - Pot: 30
2026-02-04 17:44:05,487 - engine.poker_game - INFO - --------------------
2026-02-04 17:44:05,487 - tournament_runner - INFO - Hand #78 complete on table 1
2026-02-04 17:44:05,488 - tournament_runner - INFO - Starting hand #79 on table 1
2026-02-04 17:44:05,488 - engine.poker_game - INFO - conservative_bot posts small blind: 10
2026-02-04 17:44:05,489 - engine.poker_game - INFO - aggressive_bot posts big blind: 20
2026-02-04 17:44:05,489 - engine.poker_game - INFO - 
==============================
--- NEW HAND ---
2026-02-04 17:44:05,489 - engine.poker_game - INFO - Dealer: conservative_bot
2026-02-04 17:44:05,489 - engine.poker_game - INFO - aggressive_bot has PlayerHand(cards=[6♦, 10♣]) (chips: 2251)
2026-02-04 17:44:05,489 - engine.poker_game - INFO - conservative_bot has PlayerHand(cards=[9♠, Q♣]) (chips: 639)
2026-02-04 17:44:05,489 - engine.poker_game - INFO - 
--- PRE-FLOP BETTING ---
2026-02-04 17:44:05,490 - engine.poker_game - INFO -   conservative_bot folds
2026-02-04 17:44:05,491 - engine.poker_game - INFO - Community Cards: []
2026-02-04 17:44:05,491 - engine.poker_game - INFO - Pot: 30
2026-02-04 17:44:05,491 - engine.poker_game - INFO - --------------------
2026-02-04 17:44:05,491 - tournament_runner - INFO - Hand #79 complete on table 1
2026-02-04 17:44:05,491 - tournament_runner - INFO - Starting hand #80 on table 1
2026-02-04 17:44:05,492 - engine.poker_game - INFO - aggressive_bot posts small blind: 10
2026-02-04 17:44:05,492 - engine.poker_game - INFO - conservative_bot posts big blind: 20
2026-02-04 17:44:05,492 - engine.poker_game - INFO - 
==============================
--- NEW HAND ---
2026-02-04 17:44:05,492 - engine.poker_game - INFO - Dealer: aggressive_bot
2026-02-04 17:44:05,493 - engine.poker_game - INFO - aggressive_bot has PlayerHand(cards=[5♥, J♦]) (chips: 2241)
2026-02-04 17:44:05,493 - engine.poker_game - INFO - conservative_bot has PlayerHand(cards=[4♠, J♥]) (chips: 619)
2026-02-04 17:44:05,493 - engine.poker_game - INFO - 
--- PRE-FLOP BETTING ---
2026-02-04 17:44:05,493 - engine.poker_game - INFO -   aggressive_bot raises to 80
2026-02-04 17:44:05,494 - engine.poker_game - INFO -   conservative_bot folds
2026-02-04 17:44:05,494 - engine.poker_game - INFO - Community Cards: []
2026-02-04 17:44:05,494 - engine.poker_game - INFO - Pot: 100
2026-02-04 17:44:05,494 - engine.poker_game - INFO - --------------------
2026-02-04 17:44:05,495 - engine.poker_game - INFO - aggressive_bot wins 70 from side/main pot
2026-02-04 17:44:05,495 - engine.poker_game - WARNING - Pot logic residual: 30
2026-02-04 17:44:05,495 - tournament_runner - INFO - Hand #80 complete on table 1
2026-02-04 17:44:05,495 - tournament_runner - INFO - Starting hand #81 on table 1
2026-02-04 17:44:05,496 - engine.poker_game - INFO - conservative_bot posts small blind: 10
2026-02-04 17:44:05,496 - engine.poker_game - INFO - aggressive_bot posts big blind: 20
2026-02-04 17:44:05,496 - engine.poker_game - INFO - 
==============================
--- NEW HAND ---
2026-02-04 17:44:05,496 - engine.poker_game - INFO - Dealer: conservative_bot
2026-02-04 17:44:05,497 - engine.poker_game - INFO - aggressive_bot has PlayerHand(cards=[4♠, A♥]) (chips: 2251)
2026-02-04 17:44:05,497 - engine.poker_game - INFO - conservative_bot has PlayerHand(cards=[A♠, K♦]) (chips: 609)
2026-02-04 17:44:05,497 - engine.poker_game - INFO - 
--- PRE-FLOP BETTING ---
2026-02-04 17:44:05,497 - engine.poker_game - INFO -   conservative_bot raises to 40
2026-02-04 17:44:05,497 - engine.poker_game - INFO -   aggressive_bot calls 20
2026-02-04 17:44:05,497 - engine.poker_game - INFO - Community Cards: []
2026-02-04 17:44:05,498 - engine.poker_game - INFO - Pot: 80
2026-02-04 17:44:05,498 - engine.poker_game - INFO - --------------------
2026-02-04 17:44:05,498 - engine.poker_game - INFO - FLOP: [Q♥, 2♥, J♦]
2026-02-04 17:44:05,498 - engine.poker_game - INFO - 
--- FLOP BETTING ---
2026-02-04 17:44:05,498 - engine.poker_game - INFO -   aggressive_bot raises to 40
2026-02-04 17:44:05,498 - engine.poker_game - INFO -   conservative_bot raises to 80
2026-02-04 17:44:05,498 - engine.poker_game - INFO -   aggressive_bot folds
2026-02-04 17:44:05,498 - engine.poker_game - INFO - Community Cards: [Q♥, 2♥, J♦]
2026-02-04 17:44:05,499 - engine.poker_game - INFO - Pot: 200
2026-02-04 17:44:05,499 - engine.poker_game - INFO - --------------------
2026-02-04 17:44:05,499 - engine.poker_game - INFO - conservative_bot wins 120 from side/main pot
2026-02-04 17:44:05,499 - engine.poker_game - INFO - conservative_bot wins 50 from side/main pot
2026-02-04 17:44:05,499 - engine.poker_game - WARNING - Pot logic residual: 30
2026-02-04 17:44:05,499 - tournament_runner - INFO - Hand #81 complete on table 1
2026-02-04 17:44:05,499 - tournament_runner - INFO - Starting hand #82 on table 1
2026-02-04 17:44:05,500 - engine.poker_game - INFO - aggressive_bot posts small blind: 10
2026-02-04 17:44:05,500 - engine.poker_game - INFO - conservative_bot posts big blind: 20
2026-02-04 17:44:05,500 - engine.poker_game - INFO - 
==============================
--- NEW HAND ---
2026-02-04 17:44:05,500 - engine.poker_game - INFO - Dealer: aggressive_bot
2026-02-04 17:44:05,500 - engine.poker_game - INFO - aggressive_bot has PlayerHand(cards=[7♦, Q♥]) (chips: 2181)
2026-02-04 17:44:05,500 - engine.poker_game - INFO - conservative_bot has PlayerHand(cards=[2♥, 7♠]) (chips: 679)
2026-02-04 17:44:05,500 - engine.poker_game - INFO - 
--- PRE-FLOP BETTING ---
2026-02-04 17:44:05,501 - engine.poker_game - INFO -   aggressive_bot raises to 60
2026-02-04 17:44:05,501 - engine.poker_game - INFO -   conservative_bot folds
2026-02-04 17:44:05,501 - engine.poker_game - INFO - Community Cards: []
2026-02-04 17:44:05,501 - engine.poker_game - INFO - Pot: 80
2026-02-04 17:44:05,501 - engine.poker_game - INFO - --------------------
2026-02-04 17:44:05,501 - engine.poker_game - INFO - aggressive_bot wins 50 from side/main pot
2026-02-04 17:44:05,501 - engine.poker_game - WARNING - Pot logic residual: 30
2026-02-04 17:44:05,501 - tournament_runner - INFO - Hand #82 complete on table 1
2026-02-04 17:44:05,501 - tournament_runner - INFO - Starting hand #83 on table 1
2026-02-04 17:44:05,502 - engine.poker_game - INFO - conservative_bot posts small blind: 10
2026-02-04 17:44:05,502 - engine.poker_game - INFO - aggressive_bot posts big blind: 20
2026-02-04 17:44:05,502 - engine.poker_game - INFO - 
==============================
--- NEW HAND ---
2026-02-04 17:44:05,502 - engine.poker_game - INFO - Dealer: conservative_bot
2026-02-04 17:44:05,502 - engine.poker_game - INFO - aggressive_bot has PlayerHand(cards=[4♠, 2♠]) (chips: 2191)
2026-02-04 17:44:05,502 - engine.poker_game - INFO - conservative_bot has PlayerHand(cards=[8♦, 2♣]) (chips: 669)
2026-02-04 17:44:05,503 - engine.poker_game - INFO - 
--- PRE-FLOP BETTING ---
2026-02-04 17:44:05,503 - engine.poker_game - INFO -   conservative_bot folds
2026-02-04 17:44:05,503 - engine.poker_game - INFO - Community Cards: []
2026-02-04 17:44:05,503 - engine.poker_game - INFO - Pot: 30
2026-02-04 17:44:05,503 - engine.poker_game - INFO - --------------------
2026-02-04 17:44:05,503 - tournament_runner - INFO - Hand #83 complete on table 1
2026-02-04 17:44:05,503 - tournament_runner - INFO - Starting hand #84 on table 1
2026-02-04 17:44:05,503 - engine.poker_game - INFO - aggressive_bot posts small blind: 10
2026-02-04 17:44:05,503 - engine.poker_game - INFO - conservative_bot posts big blind: 20
2026-02-04 17:44:05,503 - engine.poker_game - INFO - 
==============================
--- NEW HAND ---
2026-02-04 17:44:05,504 - engine.poker_game - INFO - Dealer: aggressive_bot
2026-02-04 17:44:05,504 - engine.poker_game - INFO - aggressive_bot has PlayerHand(cards=[10♥, J♦]) (chips: 2181)
2026-02-04 17:44:05,504 - engine.poker_game - INFO - conservative_bot has PlayerHand(cards=[9♠, 3♦]) (chips: 649)
2026-02-04 17:44:05,504 - engine.poker_game - INFO - 
--- PRE-FLOP BETTING ---
2026-02-04 17:44:05,504 - engine.poker_game - INFO -   aggressive_bot calls 10
2026-02-04 17:44:05,504 - engine.poker_game - INFO -   conservative_bot folds
2026-02-04 17:44:05,504 - engine.poker_game - INFO - Community Cards: []
2026-02-04 17:44:05,504 - engine.poker_game - INFO - Pot: 40
2026-02-04 17:44:05,504 - engine.poker_game - INFO - --------------------
2026-02-04 17:44:05,504 - engine.poker_game - INFO - aggressive_bot wins 10 from side/main pot
2026-02-04 17:44:05,505 - engine.poker_game - WARNING - Pot logic residual: 30
2026-02-04 17:44:05,505 - tournament_runner - INFO - Hand #84 complete on table 1
2026-02-04 17:44:05,505 - tournament_runner - INFO - Starting hand #85 on table 1
2026-02-04 17:44:05,505 - engine.poker_game - INFO - conservative_bot posts small blind: 10
2026-02-04 17:44:05,505 - engine.poker_game - INFO - aggressive_bot posts big blind: 20
2026-02-04 17:44:05,505 - engine.poker_game - INFO - 
==============================
--- NEW HAND ---
2026-02-04 17:44:05,505 - engine.poker_game - INFO - Dealer: conservative_bot
2026-02-04 17:44:05,506 - engine.poker_game - INFO - aggressive_bot has PlayerHand(cards=[Q♦, 2♠]) (chips: 2191)
2026-02-04 17:44:05,506 - engine.poker_game - INFO - conservative_bot has PlayerHand(cards=[K♦, 5♦]) (chips: 639)
2026-02-04 17:44:05,506 - engine.poker_game - INFO - 
--- PRE-FLOP BETTING ---
2026-02-04 17:44:05,506 - engine.poker_game - INFO -   conservative_bot folds
2026-02-04 17:44:05,506 - engine.poker_game - INFO - Community Cards: []
2026-02-04 17:44:05,506 - engine.poker_game - INFO - Pot: 30
2026-02-04 17:44:05,506 - engine.poker_game - INFO - --------------------
2026-02-04 17:44:05,506 - tournament_runner - INFO - Hand #85 complete on table 1
2026-02-04 17:44:05,506 - tournament_runner - INFO - Starting hand #86 on table 1
2026-02-04 17:44:05,507 - engine.poker_game - INFO - aggressive_bot posts small blind: 10
2026-02-04 17:44:05,507 - engine.poker_game - INFO - conservative_bot posts big blind: 20
2026-02-04 17:44:05,507 - engine.poker_game - INFO - 
==============================
--- NEW HAND ---
2026-02-04 17:44:05,507 - engine.poker_game - INFO - Dealer: aggressive_bot
2026-02-04 17:44:05,507 - engine.poker_game - INFO - aggressive_bot has PlayerHand(cards=[7♦, Q♥]) (chips: 2181)
2026-02-04 17:44:05,507 - engine.poker_game - INFO - conservative_bot has PlayerHand(cards=[6♠, K♥]) (chips: 619)
2026-02-04 17:44:05,507 - engine.poker_game - INFO - 
--- PRE-FLOP BETTING ---
2026-02-04 17:44:05,508 - engine.poker_game - INFO -   aggressive_bot raises to 60
2026-02-04 17:44:05,508 - engine.poker_game - INFO -   conservative_bot folds
2026-02-04 17:44:05,508 - engine.poker_game - INFO - Community Cards: []
2026-02-04 17:44:05,508 - engine.poker_game - INFO - Pot: 80
2026-02-04 17:44:05,508 - engine.poker_game - INFO - --------------------
2026-02-04 17:44:05,508 - engine.poker_game - INFO - aggressive_bot wins 50 from side/main pot
2026-02-04 17:44:05,508 - engine.poker_game - WARNING - Pot logic residual: 30
2026-02-04 17:44:05,508 - tournament_runner - INFO - Hand #86 complete on table 1
2026-02-04 17:44:05,509 - tournament_runner - INFO - Starting hand #87 on table 1
2026-02-04 17:44:05,509 - engine.poker_game - INFO - conservative_bot posts small blind: 10
2026-02-04 17:44:05,509 - engine.poker_game - INFO - aggressive_bot posts big blind: 20
2026-02-04 17:44:05,509 - engine.poker_game - INFO - 
==============================
--- NEW HAND ---
2026-02-04 17:44:05,509 - engine.poker_game - INFO - Dealer: conservative_bot
2026-02-04 17:44:05,509 - engine.poker_game - INFO - aggressive_bot has PlayerHand(cards=[A♦, 8♥]) (chips: 2191)
2026-02-04 17:44:05,509 - engine.poker_game - INFO - conservative_bot has PlayerHand(cards=[Q♠, 5♦]) (chips: 609)
2026-02-04 17:44:05,510 - engine.poker_game - INFO - 
--- PRE-FLOP BETTING ---
2026-02-04 17:44:05,510 - engine.poker_game - INFO -   conservative_bot folds
2026-02-04 17:44:05,510 - engine.poker_game - INFO - Community Cards: []
2026-02-04 17:44:05,510 - engine.poker_game - INFO - Pot: 30
2026-02-04 17:44:05,510 - engine.poker_game - INFO - --------------------
2026-02-04 17:44:05,510 - tournament_runner - INFO - Hand #87 complete on table 1
2026-02-04 17:44:05,511 - tournament_runner - INFO - Starting hand #88 on table 1
2026-02-04 17:44:05,511 - engine.poker_game - INFO - aggressive_bot posts small blind: 10
2026-02-04 17:44:05,511 - engine.poker_game - INFO - conservative_bot posts big blind: 20
2026-02-04 17:44:05,511 - engine.poker_game - INFO - 
==============================
--- NEW HAND ---
2026-02-04 17:44:05,512 - engine.poker_game - INFO - Dealer: aggressive_bot
2026-02-04 17:44:05,512 - engine.poker_game - INFO - aggressive_bot has PlayerHand(cards=[Q♥, 4♥]) (chips: 2181)
2026-02-04 17:44:05,512 - engine.poker_game - INFO - conservative_bot has PlayerHand(cards=[6♥, J♠]) (chips: 589)
2026-02-04 17:44:05,512 - engine.poker_game - INFO - 
--- PRE-FLOP BETTING ---
2026-02-04 17:44:05,512 - engine.poker_game - INFO -   aggressive_bot raises to 80
2026-02-04 17:44:05,512 - engine.poker_game - INFO -   conservative_bot folds
2026-02-04 17:44:05,512 - engine.poker_game - INFO - Community Cards: []
2026-02-04 17:44:05,513 - engine.poker_game - INFO - Pot: 100
2026-02-04 17:44:05,513 - engine.poker_game - INFO - --------------------
2026-02-04 17:44:05,513 - engine.poker_game - INFO - aggressive_bot wins 70 from side/main pot
2026-02-04 17:44:05,513 - engine.poker_game - WARNING - Pot logic residual: 30
2026-02-04 17:44:05,514 - tournament_runner - INFO - Hand #88 complete on table 1
2026-02-04 17:44:05,514 - tournament_runner - INFO - Starting hand #89 on table 1
2026-02-04 17:44:05,514 - engine.poker_game - INFO - conservative_bot posts small blind: 10
2026-02-04 17:44:05,514 - engine.poker_game - INFO - aggressive_bot posts big blind: 20
2026-02-04 17:44:05,515 - engine.poker_game - INFO - 
==============================
--- NEW HAND ---
2026-02-04 17:44:05,515 - engine.poker_game - INFO - Dealer: conservative_bot
2026-02-04 17:44:05,515 - engine.poker_game - INFO - aggressive_bot has PlayerHand(cards=[A♠, 6♦]) (chips: 2191)
2026-02-04 17:44:05,515 - engine.poker_game - INFO - conservative_bot has PlayerHand(cards=[4♥, 4♠]) (chips: 579)
2026-02-04 17:44:05,515 - engine.poker_game - INFO - 
--- PRE-FLOP BETTING ---
2026-02-04 17:44:05,515 - engine.poker_game - INFO -   conservative_bot folds
2026-02-04 17:44:05,515 - engine.poker_game - INFO - Community Cards: []
2026-02-04 17:44:05,515 - engine.poker_game - INFO - Pot: 30
2026-02-04 17:44:05,515 - engine.poker_game - INFO - --------------------
2026-02-04 17:44:05,515 - tournament_runner - INFO - Hand #89 complete on table 1
2026-02-04 17:44:05,516 - tournament_runner - INFO - Starting hand #90 on table 1
2026-02-04 17:44:05,516 - engine.poker_game - INFO - aggressive_bot posts small blind: 10
2026-02-04 17:44:05,516 - engine.poker_game - INFO - conservative_bot posts big blind: 20
2026-02-04 17:44:05,516 - engine.poker_game - INFO - 
==============================
--- NEW HAND ---
2026-02-04 17:44:05,516 - engine.poker_game - INFO - Dealer: aggressive_bot
2026-02-04 17:44:05,516 - engine.poker_game - INFO - aggressive_bot has PlayerHand(cards=[8♣, J♣]) (chips: 2181)
2026-02-04 17:44:05,516 - engine.poker_game - INFO - conservative_bot has PlayerHand(cards=[4♥, 8♥]) (chips: 559)
2026-02-04 17:44:05,516 - engine.poker_game - INFO - 
--- PRE-FLOP BETTING ---
2026-02-04 17:44:05,516 - engine.poker_game - INFO -   aggressive_bot calls 10
2026-02-04 17:44:05,517 - engine.poker_game - INFO -   conservative_bot folds
2026-02-04 17:44:05,517 - engine.poker_game - INFO - Community Cards: []
2026-02-04 17:44:05,517 - engine.poker_game - INFO - Pot: 40
2026-02-04 17:44:05,517 - engine.poker_game - INFO - --------------------
2026-02-04 17:44:05,517 - engine.poker_game - INFO - aggressive_bot wins 10 from side/main pot
2026-02-04 17:44:05,517 - engine.poker_game - WARNING - Pot logic residual: 30
2026-02-04 17:44:05,517 - tournament_runner - INFO - Hand #90 complete on table 1
2026-02-04 17:44:05,517 - tournament_runner - INFO - Starting hand #91 on table 1
2026-02-04 17:44:05,517 - engine.poker_game - INFO - conservative_bot posts small blind: 10
2026-02-04 17:44:05,517 - engine.poker_game - INFO - aggressive_bot posts big blind: 20
2026-02-04 17:44:05,518 - engine.poker_game - INFO - 
==============================
--- NEW HAND ---
2026-02-04 17:44:05,518 - engine.poker_game - INFO - Dealer: conservative_bot
2026-02-04 17:44:05,518 - engine.poker_game - INFO - aggressive_bot has PlayerHand(cards=[9♣, 10♦]) (chips: 2191)
2026-02-04 17:44:05,518 - engine.poker_game - INFO - conservative_bot has PlayerHand(cards=[3♠, Q♥]) (chips: 549)
2026-02-04 17:44:05,518 - engine.poker_game - INFO - 
--- PRE-FLOP BETTING ---
2026-02-04 17:44:05,518 - engine.poker_game - INFO -   conservative_bot folds
2026-02-04 17:44:05,518 - engine.poker_game - INFO - Community Cards: []
2026-02-04 17:44:05,518 - engine.poker_game - INFO - Pot: 30
2026-02-04 17:44:05,518 - engine.poker_game - INFO - --------------------
2026-02-04 17:44:05,518 - tournament_runner - INFO - Hand #91 complete on table 1
2026-02-04 17:44:05,519 - tournament_runner - INFO - Starting hand #92 on table 1
2026-02-04 17:44:05,519 - engine.poker_game - INFO - aggressive_bot posts small blind: 10
2026-02-04 17:44:05,519 - engine.poker_game - INFO - conservative_bot posts big blind: 20
2026-02-04 17:44:05,519 - engine.poker_game - INFO - 
==============================
--- NEW HAND ---
2026-02-04 17:44:05,519 - engine.poker_game - INFO - Dealer: aggressive_bot
2026-02-04 17:44:05,519 - engine.poker_game - INFO - aggressive_bot has PlayerHand(cards=[5♦, 10♥]) (chips: 2181)
2026-02-04 17:44:05,519 - engine.poker_game - INFO - conservative_bot has PlayerHand(cards=[10♦, 7♠]) (chips: 529)
2026-02-04 17:44:05,519 - engine.poker_game - INFO - 
--- PRE-FLOP BETTING ---
2026-02-04 17:44:05,520 - engine.poker_game - INFO -   aggressive_bot raises to 60
2026-02-04 17:44:05,520 - engine.poker_game - INFO -   conservative_bot folds
2026-02-04 17:44:05,520 - engine.poker_game - INFO - Community Cards: []
2026-02-04 17:44:05,520 - engine.poker_game - INFO - Pot: 80
2026-02-04 17:44:05,520 - engine.poker_game - INFO - --------------------
2026-02-04 17:44:05,520 - engine.poker_game - INFO - aggressive_bot wins 50 from side/main pot
2026-02-04 17:44:05,520 - engine.poker_game - WARNING - Pot logic residual: 30
2026-02-04 17:44:05,520 - tournament_runner - INFO - Hand #92 complete on table 1
2026-02-04 17:44:05,520 - tournament_runner - INFO - Starting hand #93 on table 1
2026-02-04 17:44:05,521 - engine.poker_game - INFO - conservative_bot posts small blind: 10
2026-02-04 17:44:05,521 - engine.poker_game - INFO - aggressive_bot posts big blind: 20
2026-02-04 17:44:05,521 - engine.poker_game - INFO - 
==============================
--- NEW HAND ---
2026-02-04 17:44:05,521 - engine.poker_game - INFO - Dealer: conservative_bot
2026-02-04 17:44:05,521 - engine.poker_game - INFO - aggressive_bot has PlayerHand(cards=[A♦, 9♠]) (chips: 2191)
2026-02-04 17:44:05,521 - engine.poker_game - INFO - conservative_bot has PlayerHand(cards=[3♠, 9♣]) (chips: 519)
2026-02-04 17:44:05,521 - engine.poker_game - INFO - 
--- PRE-FLOP BETTING ---
2026-02-04 17:44:05,521 - engine.poker_game - INFO -   conservative_bot folds
2026-02-04 17:44:05,521 - engine.poker_game - INFO - Community Cards: []
2026-02-04 17:44:05,522 - engine.poker_game - INFO - Pot: 30
2026-02-04 17:44:05,522 - engine.poker_game - INFO - --------------------
2026-02-04 17:44:05,522 - tournament_runner - INFO - Hand #93 complete on table 1
2026-02-04 17:44:05,522 - tournament_runner - INFO - Starting hand #94 on table 1
2026-02-04 17:44:05,522 - engine.poker_game - INFO - aggressive_bot posts small blind: 10
2026-02-04 17:44:05,522 - engine.poker_game - INFO - conservative_bot posts big blind: 20
2026-02-04 17:44:05,522 - engine.poker_game - INFO - 
==============================
--- NEW HAND ---
2026-02-04 17:44:05,522 - engine.poker_game - INFO - Dealer: aggressive_bot
2026-02-04 17:44:05,522 - engine.poker_game - INFO - aggressive_bot has PlayerHand(cards=[10♥, 8♥]) (chips: 2181)
2026-02-04 17:44:05,523 - engine.poker_game - INFO - conservative_bot has PlayerHand(cards=[5♦, 4♣]) (chips: 499)
2026-02-04 17:44:05,523 - engine.poker_game - INFO - 
--- PRE-FLOP BETTING ---
2026-02-04 17:44:05,523 - engine.poker_game - INFO -   aggressive_bot calls 10
2026-02-04 17:44:05,523 - engine.poker_game - INFO -   conservative_bot folds
2026-02-04 17:44:05,523 - engine.poker_game - INFO - Community Cards: []
2026-02-04 17:44:05,523 - engine.poker_game - INFO - Pot: 40
2026-02-04 17:44:05,523 - engine.poker_game - INFO - --------------------
2026-02-04 17:44:05,523 - engine.poker_game - INFO - aggressive_bot wins 10 from side/main pot
2026-02-04 17:44:05,523 - engine.poker_game - WARNING - Pot logic residual: 30
2026-02-04 17:44:05,523 - tournament_runner - INFO - Hand #94 complete on table 1
2026-02-04 17:44:05,524 - tournament_runner - INFO - Starting hand #95 on table 1
2026-02-04 17:44:05,524 - engine.poker_game - INFO - conservative_bot posts small blind: 10
2026-02-04 17:44:05,524 - engine.poker_game - INFO - aggressive_bot posts big blind: 20
2026-02-04 17:44:05,524 - engine.poker_game - INFO - 
==============================
--- NEW HAND ---
2026-02-04 17:44:05,524 - engine.poker_game - INFO - Dealer: conservative_bot
2026-02-04 17:44:05,524 - engine.poker_game - INFO - aggressive_bot has PlayerHand(cards=[4♥, 9♦]) (chips: 2191)
2026-02-04 17:44:05,524 - engine.poker_game - INFO - conservative_bot has PlayerHand(cards=[10♠, A♦]) (chips: 489)
2026-02-04 17:44:05,524 - engine.poker_game - INFO - 
--- PRE-FLOP BETTING ---
2026-02-04 17:44:05,525 - engine.poker_game - INFO -   conservative_bot folds
2026-02-04 17:44:05,525 - engine.poker_game - INFO - Community Cards: []
2026-02-04 17:44:05,525 - engine.poker_game - INFO - Pot: 30
2026-02-04 17:44:05,525 - engine.poker_game - INFO - --------------------
2026-02-04 17:44:05,525 - tournament_runner - INFO - Hand #95 complete on table 1
2026-02-04 17:44:05,525 - tournament_runner - INFO - Starting hand #96 on table 1
2026-02-04 17:44:05,525 - engine.poker_game - INFO - aggressive_bot posts small blind: 10
2026-02-04 17:44:05,525 - engine.poker_game - INFO - conservative_bot posts big blind: 20
2026-02-04 17:44:05,525 - engine.poker_game - INFO - 
==============================
--- NEW HAND ---
2026-02-04 17:44:05,525 - engine.poker_game - INFO - Dealer: aggressive_bot
2026-02-04 17:44:05,526 - engine.poker_game - INFO - aggressive_bot has PlayerHand(cards=[7♣, A♦]) (chips: 2181)
2026-02-04 17:44:05,526 - engine.poker_game - INFO - conservative_bot has PlayerHand(cards=[K♦, 3♦]) (chips: 469)
2026-02-04 17:44:05,526 - engine.poker_game - INFO - 
--- PRE-FLOP BETTING ---
2026-02-04 17:44:05,526 - engine.poker_game - INFO -   aggressive_bot calls 10
2026-02-04 17:44:05,526 - engine.poker_game - INFO -   conservative_bot folds
2026-02-04 17:44:05,526 - engine.poker_game - INFO - Community Cards: []
2026-02-04 17:44:05,526 - engine.poker_game - INFO - Pot: 40
2026-02-04 17:44:05,526 - engine.poker_game - INFO - --------------------
2026-02-04 17:44:05,526 - engine.poker_game - INFO - aggressive_bot wins 10 from side/main pot
2026-02-04 17:44:05,526 - engine.poker_game - WARNING - Pot logic residual: 30
2026-02-04 17:44:05,527 - tournament_runner - INFO - Hand #96 complete on table 1
2026-02-04 17:44:05,527 - tournament_runner - INFO - Starting hand #97 on table 1
2026-02-04 17:44:05,527 - engine.poker_game - INFO - conservative_bot posts small blind: 10
2026-02-04 17:44:05,527 - engine.poker_game - INFO - aggressive_bot posts big blind: 20
2026-02-04 17:44:05,527 - engine.poker_game - INFO - 
==============================
--- NEW HAND ---
2026-02-04 17:44:05,527 - engine.poker_game - INFO - Dealer: conservative_bot
2026-02-04 17:44:05,527 - engine.poker_game - INFO - aggressive_bot has PlayerHand(cards=[J♣, 9♠]) (chips: 2191)
2026-02-04 17:44:05,527 - engine.poker_game - INFO - conservative_bot has PlayerHand(cards=[8♥, 7♦]) (chips: 459)
2026-02-04 17:44:05,528 - engine.poker_game - INFO - 
--- PRE-FLOP BETTING ---
2026-02-04 17:44:05,528 - engine.poker_game - INFO -   conservative_bot folds
2026-02-04 17:44:05,528 - engine.poker_game - INFO - Community Cards: []
2026-02-04 17:44:05,528 - engine.poker_game - INFO - Pot: 30
2026-02-04 17:44:05,528 - engine.poker_game - INFO - --------------------
2026-02-04 17:44:05,528 - tournament_runner - INFO - Hand #97 complete on table 1
2026-02-04 17:44:05,528 - tournament_runner - INFO - Starting hand #98 on table 1
2026-02-04 17:44:05,528 - engine.poker_game - INFO - aggressive_bot posts small blind: 10
2026-02-04 17:44:05,528 - engine.poker_game - INFO - conservative_bot posts big blind: 20
2026-02-04 17:44:05,528 - engine.poker_game - INFO - 
==============================
--- NEW HAND ---
2026-02-04 17:44:05,529 - engine.poker_game - INFO - Dealer: aggressive_bot
2026-02-04 17:44:05,529 - engine.poker_game - INFO - aggressive_bot has PlayerHand(cards=[5♦, Q♥]) (chips: 2181)
2026-02-04 17:44:05,529 - engine.poker_game - INFO - conservative_bot has PlayerHand(cards=[J♣, Q♣]) (chips: 439)
2026-02-04 17:44:05,529 - engine.poker_game - INFO - 
--- PRE-FLOP BETTING ---
2026-02-04 17:44:05,529 - engine.poker_game - INFO -   aggressive_bot calls 10
2026-02-04 17:44:05,529 - engine.poker_game - INFO -   conservative_bot raises to 40
2026-02-04 17:44:05,529 - engine.poker_game - INFO -   aggressive_bot raises to 80
2026-02-04 17:44:05,530 - engine.poker_game - INFO -   conservative_bot raises to 120
2026-02-04 17:44:05,530 - engine.poker_game - INFO -   aggressive_bot calls 40
2026-02-04 17:44:05,530 - engine.poker_game - INFO - Community Cards: []
2026-02-04 17:44:05,530 - engine.poker_game - INFO - Pot: 240
2026-02-04 17:44:05,530 - engine.poker_game - INFO - --------------------
2026-02-04 17:44:05,530 - engine.poker_game - INFO - FLOP: [7♣, A♣, 8♥]
2026-02-04 17:44:05,530 - engine.poker_game - INFO - 
--- FLOP BETTING ---
2026-02-04 17:44:05,530 - engine.poker_game - INFO -   conservative_bot raises to 80
2026-02-04 17:44:05,531 - engine.poker_game - INFO -   aggressive_bot folds
2026-02-04 17:44:05,531 - engine.poker_game - INFO - Community Cards: [7♣, A♣, 8♥]
2026-02-04 17:44:05,531 - engine.poker_game - INFO - Pot: 320
2026-02-04 17:44:05,531 - engine.poker_game - INFO - --------------------
2026-02-04 17:44:05,531 - engine.poker_game - INFO - conservative_bot wins 220 from side/main pot
2026-02-04 17:44:05,531 - engine.poker_game - INFO - conservative_bot wins 70 from side/main pot
2026-02-04 17:44:05,531 - engine.poker_game - WARNING - Pot logic residual: 30
2026-02-04 17:44:05,531 - tournament_runner - INFO - Hand #98 complete on table 1
2026-02-04 17:44:05,531 - tournament_runner - INFO - Starting hand #99 on table 1
2026-02-04 17:44:05,532 - engine.poker_game - INFO - conservative_bot posts small blind: 10
2026-02-04 17:44:05,532 - engine.poker_game - INFO - aggressive_bot posts big blind: 20
2026-02-04 17:44:05,532 - engine.poker_game - INFO - 
==============================
--- NEW HAND ---
2026-02-04 17:44:05,532 - engine.poker_game - INFO - Dealer: conservative_bot
2026-02-04 17:44:05,532 - engine.poker_game - INFO - aggressive_bot has PlayerHand(cards=[8♣, 2♠]) (chips: 2051)
2026-02-04 17:44:05,532 - engine.poker_game - INFO - conservative_bot has PlayerHand(cards=[2♥, 5♣]) (chips: 569)
2026-02-04 17:44:05,532 - engine.poker_game - INFO - 
--- PRE-FLOP BETTING ---
2026-02-04 17:44:05,532 - engine.poker_game - INFO -   conservative_bot folds
2026-02-04 17:44:05,533 - engine.poker_game - INFO - Community Cards: []
2026-02-04 17:44:05,533 - engine.poker_game - INFO - Pot: 30
2026-02-04 17:44:05,533 - engine.poker_game - INFO - --------------------
2026-02-04 17:44:05,533 - tournament_runner - INFO - Hand #99 complete on table 1
2026-02-04 17:44:05,533 - tournament_runner - INFO - Starting hand #100 on table 1
2026-02-04 17:44:05,533 - engine.poker_game - INFO - aggressive_bot posts small blind: 10
2026-02-04 17:44:05,533 - engine.poker_game - INFO - conservative_bot posts big blind: 20
2026-02-04 17:44:05,533 - engine.poker_game - INFO - 
==============================
--- NEW HAND ---
2026-02-04 17:44:05,533 - engine.poker_game - INFO - Dealer: aggressive_bot
2026-02-04 17:44:05,533 - engine.poker_game - INFO - aggressive_bot has PlayerHand(cards=[8♥, 7♠]) (chips: 2041)
2026-02-04 17:44:05,533 - engine.poker_game - INFO - conservative_bot has PlayerHand(cards=[3♠, 10♦]) (chips: 549)
2026-02-04 17:44:05,534 - engine.poker_game - INFO - 
--- PRE-FLOP BETTING ---
2026-02-04 17:44:05,534 - engine.poker_game - INFO -   aggressive_bot raises to 80
2026-02-04 17:44:05,534 - engine.poker_game - INFO -   conservative_bot folds
2026-02-04 17:44:05,534 - engine.poker_game - INFO - Community Cards: []
2026-02-04 17:44:05,534 - engine.poker_game - INFO - Pot: 100
2026-02-04 17:44:05,534 - engine.poker_game - INFO - --------------------
2026-02-04 17:44:05,534 - engine.poker_game - INFO - aggressive_bot wins 70 from side/main pot
2026-02-04 17:44:05,534 - engine.poker_game - WARNING - Pot logic residual: 30
2026-02-04 17:44:05,535 - tournament_runner - INFO - Hand #100 complete on table 1
2026-02-04 17:44:05,535 - tournament_runner - INFO - Starting hand #101 on table 1
2026-02-04 17:44:05,535 - engine.poker_game - INFO - conservative_bot posts small blind: 10
2026-02-04 17:44:05,535 - engine.poker_game - INFO - aggressive_bot posts big blind: 20
2026-02-04 17:44:05,535 - engine.poker_game - INFO - 
==============================
--- NEW HAND ---
2026-02-04 17:44:05,535 - engine.poker_game - INFO - Dealer: conservative_bot
2026-02-04 17:44:05,535 - engine.poker_game - INFO - aggressive_bot has PlayerHand(cards=[8♣, 5♥]) (chips: 2051)
2026-02-04 17:44:05,535 - engine.poker_game - INFO - conservative_bot has PlayerHand(cards=[3♦, A♣]) (chips: 539)
2026-02-04 17:44:05,536 - engine.poker_game - INFO - 
--- PRE-FLOP BETTING ---
2026-02-04 17:44:05,536 - engine.poker_game - INFO -   conservative_bot folds
2026-02-04 17:44:05,536 - engine.poker_game - INFO - Community Cards: []
2026-02-04 17:44:05,536 - engine.poker_game - INFO - Pot: 30
2026-02-04 17:44:05,536 - engine.poker_game - INFO - --------------------
2026-02-04 17:44:05,536 - tournament_runner - INFO - Hand #101 complete on table 1
2026-02-04 17:44:05,536 - tournament_runner - INFO - Starting hand #102 on table 1
2026-02-04 17:44:05,536 - engine.poker_game - INFO - aggressive_bot posts small blind: 10
2026-02-04 17:44:05,536 - engine.poker_game - INFO - conservative_bot posts big blind: 20
2026-02-04 17:44:05,537 - engine.poker_game - INFO - 
==============================
--- NEW HAND ---
2026-02-04 17:44:05,537 - engine.poker_game - INFO - Dealer: aggressive_bot
2026-02-04 17:44:05,537 - engine.poker_game - INFO - aggressive_bot has PlayerHand(cards=[A♠, 6♦]) (chips: 2041)
2026-02-04 17:44:05,537 - engine.poker_game - INFO - conservative_bot has PlayerHand(cards=[9♦, 3♠]) (chips: 519)
2026-02-04 17:44:05,537 - engine.poker_game - INFO - 
--- PRE-FLOP BETTING ---
2026-02-04 17:44:05,537 - engine.poker_game - INFO -   aggressive_bot raises to 60
2026-02-04 17:44:05,537 - engine.poker_game - INFO -   conservative_bot folds
2026-02-04 17:44:05,537 - engine.poker_game - INFO - Community Cards: []
2026-02-04 17:44:05,537 - engine.poker_game - INFO - Pot: 80
2026-02-04 17:44:05,537 - engine.poker_game - INFO - --------------------
2026-02-04 17:44:05,538 - engine.poker_game - INFO - aggressive_bot wins 50 from side/main pot
2026-02-04 17:44:05,538 - engine.poker_game - WARNING - Pot logic residual: 30
2026-02-04 17:44:05,538 - tournament_runner - INFO - Hand #102 complete on table 1
2026-02-04 17:44:05,538 - tournament_runner - INFO - Starting hand #103 on table 1
2026-02-04 17:44:05,538 - engine.poker_game - INFO - conservative_bot posts small blind: 10
2026-02-04 17:44:05,538 - engine.poker_game - INFO - aggressive_bot posts big blind: 20
2026-02-04 17:44:05,538 - engine.poker_game - INFO - 
==============================
--- NEW HAND ---
2026-02-04 17:44:05,538 - engine.poker_game - INFO - Dealer: conservative_bot
2026-02-04 17:44:05,539 - engine.poker_game - INFO - aggressive_bot has PlayerHand(cards=[10♠, 9♥]) (chips: 2051)
2026-02-04 17:44:05,539 - engine.poker_game - INFO - conservative_bot has PlayerHand(cards=[Q♦, K♠]) (chips: 509)
2026-02-04 17:44:05,539 - engine.poker_game - INFO - 
--- PRE-FLOP BETTING ---
2026-02-04 17:44:05,539 - engine.poker_game - INFO -   conservative_bot raises to 40
2026-02-04 17:44:05,539 - engine.poker_game - INFO -   aggressive_bot folds
2026-02-04 17:44:05,539 - engine.poker_game - INFO - Community Cards: []
2026-02-04 17:44:05,539 - engine.poker_game - INFO - Pot: 60
2026-02-04 17:44:05,539 - engine.poker_game - INFO - --------------------
2026-02-04 17:44:05,539 - engine.poker_game - INFO - conservative_bot wins 30 from side/main pot
2026-02-04 17:44:05,539 - engine.poker_game - WARNING - Pot logic residual: 30
2026-02-04 17:44:05,539 - tournament_runner - INFO - Hand #103 complete on table 1
2026-02-04 17:44:05,540 - tournament_runner - INFO - Starting hand #104 on table 1
2026-02-04 17:44:05,540 - engine.poker_game - INFO - aggressive_bot posts small blind: 10
2026-02-04 17:44:05,540 - engine.poker_game - INFO - conservative_bot posts big blind: 20
2026-02-04 17:44:05,540 - engine.poker_game - INFO - 
==============================
--- NEW HAND ---
2026-02-04 17:44:05,540 - engine.poker_game - INFO - Dealer: aggressive_bot
2026-02-04 17:44:05,541 - engine.poker_game - INFO - aggressive_bot has PlayerHand(cards=[9♦, K♦]) (chips: 2041)
2026-02-04 17:44:05,541 - engine.poker_game - INFO - conservative_bot has PlayerHand(cards=[4♣, 4♦]) (chips: 519)
2026-02-04 17:44:05,541 - engine.poker_game - INFO - 
--- PRE-FLOP BETTING ---
2026-02-04 17:44:05,541 - engine.poker_game - INFO -   aggressive_bot calls 10
2026-02-04 17:44:05,541 - engine.poker_game - INFO -   conservative_bot folds
2026-02-04 17:44:05,541 - engine.poker_game - INFO - Community Cards: []
2026-02-04 17:44:05,541 - engine.poker_game - INFO - Pot: 40
2026-02-04 17:44:05,542 - engine.poker_game - INFO - --------------------
2026-02-04 17:44:05,542 - engine.poker_game - INFO - aggressive_bot wins 10 from side/main pot
2026-02-04 17:44:05,542 - engine.poker_game - WARNING - Pot logic residual: 30
2026-02-04 17:44:05,542 - tournament_runner - INFO - Hand #104 complete on table 1
2026-02-04 17:44:05,542 - tournament_runner - INFO - Starting hand #105 on table 1
2026-02-04 17:44:05,542 - engine.poker_game - INFO - conservative_bot posts small blind: 10
2026-02-04 17:44:05,542 - engine.poker_game - INFO - aggressive_bot posts big blind: 20
2026-02-04 17:44:05,542 - engine.poker_game - INFO - 
==============================
--- NEW HAND ---
2026-02-04 17:44:05,542 - engine.poker_game - INFO - Dealer: conservative_bot
2026-02-04 17:44:05,542 - engine.poker_game - INFO - aggressive_bot has PlayerHand(cards=[Q♦, Q♠]) (chips: 2051)
2026-02-04 17:44:05,542 - engine.poker_game - INFO - conservative_bot has PlayerHand(cards=[Q♣, 10♣]) (chips: 509)
2026-02-04 17:44:05,543 - engine.poker_game - INFO - 
--- PRE-FLOP BETTING ---
2026-02-04 17:44:05,543 - engine.poker_game - INFO -   conservative_bot folds
2026-02-04 17:44:05,543 - engine.poker_game - INFO - Community Cards: []
2026-02-04 17:44:05,543 - engine.poker_game - INFO - Pot: 30
2026-02-04 17:44:05,543 - engine.poker_game - INFO - --------------------
2026-02-04 17:44:05,543 - tournament_runner - INFO - Hand #105 complete on table 1
2026-02-04 17:44:05,543 - tournament_runner - INFO - Starting hand #106 on table 1
2026-02-04 17:44:05,543 - engine.poker_game - INFO - aggressive_bot posts small blind: 10
2026-02-04 17:44:05,543 - engine.poker_game - INFO - conservative_bot posts big blind: 20
2026-02-04 17:44:05,544 - engine.poker_game - INFO - 
==============================
--- NEW HAND ---
2026-02-04 17:44:05,544 - engine.poker_game - INFO - Dealer: aggressive_bot
2026-02-04 17:44:05,544 - engine.poker_game - INFO - aggressive_bot has PlayerHand(cards=[8♥, Q♥]) (chips: 2041)
2026-02-04 17:44:05,544 - engine.poker_game - INFO - conservative_bot has PlayerHand(cards=[A♥, 6♣]) (chips: 489)
2026-02-04 17:44:05,544 - engine.poker_game - INFO - 
--- PRE-FLOP BETTING ---
2026-02-04 17:44:05,544 - engine.poker_game - INFO -   aggressive_bot raises to 80
2026-02-04 17:44:05,544 - engine.poker_game - INFO -   conservative_bot folds
2026-02-04 17:44:05,545 - engine.poker_game - INFO - Community Cards: []
2026-02-04 17:44:05,545 - engine.poker_game - INFO - Pot: 100
2026-02-04 17:44:05,545 - engine.poker_game - INFO - --------------------
2026-02-04 17:44:05,545 - engine.poker_game - INFO - aggressive_bot wins 70 from side/main pot
2026-02-04 17:44:05,545 - engine.poker_game - WARNING - Pot logic residual: 30
2026-02-04 17:44:05,545 - tournament_runner - INFO - Hand #106 complete on table 1
2026-02-04 17:44:05,545 - tournament_runner - INFO - Starting hand #107 on table 1
2026-02-04 17:44:05,546 - engine.poker_game - INFO - conservative_bot posts small blind: 10
2026-02-04 17:44:05,546 - engine.poker_game - INFO - aggressive_bot posts big blind: 20
2026-02-04 17:44:05,546 - engine.poker_game - INFO - 
==============================
--- NEW HAND ---
2026-02-04 17:44:05,546 - engine.poker_game - INFO - Dealer: conservative_bot
2026-02-04 17:44:05,546 - engine.poker_game - INFO - aggressive_bot has PlayerHand(cards=[2♥, 10♣]) (chips: 2051)
2026-02-04 17:44:05,546 - engine.poker_game - INFO - conservative_bot has PlayerHand(cards=[7♥, 9♦]) (chips: 479)
2026-02-04 17:44:05,546 - engine.poker_game - INFO - 
--- PRE-FLOP BETTING ---
2026-02-04 17:44:05,546 - engine.poker_game - INFO -   conservative_bot folds
2026-02-04 17:44:05,546 - engine.poker_game - INFO - Community Cards: []
2026-02-04 17:44:05,546 - engine.poker_game - INFO - Pot: 30
2026-02-04 17:44:05,546 - engine.poker_game - INFO - --------------------
2026-02-04 17:44:05,546 - tournament_runner - INFO - Hand #107 complete on table 1
2026-02-04 17:44:05,547 - tournament_runner - INFO - Starting hand #108 on table 1
2026-02-04 17:44:05,547 - engine.poker_game - INFO - aggressive_bot posts small blind: 10
2026-02-04 17:44:05,547 - engine.poker_game - INFO - conservative_bot posts big blind: 20
2026-02-04 17:44:05,547 - engine.poker_game - INFO - 
==============================
--- NEW HAND ---
2026-02-04 17:44:05,547 - engine.poker_game - INFO - Dealer: aggressive_bot
2026-02-04 17:44:05,547 - engine.poker_game - INFO - aggressive_bot has PlayerHand(cards=[8♣, K♠]) (chips: 2041)
2026-02-04 17:44:05,547 - engine.poker_game - INFO - conservative_bot has PlayerHand(cards=[6♥, 2♠]) (chips: 459)
2026-02-04 17:44:05,547 - engine.poker_game - INFO - 
--- PRE-FLOP BETTING ---
2026-02-04 17:44:05,548 - engine.poker_game - INFO -   aggressive_bot raises to 60
2026-02-04 17:44:05,548 - engine.poker_game - INFO -   conservative_bot folds
2026-02-04 17:44:05,548 - engine.poker_game - INFO - Community Cards: []
2026-02-04 17:44:05,548 - engine.poker_game - INFO - Pot: 80
2026-02-04 17:44:05,548 - engine.poker_game - INFO - --------------------
2026-02-04 17:44:05,548 - engine.poker_game - INFO - aggressive_bot wins 50 from side/main pot
2026-02-04 17:44:05,548 - engine.poker_game - WARNING - Pot logic residual: 30
2026-02-04 17:44:05,548 - tournament_runner - INFO - Hand #108 complete on table 1
2026-02-04 17:44:05,549 - tournament_runner - INFO - Starting hand #109 on table 1
2026-02-04 17:44:05,549 - engine.poker_game - INFO - conservative_bot posts small blind: 10
2026-02-04 17:44:05,549 - engine.poker_game - INFO - aggressive_bot posts big blind: 20
2026-02-04 17:44:05,549 - engine.poker_game - INFO - 
==============================
--- NEW HAND ---
2026-02-04 17:44:05,549 - engine.poker_game - INFO - Dealer: conservative_bot
2026-02-04 17:44:05,549 - engine.poker_game - INFO - aggressive_bot has PlayerHand(cards=[5♠, 2♦]) (chips: 2051)
2026-02-04 17:44:05,549 - engine.poker_game - INFO - conservative_bot has PlayerHand(cards=[8♣, Q♠]) (chips: 449)
2026-02-04 17:44:05,549 - engine.poker_game - INFO - 
--- PRE-FLOP BETTING ---
2026-02-04 17:44:05,550 - engine.poker_game - INFO -   conservative_bot folds
2026-02-04 17:44:05,550 - engine.poker_game - INFO - Community Cards: []
2026-02-04 17:44:05,550 - engine.poker_game - INFO - Pot: 30
2026-02-04 17:44:05,550 - engine.poker_game - INFO - --------------------
2026-02-04 17:44:05,550 - tournament_runner - INFO - Hand #109 complete on table 1
2026-02-04 17:44:05,550 - tournament_runner - INFO - Starting hand #110 on table 1
2026-02-04 17:44:05,551 - engine.poker_game - INFO - aggressive_bot posts small blind: 10
2026-02-04 17:44:05,551 - engine.poker_game - INFO - conservative_bot posts big blind: 20
2026-02-04 17:44:05,551 - engine.poker_game - INFO - 
==============================
--- NEW HAND ---
2026-02-04 17:44:05,551 - engine.poker_game - INFO - Dealer: aggressive_bot
2026-02-04 17:44:05,551 - engine.poker_game - INFO - aggressive_bot has PlayerHand(cards=[10♥, 8♠]) (chips: 2041)
2026-02-04 17:44:05,551 - engine.poker_game - INFO - conservative_bot has PlayerHand(cards=[Q♥, 4♠]) (chips: 429)
2026-02-04 17:44:05,551 - engine.poker_game - INFO - 
--- PRE-FLOP BETTING ---
2026-02-04 17:44:05,551 - engine.poker_game - INFO -   aggressive_bot folds
2026-02-04 17:44:05,551 - engine.poker_game - INFO - Community Cards: []
2026-02-04 17:44:05,551 - engine.poker_game - INFO - Pot: 30
2026-02-04 17:44:05,552 - engine.poker_game - INFO - --------------------
2026-02-04 17:44:05,552 - tournament_runner - INFO - Hand #110 complete on table 1
2026-02-04 17:44:05,552 - tournament_runner - INFO - Starting hand #111 on table 1
2026-02-04 17:44:05,552 - engine.poker_game - INFO - conservative_bot posts small blind: 10
2026-02-04 17:44:05,552 - engine.poker_game - INFO - aggressive_bot posts big blind: 20
2026-02-04 17:44:05,552 - engine.poker_game - INFO - 
==============================
--- NEW HAND ---
2026-02-04 17:44:05,553 - engine.poker_game - INFO - Dealer: conservative_bot
2026-02-04 17:44:05,553 - engine.poker_game - INFO - aggressive_bot has PlayerHand(cards=[A♠, K♣]) (chips: 2021)
2026-02-04 17:44:05,553 - engine.poker_game - INFO - conservative_bot has PlayerHand(cards=[7♠, 10♥]) (chips: 419)
2026-02-04 17:44:05,553 - engine.poker_game - INFO - 
--- PRE-FLOP BETTING ---
2026-02-04 17:44:05,553 - engine.poker_game - INFO -   conservative_bot folds
2026-02-04 17:44:05,553 - engine.poker_game - INFO - Community Cards: []
2026-02-04 17:44:05,554 - engine.poker_game - INFO - Pot: 30
2026-02-04 17:44:05,554 - engine.poker_game - INFO - --------------------
2026-02-04 17:44:05,554 - tournament_runner - INFO - Hand #111 complete on table 1
2026-02-04 17:44:05,554 - tournament_runner - INFO - Starting hand #112 on table 1
2026-02-04 17:44:05,554 - engine.poker_game - INFO - aggressive_bot posts small blind: 10
2026-02-04 17:44:05,554 - engine.poker_game - INFO - conservative_bot posts big blind: 20
2026-02-04 17:44:05,554 - engine.poker_game - INFO - 
==============================
--- NEW HAND ---
2026-02-04 17:44:05,555 - engine.poker_game - INFO - Dealer: aggressive_bot
2026-02-04 17:44:05,555 - engine.poker_game - INFO - aggressive_bot has PlayerHand(cards=[3♦, K♥]) (chips: 2011)
2026-02-04 17:44:05,555 - engine.poker_game - INFO - conservative_bot has PlayerHand(cards=[6♠, 5♦]) (chips: 399)
2026-02-04 17:44:05,555 - engine.poker_game - INFO - 
--- PRE-FLOP BETTING ---
2026-02-04 17:44:05,555 - engine.poker_game - INFO -   aggressive_bot raises to 60
2026-02-04 17:44:05,556 - engine.poker_game - INFO -   conservative_bot folds
2026-02-04 17:44:05,556 - engine.poker_game - INFO - Community Cards: []
2026-02-04 17:44:05,556 - engine.poker_game - INFO - Pot: 80
2026-02-04 17:44:05,556 - engine.poker_game - INFO - --------------------
2026-02-04 17:44:05,556 - engine.poker_game - INFO - aggressive_bot wins 50 from side/main pot
2026-02-04 17:44:05,556 - engine.poker_game - WARNING - Pot logic residual: 30
2026-02-04 17:44:05,556 - tournament_runner - INFO - Hand #112 complete on table 1
2026-02-04 17:44:05,557 - tournament_runner - INFO - Starting hand #113 on table 1
2026-02-04 17:44:05,557 - engine.poker_game - INFO - conservative_bot posts small blind: 10
2026-02-04 17:44:05,557 - engine.poker_game - INFO - aggressive_bot posts big blind: 20
2026-02-04 17:44:05,557 - engine.poker_game - INFO - 
==============================
--- NEW HAND ---
2026-02-04 17:44:05,557 - engine.poker_game - INFO - Dealer: conservative_bot
2026-02-04 17:44:05,558 - engine.poker_game - INFO - aggressive_bot has PlayerHand(cards=[10♠, A♥]) (chips: 2021)
2026-02-04 17:44:05,558 - engine.poker_game - INFO - conservative_bot has PlayerHand(cards=[8♥, 10♥]) (chips: 389)
2026-02-04 17:44:05,558 - engine.poker_game - INFO - 
--- PRE-FLOP BETTING ---
2026-02-04 17:44:05,558 - engine.poker_game - INFO -   conservative_bot folds
2026-02-04 17:44:05,558 - engine.poker_game - INFO - Community Cards: []
2026-02-04 17:44:05,558 - engine.poker_game - INFO - Pot: 30
2026-02-04 17:44:05,558 - engine.poker_game - INFO - --------------------
2026-02-04 17:44:05,558 - tournament_runner - INFO - Hand #113 complete on table 1
2026-02-04 17:44:05,559 - tournament_runner - INFO - Starting hand #114 on table 1
2026-02-04 17:44:05,559 - engine.poker_game - INFO - aggressive_bot posts small blind: 10
2026-02-04 17:44:05,559 - engine.poker_game - INFO - conservative_bot posts big blind: 20
2026-02-04 17:44:05,559 - engine.poker_game - INFO - 
==============================
--- NEW HAND ---
2026-02-04 17:44:05,559 - engine.poker_game - INFO - Dealer: aggressive_bot
2026-02-04 17:44:05,559 - engine.poker_game - INFO - aggressive_bot has PlayerHand(cards=[4♦, 10♣]) (chips: 2011)
2026-02-04 17:44:05,559 - engine.poker_game - INFO - conservative_bot has PlayerHand(cards=[3♠, 2♠]) (chips: 369)
2026-02-04 17:44:05,559 - engine.poker_game - INFO - 
--- PRE-FLOP BETTING ---
2026-02-04 17:44:05,560 - engine.poker_game - INFO -   aggressive_bot calls 10
2026-02-04 17:44:05,560 - engine.poker_game - INFO -   conservative_bot folds
2026-02-04 17:44:05,560 - engine.poker_game - INFO - Community Cards: []
2026-02-04 17:44:05,560 - engine.poker_game - INFO - Pot: 40
2026-02-04 17:44:05,560 - engine.poker_game - INFO - --------------------
2026-02-04 17:44:05,560 - engine.poker_game - INFO - aggressive_bot wins 10 from side/main pot
2026-02-04 17:44:05,561 - engine.poker_game - WARNING - Pot logic residual: 30
2026-02-04 17:44:05,561 - tournament_runner - INFO - Hand #114 complete on table 1
2026-02-04 17:44:05,561 - tournament_runner - INFO - Starting hand #115 on table 1
2026-02-04 17:44:05,561 - engine.poker_game - INFO - conservative_bot posts small blind: 10
2026-02-04 17:44:05,561 - engine.poker_game - INFO - aggressive_bot posts big blind: 20
2026-02-04 17:44:05,561 - engine.poker_game - INFO - 
==============================
--- NEW HAND ---
2026-02-04 17:44:05,562 - engine.poker_game - INFO - Dealer: conservative_bot
2026-02-04 17:44:05,562 - engine.poker_game - INFO - aggressive_bot has PlayerHand(cards=[10♠, 7♣]) (chips: 2021)
2026-02-04 17:44:05,562 - engine.poker_game - INFO - conservative_bot has PlayerHand(cards=[3♣, A♣]) (chips: 359)
2026-02-04 17:44:05,562 - engine.poker_game - INFO - 
--- PRE-FLOP BETTING ---
2026-02-04 17:44:05,562 - engine.poker_game - INFO -   conservative_bot folds
2026-02-04 17:44:05,562 - engine.poker_game - INFO - Community Cards: []
2026-02-04 17:44:05,562 - engine.poker_game - INFO - Pot: 30
2026-02-04 17:44:05,563 - engine.poker_game - INFO - --------------------
2026-02-04 17:44:05,563 - tournament_runner - INFO - Hand #115 complete on table 1
2026-02-04 17:44:05,563 - tournament_runner - INFO - Starting hand #116 on table 1
2026-02-04 17:44:05,563 - engine.poker_game - INFO - aggressive_bot posts small blind: 10
2026-02-04 17:44:05,563 - engine.poker_game - INFO - conservative_bot posts big blind: 20
2026-02-04 17:44:05,563 - engine.poker_game - INFO - 
==============================
--- NEW HAND ---
2026-02-04 17:44:05,564 - engine.poker_game - INFO - Dealer: aggressive_bot
2026-02-04 17:44:05,564 - engine.poker_game - INFO - aggressive_bot has PlayerHand(cards=[K♣, Q♦]) (chips: 2011)
2026-02-04 17:44:05,564 - engine.poker_game - INFO - conservative_bot has PlayerHand(cards=[A♠, 7♥]) (chips: 339)
2026-02-04 17:44:05,564 - engine.poker_game - INFO - 
--- PRE-FLOP BETTING ---
2026-02-04 17:44:05,564 - engine.poker_game - INFO -   aggressive_bot folds
2026-02-04 17:44:05,564 - engine.poker_game - INFO - Community Cards: []
2026-02-04 17:44:05,564 - engine.poker_game - INFO - Pot: 30
2026-02-04 17:44:05,565 - engine.poker_game - INFO - --------------------
2026-02-04 17:44:05,565 - tournament_runner - INFO - Hand #116 complete on table 1
2026-02-04 17:44:05,565 - tournament_runner - INFO - Starting hand #117 on table 1
2026-02-04 17:44:05,565 - engine.poker_game - INFO - conservative_bot posts small blind: 10
2026-02-04 17:44:05,565 - engine.poker_game - INFO - aggressive_bot posts big blind: 20
2026-02-04 17:44:05,565 - engine.poker_game - INFO - 
==============================
--- NEW HAND ---
2026-02-04 17:44:05,566 - engine.poker_game - INFO - Dealer: conservative_bot
2026-02-04 17:44:05,566 - engine.poker_game - INFO - aggressive_bot has PlayerHand(cards=[A♠, 9♥]) (chips: 1991)
2026-02-04 17:44:05,566 - engine.poker_game - INFO - conservative_bot has PlayerHand(cards=[2♥, A♥]) (chips: 329)
2026-02-04 17:44:05,566 - engine.poker_game - INFO - 
--- PRE-FLOP BETTING ---
2026-02-04 17:44:05,566 - engine.poker_game - INFO -   conservative_bot folds
2026-02-04 17:44:05,566 - engine.poker_game - INFO - Community Cards: []
2026-02-04 17:44:05,567 - engine.poker_game - INFO - Pot: 30
2026-02-04 17:44:05,567 - engine.poker_game - INFO - --------------------
2026-02-04 17:44:05,567 - tournament_runner - INFO - Hand #117 complete on table 1
2026-02-04 17:44:05,567 - tournament_runner - INFO - Starting hand #118 on table 1
2026-02-04 17:44:05,567 - engine.poker_game - INFO - aggressive_bot posts small blind: 10
2026-02-04 17:44:05,567 - engine.poker_game - INFO - conservative_bot posts big blind: 20
2026-02-04 17:44:05,568 - engine.poker_game - INFO - 
==============================
--- NEW HAND ---
2026-02-04 17:44:05,568 - engine.poker_game - INFO - Dealer: aggressive_bot
2026-02-04 17:44:05,568 - engine.poker_game - INFO - aggressive_bot has PlayerHand(cards=[K♠, 5♣]) (chips: 1981)
2026-02-04 17:44:05,568 - engine.poker_game - INFO - conservative_bot has PlayerHand(cards=[2♦, 7♠]) (chips: 309)
2026-02-04 17:44:05,568 - engine.poker_game - INFO - 
--- PRE-FLOP BETTING ---
2026-02-04 17:44:05,568 - engine.poker_game - INFO -   aggressive_bot calls 10
2026-02-04 17:44:05,568 - engine.poker_game - INFO -   conservative_bot folds
2026-02-04 17:44:05,569 - engine.poker_game - INFO - Community Cards: []
2026-02-04 17:44:05,569 - engine.poker_game - INFO - Pot: 40
2026-02-04 17:44:05,569 - engine.poker_game - INFO - --------------------
2026-02-04 17:44:05,569 - engine.poker_game - INFO - aggressive_bot wins 10 from side/main pot
2026-02-04 17:44:05,569 - engine.poker_game - WARNING - Pot logic residual: 30
2026-02-04 17:44:05,569 - tournament_runner - INFO - Hand #118 complete on table 1
2026-02-04 17:44:05,569 - tournament_runner - INFO - Starting hand #119 on table 1
2026-02-04 17:44:05,569 - engine.poker_game - INFO - conservative_bot posts small blind: 10
2026-02-04 17:44:05,570 - engine.poker_game - INFO - aggressive_bot posts big blind: 20
2026-02-04 17:44:05,570 - engine.poker_game - INFO - 
==============================
--- NEW HAND ---
2026-02-04 17:44:05,570 - engine.poker_game - INFO - Dealer: conservative_bot
2026-02-04 17:44:05,570 - engine.poker_game - INFO - aggressive_bot has PlayerHand(cards=[4♠, J♠]) (chips: 1991)
2026-02-04 17:44:05,570 - engine.poker_game - INFO - conservative_bot has PlayerHand(cards=[Q♠, 10♣]) (chips: 299)
2026-02-04 17:44:05,570 - engine.poker_game - INFO - 
--- PRE-FLOP BETTING ---
2026-02-04 17:44:05,571 - engine.poker_game - INFO -   conservative_bot folds
2026-02-04 17:44:05,571 - engine.poker_game - INFO - Community Cards: []
2026-02-04 17:44:05,571 - engine.poker_game - INFO - Pot: 30
2026-02-04 17:44:05,571 - engine.poker_game - INFO - --------------------
2026-02-04 17:44:05,571 - tournament_runner - INFO - Hand #119 complete on table 1
2026-02-04 17:44:05,571 - tournament_runner - INFO - Starting hand #120 on table 1
2026-02-04 17:44:05,572 - engine.poker_game - INFO - aggressive_bot posts small blind: 10
2026-02-04 17:44:05,572 - engine.poker_game - INFO - conservative_bot posts big blind: 20
2026-02-04 17:44:05,572 - engine.poker_game - INFO - 
==============================
--- NEW HAND ---
2026-02-04 17:44:05,572 - engine.poker_game - INFO - Dealer: aggressive_bot
2026-02-04 17:44:05,572 - engine.poker_game - INFO - aggressive_bot has PlayerHand(cards=[4♣, A♦]) (chips: 1981)
2026-02-04 17:44:05,572 - engine.poker_game - INFO - conservative_bot has PlayerHand(cards=[J♥, 6♦]) (chips: 279)
2026-02-04 17:44:05,572 - engine.poker_game - INFO - 
--- PRE-FLOP BETTING ---
2026-02-04 17:44:05,572 - engine.poker_game - INFO -   aggressive_bot raises to 80
2026-02-04 17:44:05,573 - engine.poker_game - INFO -   conservative_bot folds
2026-02-04 17:44:05,573 - engine.poker_game - INFO - Community Cards: []
2026-02-04 17:44:05,573 - engine.poker_game - INFO - Pot: 100
2026-02-04 17:44:05,573 - engine.poker_game - INFO - --------------------
2026-02-04 17:44:05,573 - engine.poker_game - INFO - aggressive_bot wins 70 from side/main pot
2026-02-04 17:44:05,573 - engine.poker_game - WARNING - Pot logic residual: 30
2026-02-04 17:44:05,573 - tournament_runner - INFO - Hand #120 complete on table 1
2026-02-04 17:44:05,574 - tournament_runner - INFO - Starting hand #121 on table 1
2026-02-04 17:44:05,574 - engine.poker_game - INFO - conservative_bot posts small blind: 10
2026-02-04 17:44:05,574 - engine.poker_game - INFO - aggressive_bot posts big blind: 20
2026-02-04 17:44:05,574 - engine.poker_game - INFO - 
==============================
--- NEW HAND ---
2026-02-04 17:44:05,574 - engine.poker_game - INFO - Dealer: conservative_bot
2026-02-04 17:44:05,574 - engine.poker_game - INFO - aggressive_bot has PlayerHand(cards=[9♦, 2♦]) (chips: 1991)
2026-02-04 17:44:05,574 - engine.poker_game - INFO - conservative_bot has PlayerHand(cards=[2♣, J♠]) (chips: 269)
2026-02-04 17:44:05,575 - engine.poker_game - INFO - 
--- PRE-FLOP BETTING ---
2026-02-04 17:44:05,575 - engine.poker_game - INFO -   conservative_bot folds
2026-02-04 17:44:05,575 - engine.poker_game - INFO - Community Cards: []
2026-02-04 17:44:05,575 - engine.poker_game - INFO - Pot: 30
2026-02-04 17:44:05,575 - engine.poker_game - INFO - --------------------
2026-02-04 17:44:05,575 - tournament_runner - INFO - Hand #121 complete on table 1
2026-02-04 17:44:05,576 - tournament_runner - INFO - Starting hand #122 on table 1
2026-02-04 17:44:05,576 - engine.poker_game - INFO - aggressive_bot posts small blind: 10
2026-02-04 17:44:05,576 - engine.poker_game - INFO - conservative_bot posts big blind: 20
2026-02-04 17:44:05,576 - engine.poker_game - INFO - 
==============================
--- NEW HAND ---
2026-02-04 17:44:05,576 - engine.poker_game - INFO - Dealer: aggressive_bot
2026-02-04 17:44:05,577 - engine.poker_game - INFO - aggressive_bot has PlayerHand(cards=[Q♠, 9♦]) (chips: 1981)
2026-02-04 17:44:05,577 - engine.poker_game - INFO - conservative_bot has PlayerHand(cards=[A♥, 7♣]) (chips: 249)
2026-02-04 17:44:05,577 - engine.poker_game - INFO - 
--- PRE-FLOP BETTING ---
2026-02-04 17:44:05,577 - engine.poker_game - INFO -   aggressive_bot raises to 80
2026-02-04 17:44:05,577 - engine.poker_game - INFO -   conservative_bot folds
2026-02-04 17:44:05,577 - engine.poker_game - INFO - Community Cards: []
2026-02-04 17:44:05,577 - engine.poker_game - INFO - Pot: 100
2026-02-04 17:44:05,577 - engine.poker_game - INFO - --------------------
2026-02-04 17:44:05,577 - engine.poker_game - INFO - aggressive_bot wins 70 from side/main pot
2026-02-04 17:44:05,578 - engine.poker_game - WARNING - Pot logic residual: 30
2026-02-04 17:44:05,578 - tournament_runner - INFO - Hand #122 complete on table 1
2026-02-04 17:44:05,578 - tournament_runner - INFO - Starting hand #123 on table 1
2026-02-04 17:44:05,578 - engine.poker_game - INFO - conservative_bot posts small blind: 10
2026-02-04 17:44:05,578 - engine.poker_game - INFO - aggressive_bot posts big blind: 20
2026-02-04 17:44:05,578 - engine.poker_game - INFO - 
==============================
--- NEW HAND ---
2026-02-04 17:44:05,578 - engine.poker_game - INFO - Dealer: conservative_bot
2026-02-04 17:44:05,578 - engine.poker_game - INFO - aggressive_bot has PlayerHand(cards=[3♣, 9♣]) (chips: 1991)
2026-02-04 17:44:05,578 - engine.poker_game - INFO - conservative_bot has PlayerHand(cards=[4♥, J♣]) (chips: 239)
2026-02-04 17:44:05,578 - engine.poker_game - INFO - 
--- PRE-FLOP BETTING ---
2026-02-04 17:44:05,579 - engine.poker_game - INFO -   conservative_bot folds
2026-02-04 17:44:05,579 - engine.poker_game - INFO - Community Cards: []
2026-02-04 17:44:05,579 - engine.poker_game - INFO - Pot: 30
2026-02-04 17:44:05,579 - engine.poker_game - INFO - --------------------
2026-02-04 17:44:05,579 - tournament_runner - INFO - Hand #123 complete on table 1
2026-02-04 17:44:05,579 - tournament_runner - INFO - Starting hand #124 on table 1
2026-02-04 17:44:05,579 - engine.poker_game - INFO - aggressive_bot posts small blind: 10
2026-02-04 17:44:05,579 - engine.poker_game - INFO - conservative_bot posts big blind: 20
2026-02-04 17:44:05,579 - engine.poker_game - INFO - 
==============================
--- NEW HAND ---
2026-02-04 17:44:05,579 - engine.poker_game - INFO - Dealer: aggressive_bot
2026-02-04 17:44:05,580 - engine.poker_game - INFO - aggressive_bot has PlayerHand(cards=[5♣, Q♣]) (chips: 1981)
2026-02-04 17:44:05,580 - engine.poker_game - INFO - conservative_bot has PlayerHand(cards=[J♠, 9♣]) (chips: 219)
2026-02-04 17:44:05,580 - engine.poker_game - INFO - 
--- PRE-FLOP BETTING ---
2026-02-04 17:44:05,580 - engine.poker_game - INFO -   aggressive_bot calls 10
2026-02-04 17:44:05,580 - engine.poker_game - INFO -   conservative_bot folds
2026-02-04 17:44:05,580 - engine.poker_game - INFO - Community Cards: []
2026-02-04 17:44:05,580 - engine.poker_game - INFO - Pot: 40
2026-02-04 17:44:05,580 - engine.poker_game - INFO - --------------------
2026-02-04 17:44:05,580 - engine.poker_game - INFO - aggressive_bot wins 10 from side/main pot
2026-02-04 17:44:05,581 - engine.poker_game - WARNING - Pot logic residual: 30
2026-02-04 17:44:05,581 - tournament_runner - INFO - Hand #124 complete on table 1
2026-02-04 17:44:05,581 - tournament_runner - INFO - Starting hand #125 on table 1
2026-02-04 17:44:05,581 - engine.poker_game - INFO - conservative_bot posts small blind: 10
2026-02-04 17:44:05,581 - engine.poker_game - INFO - aggressive_bot posts big blind: 20
2026-02-04 17:44:05,581 - engine.poker_game - INFO - 
==============================
--- NEW HAND ---
2026-02-04 17:44:05,581 - engine.poker_game - INFO - Dealer: conservative_bot
2026-02-04 17:44:05,581 - engine.poker_game - INFO - aggressive_bot has PlayerHand(cards=[8♠, J♣]) (chips: 1991)
2026-02-04 17:44:05,581 - engine.poker_game - INFO - conservative_bot has PlayerHand(cards=[6♦, J♦]) (chips: 209)
2026-02-04 17:44:05,582 - engine.poker_game - INFO - 
--- PRE-FLOP BETTING ---
2026-02-04 17:44:05,582 - engine.poker_game - INFO -   conservative_bot folds
2026-02-04 17:44:05,582 - engine.poker_game - INFO - Community Cards: []
2026-02-04 17:44:05,582 - engine.poker_game - INFO - Pot: 30
2026-02-04 17:44:05,582 - engine.poker_game - INFO - --------------------
2026-02-04 17:44:05,582 - tournament_runner - INFO - Hand #125 complete on table 1
2026-02-04 17:44:05,582 - tournament_runner - INFO - Starting hand #126 on table 1
2026-02-04 17:44:05,582 - engine.poker_game - INFO - aggressive_bot posts small blind: 10
2026-02-04 17:44:05,583 - engine.poker_game - INFO - conservative_bot posts big blind: 20
2026-02-04 17:44:05,583 - engine.poker_game - INFO - 
==============================
--- NEW HAND ---
2026-02-04 17:44:05,583 - engine.poker_game - INFO - Dealer: aggressive_bot
2026-02-04 17:44:05,583 - engine.poker_game - INFO - aggressive_bot has PlayerHand(cards=[7♠, 10♣]) (chips: 1981)
2026-02-04 17:44:05,583 - engine.poker_game - INFO - conservative_bot has PlayerHand(cards=[10♠, J♦]) (chips: 189)
2026-02-04 17:44:05,583 - engine.poker_game - INFO - 
--- PRE-FLOP BETTING ---
2026-02-04 17:44:05,583 - engine.poker_game - INFO -   aggressive_bot calls 10
2026-02-04 17:44:05,583 - engine.poker_game - INFO -   conservative_bot folds
2026-02-04 17:44:05,583 - engine.poker_game - INFO - Community Cards: []
2026-02-04 17:44:05,583 - engine.poker_game - INFO - Pot: 40
2026-02-04 17:44:05,583 - engine.poker_game - INFO - --------------------
2026-02-04 17:44:05,584 - engine.poker_game - INFO - aggressive_bot wins 10 from side/main pot
2026-02-04 17:44:05,584 - engine.poker_game - WARNING - Pot logic residual: 30
2026-02-04 17:44:05,584 - tournament_runner - INFO - Hand #126 complete on table 1
2026-02-04 17:44:05,584 - tournament_runner - INFO - Starting hand #127 on table 1
2026-02-04 17:44:05,584 - engine.poker_game - INFO - conservative_bot posts small blind: 10
2026-02-04 17:44:05,584 - engine.poker_game - INFO - aggressive_bot posts big blind: 20
2026-02-04 17:44:05,584 - engine.poker_game - INFO - 
==============================
--- NEW HAND ---
2026-02-04 17:44:05,584 - engine.poker_game - INFO - Dealer: conservative_bot
2026-02-04 17:44:05,585 - engine.poker_game - INFO - aggressive_bot has PlayerHand(cards=[3♣, 10♥]) (chips: 1991)
2026-02-04 17:44:05,585 - engine.poker_game - INFO - conservative_bot has PlayerHand(cards=[6♦, 3♦]) (chips: 179)
2026-02-04 17:44:05,585 - engine.poker_game - INFO - 
--- PRE-FLOP BETTING ---
2026-02-04 17:44:05,585 - engine.poker_game - INFO -   conservative_bot folds
2026-02-04 17:44:05,585 - engine.poker_game - INFO - Community Cards: []
2026-02-04 17:44:05,585 - engine.poker_game - INFO - Pot: 30
2026-02-04 17:44:05,585 - engine.poker_game - INFO - --------------------
2026-02-04 17:44:05,585 - tournament_runner - INFO - Hand #127 complete on table 1
2026-02-04 17:44:05,585 - tournament_runner - INFO - Starting hand #128 on table 1
2026-02-04 17:44:05,585 - engine.poker_game - INFO - aggressive_bot posts small blind: 10
2026-02-04 17:44:05,586 - engine.poker_game - INFO - conservative_bot posts big blind: 20
2026-02-04 17:44:05,586 - engine.poker_game - INFO - 
==============================
--- NEW HAND ---
2026-02-04 17:44:05,586 - engine.poker_game - INFO - Dealer: aggressive_bot
2026-02-04 17:44:05,586 - engine.poker_game - INFO - aggressive_bot has PlayerHand(cards=[4♥, J♠]) (chips: 1981)
2026-02-04 17:44:05,586 - engine.poker_game - INFO - conservative_bot has PlayerHand(cards=[7♥, Q♣]) (chips: 159)
2026-02-04 17:44:05,586 - engine.poker_game - INFO - 
--- PRE-FLOP BETTING ---
2026-02-04 17:44:05,586 - engine.poker_game - INFO -   aggressive_bot calls 10
2026-02-04 17:44:05,586 - engine.poker_game - INFO -   conservative_bot folds
2026-02-04 17:44:05,586 - engine.poker_game - INFO - Community Cards: []
2026-02-04 17:44:05,587 - engine.poker_game - INFO - Pot: 40
2026-02-04 17:44:05,587 - engine.poker_game - INFO - --------------------
2026-02-04 17:44:05,587 - engine.poker_game - INFO - aggressive_bot wins 10 from side/main pot
2026-02-04 17:44:05,587 - engine.poker_game - WARNING - Pot logic residual: 30
2026-02-04 17:44:05,587 - tournament_runner - INFO - Hand #128 complete on table 1
2026-02-04 17:44:05,587 - tournament_runner - INFO - Starting hand #129 on table 1
2026-02-04 17:44:05,587 - engine.poker_game - INFO - conservative_bot posts small blind: 10
2026-02-04 17:44:05,587 - engine.poker_game - INFO - aggressive_bot posts big blind: 20
2026-02-04 17:44:05,587 - engine.poker_game - INFO - 
==============================
--- NEW HAND ---
2026-02-04 17:44:05,587 - engine.poker_game - INFO - Dealer: conservative_bot
2026-02-04 17:44:05,588 - engine.poker_game - INFO - aggressive_bot has PlayerHand(cards=[K♦, A♣]) (chips: 1991)
2026-02-04 17:44:05,588 - engine.poker_game - INFO - conservative_bot has PlayerHand(cards=[3♣, K♣]) (chips: 149)
2026-02-04 17:44:05,588 - engine.poker_game - INFO - 
--- PRE-FLOP BETTING ---
2026-02-04 17:44:05,588 - engine.poker_game - INFO -   conservative_bot folds
2026-02-04 17:44:05,588 - engine.poker_game - INFO - Community Cards: []
2026-02-04 17:44:05,588 - engine.poker_game - INFO - Pot: 30
2026-02-04 17:44:05,588 - engine.poker_game - INFO - --------------------
2026-02-04 17:44:05,588 - tournament_runner - INFO - Hand #129 complete on table 1
2026-02-04 17:44:05,588 - tournament_runner - INFO - Starting hand #130 on table 1
2026-02-04 17:44:05,589 - engine.poker_game - INFO - aggressive_bot posts small blind: 10
2026-02-04 17:44:05,589 - engine.poker_game - INFO - conservative_bot posts big blind: 20
2026-02-04 17:44:05,589 - engine.poker_game - INFO - 
==============================
--- NEW HAND ---
2026-02-04 17:44:05,589 - engine.poker_game - INFO - Dealer: aggressive_bot
2026-02-04 17:44:05,589 - engine.poker_game - INFO - aggressive_bot has PlayerHand(cards=[3♦, 6♦]) (chips: 1981)
2026-02-04 17:44:05,589 - engine.poker_game - INFO - conservative_bot has PlayerHand(cards=[K♥, Q♥]) (chips: 129)
2026-02-04 17:44:05,589 - engine.poker_game - INFO - 
--- PRE-FLOP BETTING ---
2026-02-04 17:44:05,589 - engine.poker_game - INFO -   aggressive_bot calls 10
2026-02-04 17:44:05,589 - engine.poker_game - INFO -   conservative_bot raises to 40
2026-02-04 17:44:05,590 - engine.poker_game - INFO -   aggressive_bot folds
2026-02-04 17:44:05,590 - engine.poker_game - INFO - Community Cards: []
2026-02-04 17:44:05,590 - engine.poker_game - INFO - Pot: 60
2026-02-04 17:44:05,590 - engine.poker_game - INFO - --------------------
2026-02-04 17:44:05,590 - engine.poker_game - INFO - conservative_bot wins 20 from side/main pot
2026-02-04 17:44:05,590 - engine.poker_game - INFO - conservative_bot wins 10 from side/main pot
2026-02-04 17:44:05,590 - engine.poker_game - WARNING - Pot logic residual: 30
2026-02-04 17:44:05,590 - tournament_runner - INFO - Hand #130 complete on table 1
2026-02-04 17:44:05,591 - tournament_runner - INFO - Starting hand #131 on table 1
2026-02-04 17:44:05,591 - engine.poker_game - INFO - conservative_bot posts small blind: 10
2026-02-04 17:44:05,591 - engine.poker_game - INFO - aggressive_bot posts big blind: 20
2026-02-04 17:44:05,591 - engine.poker_game - INFO - 
==============================
--- NEW HAND ---
2026-02-04 17:44:05,591 - engine.poker_game - INFO - Dealer: conservative_bot
2026-02-04 17:44:05,591 - engine.poker_game - INFO - aggressive_bot has PlayerHand(cards=[3♠, 7♦]) (chips: 1951)
2026-02-04 17:44:05,591 - engine.poker_game - INFO - conservative_bot has PlayerHand(cards=[7♠, 5♥]) (chips: 159)
2026-02-04 17:44:05,591 - engine.poker_game - INFO - 
--- PRE-FLOP BETTING ---
2026-02-04 17:44:05,591 - engine.poker_game - INFO -   conservative_bot folds
2026-02-04 17:44:05,591 - engine.poker_game - INFO - Community Cards: []
2026-02-04 17:44:05,592 - engine.poker_game - INFO - Pot: 30
2026-02-04 17:44:05,592 - engine.poker_game - INFO - --------------------
2026-02-04 17:44:05,592 - tournament_runner - INFO - Hand #131 complete on table 1
2026-02-04 17:44:05,592 - tournament_runner - INFO - Starting hand #132 on table 1
2026-02-04 17:44:05,592 - engine.poker_game - INFO - aggressive_bot posts small blind: 10
2026-02-04 17:44:05,592 - engine.poker_game - INFO - conservative_bot posts big blind: 20
2026-02-04 17:44:05,592 - engine.poker_game - INFO - 
==============================
--- NEW HAND ---
2026-02-04 17:44:05,592 - engine.poker_game - INFO - Dealer: aggressive_bot
2026-02-04 17:44:05,592 - engine.poker_game - INFO - aggressive_bot has PlayerHand(cards=[Q♣, K♠]) (chips: 1941)
2026-02-04 17:44:05,593 - engine.poker_game - INFO - conservative_bot has PlayerHand(cards=[8♥, J♣]) (chips: 139)
2026-02-04 17:44:05,593 - engine.poker_game - INFO - 
--- PRE-FLOP BETTING ---
2026-02-04 17:44:05,593 - engine.poker_game - INFO -   aggressive_bot folds
2026-02-04 17:44:05,593 - engine.poker_game - INFO - Community Cards: []
2026-02-04 17:44:05,593 - engine.poker_game - INFO - Pot: 30
2026-02-04 17:44:05,593 - engine.poker_game - INFO - --------------------
2026-02-04 17:44:05,593 - tournament_runner - INFO - Hand #132 complete on table 1
2026-02-04 17:44:05,593 - tournament_runner - INFO - Starting hand #133 on table 1
2026-02-04 17:44:05,594 - engine.poker_game - INFO - conservative_bot posts small blind: 10
2026-02-04 17:44:05,594 - engine.poker_game - INFO - aggressive_bot posts big blind: 20
2026-02-04 17:44:05,594 - engine.poker_game - INFO - 
==============================
--- NEW HAND ---
2026-02-04 17:44:05,594 - engine.poker_game - INFO - Dealer: conservative_bot
2026-02-04 17:44:05,594 - engine.poker_game - INFO - aggressive_bot has PlayerHand(cards=[5♠, 5♦]) (chips: 1921)
2026-02-04 17:44:05,594 - engine.poker_game - INFO - conservative_bot has PlayerHand(cards=[K♠, A♠]) (chips: 129)
2026-02-04 17:44:05,594 - engine.poker_game - INFO - 
--- PRE-FLOP BETTING ---
2026-02-04 17:44:05,594 - engine.poker_game - INFO -   conservative_bot raises to 40
2026-02-04 17:44:05,594 - engine.poker_game - INFO -   aggressive_bot raises to 80
2026-02-04 17:44:05,594 - engine.poker_game - INFO -   conservative_bot raises to 120
2026-02-04 17:44:05,595 - engine.poker_game - INFO -   aggressive_bot folds
2026-02-04 17:44:05,595 - engine.poker_game - INFO - Community Cards: []
2026-02-04 17:44:05,595 - engine.poker_game - INFO - Pot: 200
2026-02-04 17:44:05,595 - engine.poker_game - INFO - --------------------
2026-02-04 17:44:05,595 - engine.poker_game - INFO - conservative_bot wins 120 from side/main pot
2026-02-04 17:44:05,595 - engine.poker_game - INFO - conservative_bot wins 50 from side/main pot
2026-02-04 17:44:05,595 - engine.poker_game - WARNING - Pot logic residual: 30
2026-02-04 17:44:05,595 - tournament_runner - INFO - Hand #133 complete on table 1
2026-02-04 17:44:05,595 - tournament_runner - INFO - Starting hand #134 on table 1
2026-02-04 17:44:05,595 - engine.poker_game - INFO - aggressive_bot posts small blind: 10
2026-02-04 17:44:05,595 - engine.poker_game - INFO - conservative_bot posts big blind: 20
2026-02-04 17:44:05,596 - engine.poker_game - INFO - 
==============================
--- NEW HAND ---
2026-02-04 17:44:05,596 - engine.poker_game - INFO - Dealer: aggressive_bot
2026-02-04 17:44:05,596 - engine.poker_game - INFO - aggressive_bot has PlayerHand(cards=[4♣, 7♣]) (chips: 1851)
2026-02-04 17:44:05,596 - engine.poker_game - INFO - conservative_bot has PlayerHand(cards=[K♣, A♣]) (chips: 199)
2026-02-04 17:44:05,596 - engine.poker_game - INFO - 
--- PRE-FLOP BETTING ---
2026-02-04 17:44:05,596 - engine.poker_game - INFO -   aggressive_bot folds
2026-02-04 17:44:05,596 - engine.poker_game - INFO - Community Cards: []
2026-02-04 17:44:05,596 - engine.poker_game - INFO - Pot: 30
2026-02-04 17:44:05,596 - engine.poker_game - INFO - --------------------
2026-02-04 17:44:05,596 - tournament_runner - INFO - Hand #134 complete on table 1
2026-02-04 17:44:05,597 - tournament_runner - INFO - Starting hand #135 on table 1
2026-02-04 17:44:05,597 - engine.poker_game - INFO - conservative_bot posts small blind: 10
2026-02-04 17:44:05,597 - engine.poker_game - INFO - aggressive_bot posts big blind: 20
2026-02-04 17:44:05,597 - engine.poker_game - INFO - 
==============================
--- NEW HAND ---
2026-02-04 17:44:05,597 - engine.poker_game - INFO - Dealer: conservative_bot
2026-02-04 17:44:05,597 - engine.poker_game - INFO - aggressive_bot has PlayerHand(cards=[K♥, Q♦]) (chips: 1831)
2026-02-04 17:44:05,597 - engine.poker_game - INFO - conservative_bot has PlayerHand(cards=[8♠, 8♣]) (chips: 189)
2026-02-04 17:44:05,597 - engine.poker_game - INFO - 
--- PRE-FLOP BETTING ---
2026-02-04 17:44:05,597 - engine.poker_game - INFO -   conservative_bot folds
2026-02-04 17:44:05,597 - engine.poker_game - INFO - Community Cards: []
2026-02-04 17:44:05,598 - engine.poker_game - INFO - Pot: 30
2026-02-04 17:44:05,598 - engine.poker_game - INFO - --------------------
2026-02-04 17:44:05,598 - tournament_runner - INFO - Hand #135 complete on table 1
2026-02-04 17:44:05,598 - tournament_runner - INFO - Starting hand #136 on table 1
2026-02-04 17:44:05,598 - engine.poker_game - INFO - aggressive_bot posts small blind: 10
2026-02-04 17:44:05,598 - engine.poker_game - INFO - conservative_bot posts big blind: 20
2026-02-04 17:44:05,598 - engine.poker_game - INFO - 
==============================
--- NEW HAND ---
2026-02-04 17:44:05,598 - engine.poker_game - INFO - Dealer: aggressive_bot
2026-02-04 17:44:05,598 - engine.poker_game - INFO - aggressive_bot has PlayerHand(cards=[8♠, J♥]) (chips: 1821)
2026-02-04 17:44:05,598 - engine.poker_game - INFO - conservative_bot has PlayerHand(cards=[6♣, 3♥]) (chips: 169)
2026-02-04 17:44:05,598 - engine.poker_game - INFO - 
--- PRE-FLOP BETTING ---
2026-02-04 17:44:05,599 - engine.poker_game - INFO -   aggressive_bot calls 10
2026-02-04 17:44:05,599 - engine.poker_game - INFO -   conservative_bot folds
2026-02-04 17:44:05,599 - engine.poker_game - INFO - Community Cards: []
2026-02-04 17:44:05,599 - engine.poker_game - INFO - Pot: 40
2026-02-04 17:44:05,599 - engine.poker_game - INFO - --------------------
2026-02-04 17:44:05,599 - engine.poker_game - INFO - aggressive_bot wins 10 from side/main pot
2026-02-04 17:44:05,599 - engine.poker_game - WARNING - Pot logic residual: 30
2026-02-04 17:44:05,599 - tournament_runner - INFO - Hand #136 complete on table 1
2026-02-04 17:44:05,599 - tournament_runner - INFO - Starting hand #137 on table 1
2026-02-04 17:44:05,599 - engine.poker_game - INFO - conservative_bot posts small blind: 10
2026-02-04 17:44:05,600 - engine.poker_game - INFO - aggressive_bot posts big blind: 20
2026-02-04 17:44:05,600 - engine.poker_game - INFO - 
==============================
--- NEW HAND ---
2026-02-04 17:44:05,600 - engine.poker_game - INFO - Dealer: conservative_bot
2026-02-04 17:44:05,600 - engine.poker_game - INFO - aggressive_bot has PlayerHand(cards=[2♥, A♥]) (chips: 1831)
2026-02-04 17:44:05,600 - engine.poker_game - INFO - conservative_bot has PlayerHand(cards=[3♥, 6♥]) (chips: 159)
2026-02-04 17:44:05,600 - engine.poker_game - INFO - 
--- PRE-FLOP BETTING ---
2026-02-04 17:44:05,600 - engine.poker_game - INFO -   conservative_bot folds
2026-02-04 17:44:05,600 - engine.poker_game - INFO - Community Cards: []
2026-02-04 17:44:05,600 - engine.poker_game - INFO - Pot: 30
2026-02-04 17:44:05,600 - engine.poker_game - INFO - --------------------
2026-02-04 17:44:05,600 - tournament_runner - INFO - Hand #137 complete on table 1
2026-02-04 17:44:05,601 - tournament_runner - INFO - Starting hand #138 on table 1
2026-02-04 17:44:05,601 - engine.poker_game - INFO - aggressive_bot posts small blind: 10
2026-02-04 17:44:05,601 - engine.poker_game - INFO - conservative_bot posts big blind: 20
2026-02-04 17:44:05,601 - engine.poker_game - INFO - 
==============================
--- NEW HAND ---
2026-02-04 17:44:05,601 - engine.poker_game - INFO - Dealer: aggressive_bot
2026-02-04 17:44:05,601 - engine.poker_game - INFO - aggressive_bot has PlayerHand(cards=[K♠, 5♥]) (chips: 1821)
2026-02-04 17:44:05,601 - engine.poker_game - INFO - conservative_bot has PlayerHand(cards=[6♣, 2♦]) (chips: 139)
2026-02-04 17:44:05,601 - engine.poker_game - INFO - 
--- PRE-FLOP BETTING ---
2026-02-04 17:44:05,601 - engine.poker_game - INFO -   aggressive_bot raises to 80
2026-02-04 17:44:05,601 - engine.poker_game - INFO -   conservative_bot folds
2026-02-04 17:44:05,601 - engine.poker_game - INFO - Community Cards: []
2026-02-04 17:44:05,602 - engine.poker_game - INFO - Pot: 100
2026-02-04 17:44:05,602 - engine.poker_game - INFO - --------------------
2026-02-04 17:44:05,602 - engine.poker_game - INFO - aggressive_bot wins 70 from side/main pot
2026-02-04 17:44:05,602 - engine.poker_game - WARNING - Pot logic residual: 30
2026-02-04 17:44:05,602 - tournament_runner - INFO - Hand #138 complete on table 1
2026-02-04 17:44:05,602 - tournament_runner - INFO - Starting hand #139 on table 1
2026-02-04 17:44:05,602 - engine.poker_game - INFO - conservative_bot posts small blind: 10
2026-02-04 17:44:05,602 - engine.poker_game - INFO - aggressive_bot posts big blind: 20
2026-02-04 17:44:05,602 - engine.poker_game - INFO - 
==============================
--- NEW HAND ---
2026-02-04 17:44:05,602 - engine.poker_game - INFO - Dealer: conservative_bot
2026-02-04 17:44:05,602 - engine.poker_game - INFO - aggressive_bot has PlayerHand(cards=[7♠, J♥]) (chips: 1831)
2026-02-04 17:44:05,603 - engine.poker_game - INFO - conservative_bot has PlayerHand(cards=[9♥, J♣]) (chips: 129)
2026-02-04 17:44:05,603 - engine.poker_game - INFO - 
--- PRE-FLOP BETTING ---
2026-02-04 17:44:05,603 - engine.poker_game - INFO -   conservative_bot folds
2026-02-04 17:44:05,603 - engine.poker_game - INFO - Community Cards: []
2026-02-04 17:44:05,603 - engine.poker_game - INFO - Pot: 30
2026-02-04 17:44:05,603 - engine.poker_game - INFO - --------------------
2026-02-04 17:44:05,603 - tournament_runner - INFO - Hand #139 complete on table 1
2026-02-04 17:44:05,603 - tournament_runner - INFO - Starting hand #140 on table 1
2026-02-04 17:44:05,603 - engine.poker_game - INFO - aggressive_bot posts small blind: 10
2026-02-04 17:44:05,603 - engine.poker_game - INFO - conservative_bot posts big blind: 20
2026-02-04 17:44:05,603 - engine.poker_game - INFO - 
==============================
--- NEW HAND ---
2026-02-04 17:44:05,604 - engine.poker_game - INFO - Dealer: aggressive_bot
2026-02-04 17:44:05,604 - engine.poker_game - INFO - aggressive_bot has PlayerHand(cards=[A♦, Q♣]) (chips: 1821)
2026-02-04 17:44:05,604 - engine.poker_game - INFO - conservative_bot has PlayerHand(cards=[10♦, A♠]) (chips: 109)
2026-02-04 17:44:05,604 - engine.poker_game - INFO - 
--- PRE-FLOP BETTING ---
2026-02-04 17:44:05,604 - engine.poker_game - INFO -   aggressive_bot raises to 80
2026-02-04 17:44:05,604 - engine.poker_game - INFO -   conservative_bot folds
2026-02-04 17:44:05,604 - engine.poker_game - INFO - Community Cards: []
2026-02-04 17:44:05,604 - engine.poker_game - INFO - Pot: 100
2026-02-04 17:44:05,604 - engine.poker_game - INFO - --------------------
2026-02-04 17:44:05,604 - engine.poker_game - INFO - aggressive_bot wins 70 from side/main pot
2026-02-04 17:44:05,604 - engine.poker_game - WARNING - Pot logic residual: 30
2026-02-04 17:44:05,605 - tournament_runner - INFO - Hand #140 complete on table 1
2026-02-04 17:44:05,605 - tournament_runner - INFO - Starting hand #141 on table 1
2026-02-04 17:44:05,605 - engine.poker_game - INFO - conservative_bot posts small blind: 10
2026-02-04 17:44:05,605 - engine.poker_game - INFO - aggressive_bot posts big blind: 20
2026-02-04 17:44:05,605 - engine.poker_game - INFO - 
==============================
--- NEW HAND ---
2026-02-04 17:44:05,605 - engine.poker_game - INFO - Dealer: conservative_bot
2026-02-04 17:44:05,605 - engine.poker_game - INFO - aggressive_bot has PlayerHand(cards=[3♣, Q♦]) (chips: 1831)
2026-02-04 17:44:35,181 - engine.poker_game - INFO - conservative_bot has PlayerHand(cards=[2♥, Q♠]) (chips: 99)
2026-02-04 17:44:35,181 - engine.poker_game - INFO - 
--- PRE-FLOP BETTING ---
2026-02-04 17:44:35,181 - engine.poker_game - INFO -   conservative_bot folds
2026-02-04 17:44:35,181 - engine.poker_game - INFO - Community Cards: []
2026-02-04 17:44:35,182 - engine.poker_game - INFO - Pot: 30
2026-02-04 17:44:35,183 - engine.poker_game - INFO - --------------------
2026-02-04 17:44:35,184 - tournament_runner - INFO - Hand #141 complete on table 1
2026-02-04 17:44:35,184 - tournament_runner - INFO - Starting hand #142 on table 1
2026-02-04 17:44:35,185 - engine.poker_game - INFO - aggressive_bot posts small blind: 10
2026-02-04 17:44:35,187 - engine.poker_game - INFO - conservative_bot posts big blind: 20
2026-02-04 17:44:35,187 - engine.poker_game - INFO - 
==============================
--- NEW HAND ---
2026-02-04 17:44:35,188 - engine.poker_game - INFO - Dealer: aggressive_bot
2026-02-04 17:44:35,188 - engine.poker_game - INFO - aggressive_bot has PlayerHand(cards=[4♣, 2♦]) (chips: 1821)
2026-02-04 17:44:35,188 - engine.poker_game - INFO - conservative_bot has PlayerHand(cards=[J♣, 5♠]) (chips: 79)
2026-02-04 17:44:35,188 - engine.poker_game - INFO - 
--- PRE-FLOP BETTING ---
2026-02-04 17:44:35,188 - engine.poker_game - INFO -   aggressive_bot calls 10
2026-02-04 17:44:35,188 - engine.poker_game - INFO -   conservative_bot folds
2026-02-04 17:44:35,189 - engine.poker_game - INFO - Community Cards: []
2026-02-04 17:44:35,189 - engine.poker_game - INFO - Pot: 40
2026-02-04 17:44:35,190 - engine.poker_game - INFO - --------------------
2026-02-04 17:44:35,190 - engine.poker_game - INFO - aggressive_bot wins 10 from side/main pot
2026-02-04 17:44:35,191 - engine.poker_game - WARNING - Pot logic residual: 30
2026-02-04 17:44:35,191 - tournament_runner - INFO - Hand #142 complete on table 1
2026-02-04 17:44:35,191 - tournament_runner - INFO - Starting hand #143 on table 1
2026-02-04 17:44:35,192 - engine.poker_game - INFO - conservative_bot posts small blind: 10
2026-02-04 17:44:35,193 - engine.poker_game - INFO - aggressive_bot posts big blind: 20
2026-02-04 17:44:35,193 - engine.poker_game - INFO - 
==============================
--- NEW HAND ---
2026-02-04 17:44:35,193 - engine.poker_game - INFO - Dealer: conservative_bot
2026-02-04 17:44:35,194 - engine.poker_game - INFO - aggressive_bot has PlayerHand(cards=[8♦, Q♥]) (chips: 1831)
2026-02-04 17:44:35,194 - engine.poker_game - INFO - conservative_bot has PlayerHand(cards=[3♠, K♦]) (chips: 69)
2026-02-04 17:44:35,194 - engine.poker_game - INFO - 
--- PRE-FLOP BETTING ---
2026-02-04 17:44:35,194 - engine.poker_game - INFO -   conservative_bot folds
2026-02-04 17:44:35,200 - engine.poker_game - INFO - Community Cards: []
2026-02-04 17:44:35,200 - engine.poker_game - INFO - Pot: 30
2026-02-04 17:44:35,200 - engine.poker_game - INFO - --------------------
2026-02-04 17:44:35,201 - tournament_runner - INFO - Hand #143 complete on table 1
2026-02-04 17:44:35,201 - tournament_runner - INFO - Starting hand #144 on table 1
2026-02-04 17:44:35,201 - engine.poker_game - INFO - aggressive_bot posts small blind: 10
2026-02-04 17:44:35,203 - engine.poker_game - INFO - conservative_bot posts big blind: 20
2026-02-04 17:44:35,203 - engine.poker_game - INFO - 
==============================
--- NEW HAND ---
2026-02-04 17:44:35,203 - engine.poker_game - INFO - Dealer: aggressive_bot
2026-02-04 17:44:35,204 - engine.poker_game - INFO - aggressive_bot has PlayerHand(cards=[7♠, 10♦]) (chips: 1821)
2026-02-04 17:44:35,204 - engine.poker_game - INFO - conservative_bot has PlayerHand(cards=[2♥, 5♣]) (chips: 49)
2026-02-04 17:44:35,204 - engine.poker_game - INFO - 
--- PRE-FLOP BETTING ---
2026-02-04 17:44:35,205 - engine.poker_game - INFO -   aggressive_bot raises to 60
2026-02-04 17:44:35,206 - engine.poker_game - INFO -   conservative_bot folds
2026-02-04 17:44:35,206 - engine.poker_game - INFO - Community Cards: []
2026-02-04 17:44:35,208 - engine.poker_game - INFO - Pot: 80
2026-02-04 17:44:35,208 - engine.poker_game - INFO - --------------------
2026-02-04 17:44:35,209 - engine.poker_game - INFO - aggressive_bot wins 50 from side/main pot
2026-02-04 17:44:35,209 - engine.poker_game - WARNING - Pot logic residual: 30
2026-02-04 17:44:35,209 - tournament_runner - INFO - Hand #144 complete on table 1
2026-02-04 17:44:35,209 - tournament_runner - INFO - Starting hand #145 on table 1
2026-02-04 17:44:35,210 - engine.poker_game - INFO - conservative_bot posts small blind: 10
2026-02-04 17:44:35,210 - engine.poker_game - INFO - aggressive_bot posts big blind: 20
2026-02-04 17:44:35,210 - engine.poker_game - INFO - 
==============================
--- NEW HAND ---
2026-02-04 17:44:35,210 - engine.poker_game - INFO - Dealer: conservative_bot
2026-02-04 17:44:35,210 - engine.poker_game - INFO - aggressive_bot has PlayerHand(cards=[Q♠, 4♦]) (chips: 1831)
2026-02-04 17:44:35,211 - engine.poker_game - INFO - conservative_bot has PlayerHand(cards=[5♦, 2♠]) (chips: 39)
2026-02-04 17:44:35,211 - engine.poker_game - INFO - 
--- PRE-FLOP BETTING ---
2026-02-04 17:44:35,211 - engine.poker_game - INFO -   conservative_bot folds
2026-02-04 17:44:35,212 - engine.poker_game - INFO - Community Cards: []
2026-02-04 17:44:35,212 - engine.poker_game - INFO - Pot: 30
2026-02-04 17:44:35,212 - engine.poker_game - INFO - --------------------
2026-02-04 17:44:35,215 - tournament_runner - INFO - Hand #145 complete on table 1
2026-02-04 17:44:35,216 - tournament_runner - INFO - Starting hand #146 on table 1
2026-02-04 17:44:35,216 - engine.poker_game - INFO - aggressive_bot posts small blind: 10
2026-02-04 17:44:35,216 - engine.poker_game - INFO - conservative_bot posts big blind: 20
2026-02-04 17:44:35,217 - engine.poker_game - INFO - 
==============================
--- NEW HAND ---
2026-02-04 17:44:35,217 - engine.poker_game - INFO - Dealer: aggressive_bot
2026-02-04 17:44:35,217 - engine.poker_game - INFO - aggressive_bot has PlayerHand(cards=[4♥, 10♠]) (chips: 1821)
2026-02-04 17:44:35,217 - engine.poker_game - INFO - conservative_bot has PlayerHand(cards=[7♣, 5♣]) (chips: 19)
2026-02-04 17:44:35,217 - engine.poker_game - INFO - 
--- PRE-FLOP BETTING ---
2026-02-04 17:44:35,218 - engine.poker_game - INFO -   aggressive_bot raises to 80
2026-02-04 17:44:35,218 - engine.poker_game - INFO -   conservative_bot folds
2026-02-04 17:44:35,218 - engine.poker_game - INFO - Community Cards: []
2026-02-04 17:44:35,219 - engine.poker_game - INFO - Pot: 100
2026-02-04 17:44:35,219 - engine.poker_game - INFO - --------------------
2026-02-04 17:44:35,219 - engine.poker_game - INFO - aggressive_bot wins 70 from side/main pot
2026-02-04 17:44:35,220 - engine.poker_game - WARNING - Pot logic residual: 30
2026-02-04 17:44:35,220 - tournament_runner - INFO - Hand #146 complete on table 1
2026-02-04 17:44:35,220 - tournament_runner - INFO - Starting hand #147 on table 1
2026-02-04 17:44:35,221 - engine.poker_game - INFO - conservative_bot posts small blind: 10
2026-02-04 17:44:35,221 - engine.poker_game - INFO - aggressive_bot posts big blind: 20
2026-02-04 17:44:35,221 - engine.poker_game - INFO - 
==============================
--- NEW HAND ---
2026-02-04 17:44:35,221 - engine.poker_game - INFO - Dealer: conservative_bot
2026-02-04 17:44:35,222 - engine.poker_game - INFO - aggressive_bot has PlayerHand(cards=[3♠, 4♦]) (chips: 1831)
2026-02-04 17:44:35,222 - engine.poker_game - INFO - conservative_bot has PlayerHand(cards=[A♣, J♣]) (chips: 9)
2026-02-04 17:44:35,222 - engine.poker_game - INFO - 
--- PRE-FLOP BETTING ---
2026-02-04 17:44:35,222 - engine.poker_game - INFO -   conservative_bot folds
2026-02-04 17:44:35,223 - engine.poker_game - INFO - Community Cards: []
2026-02-04 17:44:35,223 - engine.poker_game - INFO - Pot: 30
2026-02-04 17:44:35,223 - engine.poker_game - INFO - --------------------
2026-02-04 17:44:35,224 - tournament_runner - INFO - Hand #147 complete on table 1
2026-02-04 17:44:35,224 - tournament_runner - INFO - Starting hand #148 on table 1
2026-02-04 17:44:35,224 - engine.poker_game - INFO - aggressive_bot posts small blind: 10
2026-02-04 17:44:35,225 - engine.poker_game - INFO - conservative_bot posts big blind: 9
2026-02-04 17:44:35,225 - engine.poker_game - INFO - 
==============================
--- NEW HAND ---
2026-02-04 17:44:35,226 - engine.poker_game - INFO - Dealer: aggressive_bot
2026-02-04 17:44:35,226 - engine.poker_game - INFO - aggressive_bot has PlayerHand(cards=[3♣, 9♦]) (chips: 1821)
2026-02-04 17:44:35,226 - engine.poker_game - INFO - conservative_bot has PlayerHand(cards=[10♠, 5♥]) (chips: 0)
2026-02-04 17:44:35,226 - engine.poker_game - INFO - 
--- PRE-FLOP BETTING ---
2026-02-04 17:44:35,227 - engine.poker_game - INFO -   aggressive_bot raises to 60
2026-02-04 17:44:35,227 - engine.poker_game - INFO - Community Cards: []
2026-02-04 17:44:35,228 - engine.poker_game - INFO - Pot: 69
2026-02-04 17:44:35,228 - engine.poker_game - INFO - --------------------
2026-02-04 17:44:35,228 - engine.poker_game - INFO - FLOP: [4♣, 2♠, 10♥]
2026-02-04 17:44:35,229 - engine.poker_game - INFO - 
--- FLOP BETTING ---
2026-02-04 17:44:35,229 - engine.poker_game - INFO -   aggressive_bot checks
2026-02-04 17:44:35,229 - engine.poker_game - INFO - Community Cards: [4♣, 2♠, 10♥]
2026-02-04 17:44:35,230 - engine.poker_game - INFO - Pot: 69
2026-02-04 17:44:35,230 - engine.poker_game - INFO - --------------------
2026-02-04 17:44:35,230 - engine.poker_game - INFO - TURN: K♠
2026-02-04 17:44:35,230 - engine.poker_game - INFO - 
--- TURN BETTING ---
2026-02-04 17:44:35,231 - engine.poker_game - INFO -   aggressive_bot checks
2026-02-04 17:44:35,232 - engine.poker_game - INFO - Community Cards: [4♣, 2♠, 10♥, K♠]
2026-02-04 17:44:35,233 - engine.poker_game - INFO - Pot: 69
2026-02-04 17:44:35,233 - engine.poker_game - INFO - --------------------
2026-02-04 17:44:35,234 - engine.poker_game - INFO - RIVER: K♦
2026-02-04 17:44:35,234 - engine.poker_game - INFO - 
--- RIVER BETTING ---
2026-02-04 17:44:35,235 - engine.poker_game - INFO -   aggressive_bot raises to 69
2026-02-04 17:44:35,236 - engine.poker_game - INFO - Community Cards: [4♣, 2♠, 10♥, K♠, K♦]
2026-02-04 17:44:35,236 - engine.poker_game - INFO - Pot: 138
2026-02-04 17:44:35,236 - engine.poker_game - INFO - --------------------
2026-02-04 17:44:35,236 - engine.poker_game - INFO - 
--- SHOWDOWN ---
2026-02-04 17:44:35,237 - engine.poker_game - INFO -   aggressive_bot: Hand: [3♣, 9♦] -> pair [9♦, 4♣, 10♥, K♠, K♦]
2026-02-04 17:44:35,237 - engine.poker_game - INFO -   conservative_bot: Hand: [10♠, 5♥] -> two_pair [10♠, 5♥, 10♥, K♠, K♦]
2026-02-04 17:44:35,238 - engine.poker_game - INFO - WINNERS: conservative_bot
2026-02-04 17:44:35,239 - engine.poker_game - INFO - aggressive_bot wins 119 from side/main pot
2026-02-04 17:44:35,239 - engine.poker_game - WARNING - Pot logic residual: 19
2026-02-04 17:44:35,239 - tournament_runner - INFO - Hand #148 complete on table 1
2026-02-04 17:44:35,240 - tournament_runner - INFO - Starting hand #149 on table 1
2026-02-04 17:44:35,240 - engine.poker_game - INFO - conservative_bot posts small blind: 10
2026-02-04 17:44:35,240 - engine.poker_game - INFO - aggressive_bot posts big blind: 20
2026-02-04 17:44:35,241 - engine.poker_game - INFO - 
==============================
--- NEW HAND ---
2026-02-04 17:44:35,241 - engine.poker_game - INFO - Dealer: conservative_bot
2026-02-04 17:44:35,241 - engine.poker_game - INFO - aggressive_bot has PlayerHand(cards=[2♠, Q♣]) (chips: 1801)
2026-02-04 17:44:35,242 - engine.poker_game - INFO - conservative_bot has PlayerHand(cards=[6♣, 8♣]) (chips: 9)
2026-02-04 17:44:35,242 - engine.poker_game - INFO - 
--- PRE-FLOP BETTING ---
2026-02-04 17:44:35,242 - engine.poker_game - INFO -   conservative_bot folds
2026-02-04 17:44:35,243 - engine.poker_game - INFO - Community Cards: []
2026-02-04 17:44:35,243 - engine.poker_game - INFO - Pot: 30
2026-02-04 17:44:35,243 - engine.poker_game - INFO - --------------------
2026-02-04 17:44:35,244 - tournament_runner - INFO - Hand #149 complete on table 1
2026-02-04 17:44:35,244 - tournament_runner - INFO - Starting hand #150 on table 1
2026-02-04 17:44:35,244 - engine.poker_game - INFO - aggressive_bot posts small blind: 10
2026-02-04 17:44:35,245 - engine.poker_game - INFO - conservative_bot posts big blind: 9
2026-02-04 17:44:35,245 - engine.poker_game - INFO - 
==============================
--- NEW HAND ---
2026-02-04 17:44:35,245 - engine.poker_game - INFO - Dealer: aggressive_bot
2026-02-04 17:44:35,246 - engine.poker_game - INFO - aggressive_bot has PlayerHand(cards=[5♥, 5♣]) (chips: 1791)
2026-02-04 17:44:35,246 - engine.poker_game - INFO - conservative_bot has PlayerHand(cards=[6♠, 2♣]) (chips: 0)
2026-02-04 17:44:35,246 - engine.poker_game - INFO - 
--- PRE-FLOP BETTING ---
2026-02-04 17:44:35,247 - engine.poker_game - INFO -   aggressive_bot calls 10
2026-02-04 17:44:35,247 - engine.poker_game - INFO - Community Cards: []
2026-02-04 17:44:35,247 - engine.poker_game - INFO - Pot: 29
2026-02-04 17:44:35,247 - engine.poker_game - INFO - --------------------
2026-02-04 17:44:35,248 - engine.poker_game - INFO - FLOP: [7♦, Q♥, 5♠]
2026-02-04 17:44:35,248 - engine.poker_game - INFO - 
--- FLOP BETTING ---
2026-02-04 17:44:35,248 - engine.poker_game - INFO -   aggressive_bot raises to 29
2026-02-04 17:44:35,249 - engine.poker_game - INFO - Community Cards: [7♦, Q♥, 5♠]
2026-02-04 17:44:35,249 - engine.poker_game - INFO - Pot: 58
2026-02-04 17:44:35,249 - engine.poker_game - INFO - --------------------
2026-02-04 17:44:35,249 - engine.poker_game - INFO - TURN: 4♠
2026-02-04 17:44:35,250 - engine.poker_game - INFO - 
--- TURN BETTING ---
2026-02-04 17:44:35,251 - engine.poker_game - INFO -   aggressive_bot raises to 58
2026-02-04 17:44:35,251 - engine.poker_game - INFO - Community Cards: [7♦, Q♥, 5♠, 4♠]
2026-02-04 17:44:35,251 - engine.poker_game - INFO - Pot: 116
2026-02-04 17:44:35,251 - engine.poker_game - INFO - --------------------
2026-02-04 17:44:35,252 - engine.poker_game - INFO - RIVER: 5♦
2026-02-04 17:44:35,252 - engine.poker_game - INFO - 
--- RIVER BETTING ---
2026-02-04 17:44:35,253 - engine.poker_game - INFO -   aggressive_bot raises to 116
2026-02-04 17:44:35,253 - engine.poker_game - INFO - Community Cards: [7♦, Q♥, 5♠, 4♠, 5♦]
2026-02-04 17:44:35,254 - engine.poker_game - INFO - Pot: 232
2026-02-04 17:44:35,254 - engine.poker_game - INFO - --------------------
2026-02-04 17:44:35,254 - engine.poker_game - INFO - 
--- SHOWDOWN ---
2026-02-04 17:44:35,255 - engine.poker_game - INFO -   aggressive_bot: Hand: [5♥, 5♣] -> four_of_a_kind [5♥, 5♣, Q♥, 5♠, 5♦]
2026-02-04 17:44:35,256 - engine.poker_game - INFO -   conservative_bot: Hand: [6♠, 2♣] -> pair [6♠, 7♦, Q♥, 5♠, 5♦]
2026-02-04 17:44:35,257 - engine.poker_game - INFO - WINNERS: aggressive_bot
2026-02-04 17:44:35,257 - engine.poker_game - INFO - aggressive_bot wins 213 from side/main pot
2026-02-04 17:44:35,258 - engine.poker_game - WARNING - Pot logic residual: 19
2026-02-04 17:44:35,258 - tournament.table_1 - INFO - Player conservative_bot eliminated from table 1 on hand 149
2026-02-04 17:44:35,258 - tournament - INFO - Player conservative_bot eliminated in position 2
2026-02-04 17:44:35,259 - tournament - INFO - Tournament complete! Winner: aggressive_bot
2026-02-04 17:44:35,259 - tournament_runner - INFO - Hand #150 complete on table 1
2026-02-04 17:44:35,260 - tournament_runner - INFO - Tournament results saved to logs/results_20260204_174435.json
